year,state,state_po,state_fips,state_cen,state_ic,office,district,stage,special,candidate,party_detailed,writein,mode,candidatevotes,totalvotes,unofficial,version,party_simplified
1976,ARIZONA,AZ,4,86.0,61,US SENATE,statewide,gen,False,ALLAN NORWITZ,LIBERTARIAN,False,total,7310.0,741210.0,False,20210114,LIBERTARIAN
1976,ARIZONA,AZ,4,86.0,61,US SENATE,statewide,gen,False,BOB FIELD,INDEPENDENT,False,total,10765.0,741210.0,False,20210114,OTHER
1976,ARIZONA,AZ,4,86.0,61,US SENATE,statewide,gen,False,DENNIS DECONCINI,DEMOCRAT,False,total,400334.0,741210.0,False,20210114,DEMOCRAT
1976,ARIZONA,AZ,4,86.0,61,US SENATE,statewide,gen,False,SAM STEIGER,REPUBLICAN,False,total,321236.0,741210.0,False,20210114,REPUBLICAN
1976,ARIZONA,AZ,4,86.0,61,US SENATE,statewide,gen,False,WM. MATHEWS FEIGHAN,INDEPENDENT,False,total,1565.0,741210.0,False,20210114,OTHER
1976,CALIFORNIA,CA,6,93.0,71,US SENATE,statewide,gen,False,DAVID WALD,PEACE AND FREEDOM,False,total,104383.0,7470586.0,False,20210114,OTHER
1976,CALIFORNIA,CA,6,93.0,71,US SENATE,statewide,gen,False,JACK MCCOY,AMERICAN INDEPENDENT,False,total,82739.0,7470586.0,False,20210114,OTHER
1976,CALIFORNIA,CA,6,93.0,71,US SENATE,statewide,gen,False,JOHN V. TUNNEY,DEMOCRAT,False,total,3502862.0,7470586.0,False,20210114,DEMOCRAT
1976,CALIFORNIA,CA,6,93.0,71,US SENATE,statewide,gen,False,OMARI MUSA,INDEPENDENT,False,total,31629.0,7470586.0,False,20210114,OTHER
1976,CALIFORNIA,CA,6,93.0,71,US SENATE,statewide,gen,False,S. I. (SAM) HAYAKAWA,REPUBLICAN,False,total,3748973.0,7470586.0,False,20210114,REPUBLICAN
1976,CONNECTICUT,CT,9,16.0,1,US SENATE,statewide,gen,False,GLORIA SCHAFFER,DEMOCRAT,False,total,561018.0,1361666.0,False,20210114,DEMOCRAT
1976,CONNECTICUT,CT,9,16.0,1,US SENATE,statewide,gen,False,"LOWELL P. WEICKER, JR.",REPUBLICAN,False,total,785683.0,1361666.0,False,20210114,REPUBLICAN
1976,CONNECTICUT,CT,9,16.0,1,US SENATE,statewide,gen,False,ROBERT BARNABEI,AMERICAN INDEPENDENT,False,total,14407.0,1361666.0,False,20210114,OTHER
1976,CONNECTICUT,CT,9,16.0,1,US SENATE,statewide,gen,False,SCATTER,,False,total,558.0,1361666.0,False,20210114,OTHER
1976,DELAWARE,DE,10,51.0,11,US SENATE,statewide,gen,False,DONALD G. GIES,AMERICAN,False,total,646.0,224795.0,False,20210114,OTHER
1976,DELAWARE,DE,10,51.0,11,US SENATE,statewide,gen,False,JOHN A. MASSIMILLA,PROHIBITION,False,total,216.0,224795.0,False,20210114,OTHER
1976,DELAWARE,DE,10,51.0,11,US SENATE,statewide,gen,False,JOSEPH F. MCINERNEY,NONE,False,total,437.0,224795.0,False,20210114,OTHER
1976,DELAWARE,DE,10,51.0,11,US SENATE,statewide,gen,False,THOMAS C. MALONEY,DEMOCRAT,False,total,98042.0,224795.0,False,20210114,DEMOCRAT
1976,DELAWARE,DE,10,51.0,11,US SENATE,statewide,gen,False,"WILLIAM V. ROTH, JR.",REPUBLICAN,False,total,125454.0,224795.0,False,20210114,REPUBLICAN
1976,FLORIDA,FL,12,59.0,43,US SENATE,statewide,gen,False,JOHN GRADY,REPUBLICAN,False,total,1057886.0,2857534.0,False,20210114,REPUBLICAN
1976,FLORIDA,FL,12,59.0,43,US SENATE,statewide,gen,False,LAWTON CHILES,DEMOCRAT,False,total,1799518.0,2857534.0,False,20210114,DEMOCRAT
1976,FLORIDA,FL,12,59.0,43,US SENATE,statewide,gen,False,SCATTER,,False,total,130.0,2857534.0,False,20210114,OTHER
1976,HAWAII,HI,15,95.0,82,US SENATE,statewide,gen,False,ANTHONY N. HODGES,PROHIBITION,False,total,14226.0,302092.0,False,20210114,OTHER
1976,HAWAII,HI,15,95.0,82,US SENATE,statewide,gen,False,JAMES D. KIMMEL,INDEPENDENT,False,total,1433.0,302092.0,False,20210114,OTHER
1976,HAWAII,HI,15,95.0,82,US SENATE,statewide,gen,False,ROCKNE JOHNSON,LIBERTARIAN,False,total,1404.0,302092.0,False,20210114,LIBERTARIAN
1976,HAWAII,HI,15,95.0,82,US SENATE,statewide,gen,False,SPARK M. MATSUNAGA,DEMOCRAT,False,total,162305.0,302092.0,False,20210114,DEMOCRAT
1976,HAWAII,HI,15,95.0,82,US SENATE,statewide,gen,False,WILLIAM QUINN,REPUBLICAN,False,total,122724.0,302092.0,False,20210114,REPUBLICAN
1976,INDIANA,IN,18,32.0,22,US SENATE,statewide,gen,False,DAVID LEE HOAGLAND,U.S. LABOR,False,total,2511.0,2161187.0,False,20210114,OTHER
1976,INDIANA,IN,18,32.0,22,US SENATE,statewide,gen,False,DON L. LEE,INDEPENDENT,False,total,14321.0,2161187.0,False,20210114,OTHER
1976,INDIANA,IN,18,32.0,22,US SENATE,statewide,gen,False,RICHARD G. LUGAR,REPUBLICAN,False,total,1275833.0,2161187.0,False,20210114,REPUBLICAN
1976,INDIANA,IN,18,32.0,22,US SENATE,statewide,gen,False,VANCE HARTKE,DEMOCRAT,False,total,868522.0,2161187.0,False,20210114,DEMOCRAT
1976,MAINE,ME,23,11.0,2,US SENATE,statewide,gen,False,EDMUND S. MUSKIE,DEMOCRAT,False,total,292704.0,486193.0,False,20210114,DEMOCRAT
1976,MAINE,ME,23,11.0,2,US SENATE,statewide,gen,False,ROBERT A. G. MONKS,REPUBLICAN,False,total,193489.0,486193.0,False,20210114,REPUBLICAN
1976,MARYLAND,MD,24,52.0,52,US SENATE,statewide,gen,False,BRUCE BRADLEY,INDEPENDENT,False,total,62750.0,1365290.0,False,20210114,OTHER
1976,MARYLAND,MD,24,52.0,52,US SENATE,statewide,gen,False,"J. GLENN BEALL, JR.",REPUBLICAN,False,total,530439.0,1365290.0,False,20210114,REPUBLICAN
1976,MARYLAND,MD,24,52.0,52,US SENATE,statewide,gen,False,PAUL S. SARBANES,DEMOCRAT,False,total,772101.0,1365290.0,False,20210114,DEMOCRAT
1976,MASSACHUSETTS,MA,25,14.0,3,US SENATE,statewide,gen,False,CAROL HENDERSON EVANS,SOCIALIST WORKERS,False,total,26283.0,2491255.0,False,20210114,OTHER
1976,MASSACHUSETTS,MA,25,14.0,3,US SENATE,statewide,gen,False,EDWARD M. KENNEDY,DEMOCRAT,False,total,1726657.0,2491255.0,False,20210114,DEMOCRAT
1976,MASSACHUSETTS,MA,25,14.0,3,US SENATE,statewide,gen,False,H. GRAHAM LOWRY,U.S. LABOR,False,total,15517.0,2491255.0,False,20210114,OTHER
1976,MASSACHUSETTS,MA,25,14.0,3,US SENATE,statewide,gen,False,MICHAEL S. ROBERTSON,REPUBLICAN,False,total,722641.0,2491255.0,False,20210114,REPUBLICAN
1976,MASSACHUSETTS,MA,25,14.0,3,US SENATE,statewide,gen,False,SCATTER,,False,total,157.0,2491255.0,False,20210114,OTHER
1976,MICHIGAN,MI,26,34.0,23,US SENATE,statewide,gen,False,BETTE JANE ERWIN,LIBERTARIAN,False,total,8842.0,3490412.0,False,20210114,LIBERTARIAN
1976,MICHIGAN,MI,26,34.0,23,US SENATE,statewide,gen,False,"DONALD W. RIEGLE, JR.",DEMOCRAT,False,total,1831031.0,3490412.0,False,20210114,DEMOCRAT
1976,MICHIGAN,MI,26,34.0,23,US SENATE,statewide,gen,False,FRANK GIRARD,SOCIALIST LABOR,False,total,2554.0,3490412.0,False,20210114,OTHER
1976,MICHIGAN,MI,26,34.0,23,US SENATE,statewide,gen,False,MARVIN L. ESCH,REPUBLICAN,False,total,1635087.0,3490412.0,False,20210114,REPUBLICAN
1976,MICHIGAN,MI,26,34.0,23,US SENATE,statewide,gen,False,PAULA L. REIMERS,SOCIALIST WORKERS,False,total,3399.0,3490412.0,False,20210114,OTHER
1976,MICHIGAN,MI,26,34.0,23,US SENATE,statewide,gen,False,PETER A. SIGNORELLI,U.S. LABOR,False,total,2218.0,3490412.0,False,20210114,OTHER
1976,MICHIGAN,MI,26,34.0,23,US SENATE,statewide,gen,False,THEODORE G. ALBERT,HUMAN RIGHTS,False,total,7281.0,3490412.0,False,20210114,OTHER
1976,MINNESOTA,MN,27,41.0,33,US SENATE,statewide,gen,False,BILL PETERSON,SOCIALIST WORKERS,False,total,9380.0,1912020.0,False,20210114,OTHER
1976,MINNESOTA,MN,27,41.0,33,US SENATE,statewide,gen,False,HUBERT H. HUMPHREY,DEMOCRAT,False,total,1290736.0,1912020.0,False,20210114,DEMOCRAT
1976,MINNESOTA,MN,27,41.0,33,US SENATE,statewide,gen,False,JERRY BREKKE,REPUBLICAN,False,total,478602.0,1912020.0,False,20210114,REPUBLICAN
1976,MINNESOTA,MN,27,41.0,33,US SENATE,statewide,gen,False,MATT SAVOLA,COMMUNIST,False,total,2214.0,1912020.0,False,20210114,OTHER
1976,MINNESOTA,MN,27,41.0,33,US SENATE,statewide,gen,False,PAUL HELM,AMERICAN,False,total,125612.0,1912020.0,False,20210114,OTHER
1976,MINNESOTA,MN,27,41.0,33,US SENATE,statewide,gen,False,ROBIN E. MILLER,LIBERTARIAN,False,total,5476.0,1912020.0,False,20210114,LIBERTARIAN
1976,MISSISSIPPI,MS,28,64.0,46,US SENATE,statewide,gen,False,JOHN C. STENNIS,DEMOCRAT,False,total,554433.0,554433.0,False,20210114,DEMOCRAT
1976,MISSOURI,MO,29,43.0,34,US SENATE,statewide,gen,False,JOHN C. DANFORTH,REPUBLICAN,False,total,1090067.0,1914460.0,False,20210114,REPUBLICAN
1976,MISSOURI,MO,29,43.0,34,US SENATE,statewide,gen,False,LAWRENE (RED) PETTY,INDEPENDENT,False,total,10822.0,1914460.0,False,20210114,OTHER
1976,MISSOURI,MO,29,43.0,34,US SENATE,statewide,gen,False,WARREN E. HEARNES,DEMOCRAT,False,total,813571.0,1914460.0,False,20210114,DEMOCRAT
1976,MONTANA,MT,30,81.0,64,US SENATE,statewide,gen,False,JOHN MELCHER,DEMOCRAT,False,total,206232.0,321445.0,False,20210114,DEMOCRAT
1976,MONTANA,MT,30,81.0,64,US SENATE,statewide,gen,False,STANLEY C. BURGER,REPUBLICAN,False,total,115213.0,321445.0,False,20210114,REPUBLICAN
1976,NEBRASKA,NE,31,46.0,35,US SENATE,statewide,gen,False,EDWARD ZORINSKY,DEMOCRAT,False,total,313805.0,593310.0,False,20210114,DEMOCRAT
1976,NEBRASKA,NE,31,46.0,35,US SENATE,statewide,gen,False,JOHN Y. MCCOLLISTER,REPUBLICAN,False,total,279284.0,593310.0,False,20210114,REPUBLICAN
1976,NEBRASKA,NE,31,46.0,35,US SENATE,statewide,gen,False,SCATTER,,False,total,163.0,593310.0,False,20210114,OTHER
1976,NEBRASKA,NE,31,46.0,35,US SENATE,statewide,gen,False,,,True,total,58.0,593310.0,False,20210114,OTHER
1976,NEVADA,NV,32,88.0,65,US SENATE,statewide,gen,False,BYRON D. YOUNG,INDEPENDENT AMERICAN,False,total,3619.0,201899.0,False,20210114,OTHER
1976,NEVADA,NV,32,88.0,65,US SENATE,statewide,gen,False,DAN BECAN,LIBERTARIAN,False,total,2307.0,201899.0,False,20210114,LIBERTARIAN
1976,NEVADA,NV,32,88.0,65,US SENATE,statewide,gen,False,DAVID TOWELL,REPUBLICAN,False,total,63471.0,201899.0,False,20210114,REPUBLICAN
1976,NEVADA,NV,32,88.0,65,US SENATE,statewide,gen,False,HOWARD W. CANNON,DEMOCRAT,False,total,127214.0,201899.0,False,20210114,DEMOCRAT
1976,NEVADA,NV,32,88.0,65,US SENATE,statewide,gen,False,OTHER,,False,total,5288.0,201899.0,False,20210114,OTHER
1976,NEW JERSEY,NJ,34,22.0,12,US SENATE,statewide,gen,False,BERNARDO S. DOGANIERO,SOCIALIST LABOR,False,total,9185.0,2771390.0,False,20210114,OTHER
1976,NEW JERSEY,NJ,34,22.0,12,US SENATE,statewide,gen,False,DAVID F. NORCROSS,REPUBLICAN,False,total,1054508.0,2771390.0,False,20210114,REPUBLICAN
1976,NEW JERSEY,NJ,34,22.0,12,US SENATE,statewide,gen,False,HANNIBAL CUNDARI,LIBERTARIAN,False,total,19907.0,2771390.0,False,20210114,LIBERTARIAN
1976,NEW JERSEY,NJ,34,22.0,12,US SENATE,statewide,gen,False,"HARRISON A. WILLIAMS, JR.",DEMOCRAT,False,total,1681140.0,2771390.0,False,20210114,DEMOCRAT
1976,NEW JERSEY,NJ,34,22.0,12,US SENATE,statewide,gen,False,LEIF JOHNSON,LABOR,False,total,6650.0,2771390.0,False,20210114,OTHER
1976,NEW MEXICO,NM,35,85.0,66,US SENATE,statewide,gen,False,ERNESTO B. BORUNDA,LA RAZA UNIDA,False,total,1087.0,413056.0,False,20210114,OTHER
1976,NEW MEXICO,NM,35,85.0,66,US SENATE,statewide,gen,False,"HARRISON ""JACK"" SCHMITT",REPUBLICAN,False,total,234681.0,413056.0,False,20210114,REPUBLICAN
1976,NEW MEXICO,NM,35,85.0,66,US SENATE,statewide,gen,False,JOSEPH M. MONTOYA,DEMOCRAT,False,total,176382.0,413056.0,False,20210114,DEMOCRAT
1976,NEW MEXICO,NM,35,85.0,66,US SENATE,statewide,gen,False,"MALCOLM ""MATT"" DILLON",AMERICAN,False,total,906.0,413056.0,False,20210114,OTHER
1976,NEW YORK,NY,36,21.0,13,US SENATE,statewide,gen,False,DANIEL PATRICK MOYNIHAN,LIBERAL,False,total,184083.0,6666875.0,False,20210114,OTHER
1976,NEW YORK,NY,36,21.0,13,US SENATE,statewide,gen,False,DANIEL PATRICK MOYNIHAN,DEMOCRAT,False,total,3238511.0,6666875.0,False,20210114,DEMOCRAT
1976,NEW YORK,NY,36,21.0,13,US SENATE,statewide,gen,False,ELIJAH C. BOYD,LABOR,False,total,6716.0,6666875.0,False,20210114,OTHER
1976,NEW YORK,NY,36,21.0,13,US SENATE,statewide,gen,False,HERBERT APTHEKER,COMMUNIST,False,total,25141.0,6666875.0,False,20210114,OTHER
1976,NEW YORK,NY,36,21.0,13,US SENATE,statewide,gen,False,JAMES L. BUCKLEY,CONSERVATIVE,False,total,311494.0,6666875.0,False,20210114,OTHER
1976,NEW YORK,NY,36,21.0,13,US SENATE,statewide,gen,False,JAMES L. BUCKLEY,REPUBLICAN,False,total,2525139.0,6666875.0,False,20210114,REPUBLICAN
1976,NEW YORK,NY,36,21.0,13,US SENATE,statewide,gen,False,MARCIA GALLO,SOCIALIST WORKERS,False,total,16350.0,6666875.0,False,20210114,OTHER
1976,NEW YORK,NY,36,21.0,13,US SENATE,statewide,gen,False,MARTIN E. NIXON,LIBERTARIAN,False,total,10943.0,6666875.0,False,20210114,LIBERTARIAN
1976,NEW YORK,NY,36,21.0,13,US SENATE,statewide,gen,False,OTHER,,False,total,348498.0,6666875.0,False,20210114,OTHER
1976,NORTH DAKOTA,ND,38,44.0,36,US SENATE,statewide,gen,False,CLARENCE HAGGARD,AMERICAN,False,total,3824.0,283062.0,False,20210114,OTHER
1976,NORTH DAKOTA,ND,38,44.0,36,US SENATE,statewide,gen,False,QUENTIN N. BURDICK,DEMOCRAT,False,total,175772.0,283062.0,False,20210114,DEMOCRAT
1976,NORTH DAKOTA,ND,38,44.0,36,US SENATE,statewide,gen,False,ROBERT STROUP,REPUBLICAN,False,total,103466.0,283062.0,False,20210114,REPUBLICAN
1976,OHIO,OH,39,31.0,24,US SENATE,statewide,gen,False,DONALD E. BABCOCK,AMERICAN,False,total,36979.0,3920613.0,False,20210114,OTHER
1976,OHIO,OH,39,31.0,24,US SENATE,statewide,gen,False,EMMA LILA FUNDABURK,INDEPENDENT,False,total,33285.0,3920613.0,False,20210114,OTHER
1976,OHIO,OH,39,31.0,24,US SENATE,statewide,gen,False,HOWARD M. METZENBAUM,DEMOCRAT,False,total,1941113.0,3920613.0,False,20210114,DEMOCRAT
1976,OHIO,OH,39,31.0,24,US SENATE,statewide,gen,False,JOHN O'NEILL,INDEPENDENT,False,total,53657.0,3920613.0,False,20210114,OTHER
1976,OHIO,OH,39,31.0,24,US SENATE,statewide,gen,False,MELISA SINGLER,SOCIALIST WORKERS,False,total,31805.0,3920613.0,False,20210114,OTHER
1976,OHIO,OH,39,31.0,24,US SENATE,statewide,gen,False,"ROBERT TAFT, JR.",REPUBLICAN,False,total,1823774.0,3920613.0,False,20210114,REPUBLICAN
1976,PENNSYLVANIA,PA,42,23.0,14,US SENATE,statewide,gen,False,ANDREW J. WATSON,CONSTITUTION,False,total,26028.0,4546353.0,False,20210114,OTHER
1976,PENNSYLVANIA,PA,42,23.0,14,US SENATE,statewide,gen,False,BERNARD SALERA,LABOR,False,total,3637.0,4546353.0,False,20210114,OTHER
1976,PENNSYLVANIA,PA,42,23.0,14,US SENATE,statewide,gen,False,FRANK KINCES,COMMUNIST,False,total,2097.0,4546353.0,False,20210114,OTHER
1976,PENNSYLVANIA,PA,42,23.0,14,US SENATE,statewide,gen,False,FREDERICK W. STANTON,SOCIALIST WORKERS,False,total,5484.0,4546353.0,False,20210114,OTHER
1976,PENNSYLVANIA,PA,42,23.0,14,US SENATE,statewide,gen,False,H. JOHN HEINZ III,REPUBLICAN,False,total,2381891.0,4546353.0,False,20210114,REPUBLICAN
1976,PENNSYLVANIA,PA,42,23.0,14,US SENATE,statewide,gen,False,OTHER,,False,total,239.0,4546353.0,False,20210114,OTHER
1976,PENNSYLVANIA,PA,42,23.0,14,US SENATE,statewide,gen,False,WILLIAM J. GREEN,DEMOCRAT,False,total,2126977.0,4546353.0,False,20210114,DEMOCRAT
1976,RHODE ISLAND,RI,44,15.0,5,US SENATE,statewide,gen,False,JOHN H. CHAFEE,REPUBLICAN,False,total,230329.0,398906.0,False,20210114,REPUBLICAN
1976,RHODE ISLAND,RI,44,15.0,5,US SENATE,statewide,gen,False,MARGARET R. CANN,COMMUNIST,False,total,912.0,398906.0,False,20210114,OTHER
1976,RHODE ISLAND,RI,44,15.0,5,US SENATE,statewide,gen,False,RICHARD P. LORBER,DEMOCRAT,False,total,167665.0,398906.0,False,20210114,DEMOCRAT
1976,TENNESSEE,TN,47,62.0,54,US SENATE,statewide,gen,False,ARNOLD JOSEPH ZANDIE,INDEPENDENT,False,total,1061.0,1432046.0,False,20210114,OTHER
1976,TENNESSEE,TN,47,62.0,54,US SENATE,statewide,gen,False,BILL BROCK,REPUBLICAN,False,total,673231.0,1432046.0,False,20210114,REPUBLICAN
1976,TENNESSEE,TN,47,62.0,54,US SENATE,statewide,gen,False,JAMES R. SASSER,DEMOCRAT,False,total,751180.0,1432046.0,False,20210114,DEMOCRAT
1976,TENNESSEE,TN,47,62.0,54,US SENATE,statewide,gen,False,MARK CLARK BATES,INDEPENDENT,False,total,5137.0,1432046.0,False,20210114,OTHER
1976,TENNESSEE,TN,47,62.0,54,US SENATE,statewide,gen,False,WILLIE C. JACOX,INDEPENDENT,False,total,1406.0,1432046.0,False,20210114,OTHER
1976,TENNESSEE,TN,47,62.0,54,US SENATE,statewide,gen,False,,,True,total,31.0,1432046.0,False,20210114,OTHER
1976,TEXAS,TX,48,74.0,49,US SENATE,statewide,gen,False,ALAN STEELMAN,REPUBLICAN,False,total,1636370.0,3874230.0,False,20210114,REPUBLICAN
1976,TEXAS,TX,48,74.0,49,US SENATE,statewide,gen,False,LLOYD BENTSEN,DEMOCRAT,False,total,2199956.0,3874230.0,False,20210114,DEMOCRAT
1976,TEXAS,TX,48,74.0,49,US SENATE,statewide,gen,False,MARJORIE P. GALLION,AMERICAN,False,total,17355.0,3874230.0,False,20210114,OTHER
1976,TEXAS,TX,48,74.0,49,US SENATE,statewide,gen,False,PEDRO VASQUEZ,SOCIALIST WORKERS,False,total,20549.0,3874230.0,False,20210114,OTHER
1976,UTAH,UT,49,87.0,67,US SENATE,statewide,gen,False,FRANK E. MOSS,DEMOCRAT,False,total,223948.0,522108.0,False,20210114,DEMOCRAT
1976,UTAH,UT,49,87.0,67,US SENATE,statewide,gen,False,GEORGE MERL BATCHELOR,AMERICAN,False,total,4913.0,522108.0,False,20210114,OTHER
1976,UTAH,UT,49,87.0,67,US SENATE,statewide,gen,False,ORRIN G. HATCH,REPUBLICAN,False,total,290221.0,522108.0,False,20210114,REPUBLICAN
1976,UTAH,UT,49,87.0,67,US SENATE,statewide,gen,False,STEVE TROTTER,LIBERTARIAN,False,total,3026.0,522108.0,False,20210114,LIBERTARIAN
1976,VERMONT,VT,50,13.0,6,US SENATE,statewide,gen,False,NANCY KAUFMAN,LIBERTY UNION,False,total,8801.0,189060.0,False,20210114,OTHER
1976,VERMONT,VT,50,13.0,6,US SENATE,statewide,gen,False,ROBERT T. STAFFORD,REPUBLICAN,False,total,94481.0,189060.0,False,20210114,REPUBLICAN
1976,VERMONT,VT,50,13.0,6,US SENATE,statewide,gen,False,SCATTER,,False,total,96.0,189060.0,False,20210114,OTHER
1976,VERMONT,VT,50,13.0,6,US SENATE,statewide,gen,False,THOMAS P. SALMON,DEMOCRAT,False,total,85682.0,189060.0,False,20210114,DEMOCRAT
1976,VIRGINIA,VA,51,54.0,40,US SENATE,statewide,gen,False,E. R. (BUD) ZUMWALT,DEMOCRAT,False,total,596009.0,1557500.0,False,20210114,DEMOCRAT
1976,VIRGINIA,VA,51,54.0,40,US SENATE,statewide,gen,False,"HARRY F. BYRD, JR.",INDEPENDENT,False,total,890778.0,1557500.0,False,20210114,OTHER
1976,VIRGINIA,VA,51,54.0,40,US SENATE,statewide,gen,False,MARTIN H. PERPER,INDEPENDENT,False,total,70559.0,1557500.0,False,20210114,OTHER
1976,VIRGINIA,VA,51,54.0,40,US SENATE,statewide,gen,False,,,True,total,154.0,1557500.0,False,20210114,OTHER
1976,WASHINGTON,WA,53,91.0,73,US SENATE,statewide,gen,False,DAVE SMITH,INDEPENDENT,False,total,28182.0,1491111.0,False,20210114,OTHER
1976,WASHINGTON,WA,53,91.0,73,US SENATE,statewide,gen,False,GEORGE M. BROWN,REPUBLICAN,False,total,361546.0,1491111.0,False,20210114,REPUBLICAN
1976,WASHINGTON,WA,53,91.0,73,US SENATE,statewide,gen,False,HENRY M. JACKSON,DEMOCRAT,False,total,1071219.0,1491111.0,False,20210114,DEMOCRAT
1976,WASHINGTON,WA,53,91.0,73,US SENATE,statewide,gen,False,KARL BERMANN,SOCIALIST WORKERS,False,total,7402.0,1491111.0,False,20210114,OTHER
1976,WASHINGTON,WA,53,91.0,73,US SENATE,statewide,gen,False,RICHARD K. KENNEY,LIBERTARIAN,False,total,19373.0,1491111.0,False,20210114,LIBERTARIAN
1976,WASHINGTON,WA,53,91.0,73,US SENATE,statewide,gen,False,"WILLIAM F. WERTZ, JR.",LABOR,False,total,3389.0,1491111.0,False,20210114,OTHER
1976,WEST VIRGINIA,WV,54,55.0,56,US SENATE,statewide,gen,False,ROBERT C. BYRD,DEMOCRAT,False,total,566359.0,566359.0,False,20210114,DEMOCRAT
1976,WISCONSIN,WI,55,35.0,25,US SENATE,statewide,gen,False,MICHAEL A. MACLAURIN,U.S. LABOR,False,total,2148.0,1935183.0,False,20210114,OTHER
1976,WISCONSIN,WI,55,35.0,25,US SENATE,statewide,gen,False,ROBERT E. NORDLANDER,SOCIALIST LABOR,False,total,1731.0,1935183.0,False,20210114,OTHER
1976,WISCONSIN,WI,55,35.0,25,US SENATE,statewide,gen,False,ROBERT SCHWARZ,SOCIALIST WORKERS,False,total,4876.0,1935183.0,False,20210114,OTHER
1976,WISCONSIN,WI,55,35.0,25,US SENATE,statewide,gen,False,SCATTER,,False,total,202.0,1935183.0,False,20210114,OTHER
1976,WISCONSIN,WI,55,35.0,25,US SENATE,statewide,gen,False,STANLEY YORK,REPUBLICAN,False,total,521902.0,1935183.0,False,20210114,REPUBLICAN
1976,WISCONSIN,WI,55,35.0,25,US SENATE,statewide,gen,False,WILLIAM O. HART,DEMOCRATIC SOCIALIST,False,total,7354.0,1935183.0,False,20210114,OTHER
1976,WISCONSIN,WI,55,35.0,25,US SENATE,statewide,gen,False,WILLIAM PROXMIRE,DEMOCRAT,False,total,1396970.0,1935183.0,False,20210114,DEMOCRAT
1976,WYOMING,WY,56,83.0,68,US SENATE,statewide,gen,False,GALE MCGEE,DEMOCRAT,False,total,70558.0,155368.0,False,20210114,DEMOCRAT
1976,WYOMING,WY,56,83.0,68,US SENATE,statewide,gen,False,MALCOLM WALLOP,REPUBLICAN,False,total,84810.0,155368.0,False,20210114,REPUBLICAN
1978,ALABAMA,AL,1,63.0,41,US SENATE,statewide,gen,False,HOWELL HEFLIN,DEMOCRAT,False,total,547054.0,582005.0,False,20210114,DEMOCRAT
1978,ALABAMA,AL,1,63.0,41,US SENATE,statewide,gen,False,JEROME B. COUCH,PROHIBITION,False,total,34951.0,582005.0,False,20210114,OTHER
1978,ALABAMA,AL,1,63.0,41,US SENATE,statewide,gen,True,A. J. KILLINSWORTH,PROHIBITION,False,total,5814.0,729842.0,False,20210114,OTHER
1978,ALABAMA,AL,1,63.0,41,US SENATE,statewide,gen,True,DONALD STEWART,DEMOCRAT,False,total,401852.0,729842.0,False,20210114,DEMOCRAT
1978,ALABAMA,AL,1,63.0,41,US SENATE,statewide,gen,True,JAMES D. MARTIN,REPUBLICAN,False,total,316170.0,729842.0,False,20210114,REPUBLICAN
1978,ALABAMA,AL,1,63.0,41,US SENATE,statewide,gen,True,MICHAEL R. A. ERDEY,LIBERTARIAN,False,total,6006.0,729842.0,False,20210114,LIBERTARIAN
1978,ALASKA,AK,2,94.0,81,US SENATE,statewide,gen,False,DONALD HOBBS,DEMOCRAT,False,total,29574.0,122741.0,False,20210114,DEMOCRAT
1978,ALASKA,AK,2,94.0,81,US SENATE,statewide,gen,False,TED STEVENS,REPUBLICAN,False,total,92783.0,122741.0,False,20210114,REPUBLICAN
1978,ALASKA,AK,2,94.0,81,US SENATE,statewide,gen,False,,,True,total,384.0,122741.0,False,20210114,OTHER
1978,ARKANSAS,AR,5,71.0,42,US SENATE,statewide,gen,False,DAVID PRYOR,DEMOCRAT,False,total,395506.0,517138.0,False,20210114,DEMOCRAT
1978,ARKANSAS,AR,5,71.0,42,US SENATE,statewide,gen,False,JOHN GRAHAM BLACK,INDEPENDENT,False,total,37211.0,517138.0,False,20210114,OTHER
1978,ARKANSAS,AR,5,71.0,42,US SENATE,statewide,gen,False,TOM KELLY,REPUBLICAN,False,total,84308.0,517138.0,False,20210114,REPUBLICAN
1978,ARKANSAS,AR,5,71.0,42,US SENATE,statewide,gen,False,,,True,total,113.0,517138.0,False,20210114,OTHER
1978,COLORADO,CO,8,84.0,62,US SENATE,statewide,gen,False,FLOYD K. HASKELL,DEMOCRAT,False,total,330148.0,819256.0,False,20210114,DEMOCRAT
1978,COLORADO,CO,8,84.0,62,US SENATE,statewide,gen,False,JOHN SHUE ,NATIONAL STATESMAN,False,total,2518.0,819256.0,False,20210114,OTHER
1978,COLORADO,CO,8,84.0,62,US SENATE,statewide,gen,False,VEDDER V. DRON,UNITED STATES PARTY,False,total,5789.0,819256.0,False,20210114,OTHER
1978,COLORADO,CO,8,84.0,62,US SENATE,statewide,gen,False,WILLIAM L. ARMSTRONG,REPUBLICAN,False,total,480801.0,819256.0,False,20210114,REPUBLICAN
1978,DELAWARE,DE,10,51.0,11,US SENATE,statewide,gen,False,DONALD G. GIES,AMERICAN,False,total,1663.0,162072.0,False,20210114,OTHER
1978,DELAWARE,DE,10,51.0,11,US SENATE,statewide,gen,False,JAMES H. BAXTER JR.,REPUBLICAN,False,total,66479.0,162072.0,False,20210114,REPUBLICAN
1978,DELAWARE,DE,10,51.0,11,US SENATE,statewide,gen,False,JOSEPH R. BIDEN JR.,DEMOCRAT,False,total,93930.0,162072.0,False,20210114,DEMOCRAT
1978,GEORGIA,GA,13,58.0,44,US SENATE,statewide,gen,False,JOHN W. STOKES,REPUBLICAN,False,total,108808.0,645128.0,False,20210114,REPUBLICAN
1978,GEORGIA,GA,13,58.0,44,US SENATE,statewide,gen,False,SAM NUNN,DEMOCRAT,False,total,536320.0,645128.0,False,20210114,DEMOCRAT
1978,IDAHO,ID,16,82.0,63,US SENATE,statewide,gen,False,DWIGHT JENSEN,DEMOCRAT,False,total,89635.0,284047.0,False,20210114,DEMOCRAT
1978,IDAHO,ID,16,82.0,63,US SENATE,statewide,gen,False,JAMES A. MCCLURE,REPUBLICAN,False,total,194412.0,284047.0,False,20210114,REPUBLICAN
1978,ILLINOIS,IL,17,33.0,21,US SENATE,statewide,gen,False,ALEX SMITH,DEMOCRAT,False,total,1448187.0,3184764.0,False,20210114,DEMOCRAT
1978,ILLINOIS,IL,17,33.0,21,US SENATE,statewide,gen,False,BRUCE LEE GREEN,LIBERTARIAN,False,total,16320.0,3184764.0,False,20210114,LIBERTARIAN
1978,ILLINOIS,IL,17,33.0,21,US SENATE,statewide,gen,False,CHARLES H. PEREY,REPUBLICAN,False,total,1698711.0,3184764.0,False,20210114,REPUBLICAN
1978,ILLINOIS,IL,17,33.0,21,US SENATE,statewide,gen,False,GERALD ROSE,SOCIALIST LABOR,False,total,5465.0,3184764.0,False,20210114,OTHER
1978,ILLINOIS,IL,17,33.0,21,US SENATE,statewide,gen,False,PATRICIA GROGAN,SOCIALIST WORKERS,False,total,15922.0,3184764.0,False,20210114,OTHER
1978,ILLINOIS,IL,17,33.0,21,US SENATE,statewide,gen,False,,,True,total,159.0,3184764.0,False,20210114,OTHER
1978,IOWA,IA,19,42.0,31,US SENATE,statewide,gen,False,BEN L. OLSON,LIBERTARIAN,False,total,3689.0,824576.0,False,20210114,LIBERTARIAN
1978,IOWA,IA,19,42.0,31,US SENATE,statewide,gen,False,DICK CLARK,DEMOCRAT,False,total,395066.0,824576.0,False,20210114,DEMOCRAT
1978,IOWA,IA,19,42.0,31,US SENATE,statewide,gen,False,GERALD LEO BAKER,INDEPENDENT,False,total,4223.0,824576.0,False,20210114,OTHER
1978,IOWA,IA,19,42.0,31,US SENATE,statewide,gen,False,ROGER W. JEPSEN,REPUBLICAN,False,total,421598.0,824576.0,False,20210114,REPUBLICAN
1978,KANSAS,KS,20,47.0,32,US SENATE,statewide,gen,False,BILL ROY,DEMOCRAT,False,total,317602.0,748839.0,False,20210114,DEMOCRAT
1978,KANSAS,KS,20,47.0,32,US SENATE,statewide,gen,False,JAMES R. MAHER,CONSERVATIVE,False,total,22497.0,748839.0,False,20210114,OTHER
1978,KANSAS,KS,20,47.0,32,US SENATE,statewide,gen,False,NANCY LANDON KASSEBAUM,REPUBLICAN,False,total,403354.0,748839.0,False,20210114,REPUBLICAN
1978,KANSAS,KS,20,47.0,32,US SENATE,statewide,gen,False,RUSSELL MIKELS,PROHIBITION,False,total,5386.0,748839.0,False,20210114,OTHER
1978,KENTUCKY,KY,21,61.0,51,US SENATE,statewide,gen,False,ANTHONY ALBERT MCCORD,AMERICAN,False,total,10244.0,476783.0,False,20210114,OTHER
1978,KENTUCKY,KY,21,61.0,51,US SENATE,statewide,gen,False,LOUIE GUENTHNER JR. ,REPUBLICAN,False,total,175766.0,476783.0,False,20210114,REPUBLICAN
1978,KENTUCKY,KY,21,61.0,51,US SENATE,statewide,gen,False,WALTER D. HUDDLESTON,DEMOCRAT,False,total,290730.0,476783.0,False,20210114,DEMOCRAT
1978,KENTUCKY,KY,21,61.0,51,US SENATE,statewide,gen,False,,,True,total,43.0,476783.0,False,20210114,OTHER
1978,LOUISIANA,LA,22,72.0,45,US SENATE,statewide,gen,False,J. BENNETT JOHNSTON JR. ,DEMOCRAT,False,total,1.0,1.0,False,20210114,DEMOCRAT
1978,MAINE,ME,23,11.0,2,US SENATE,statewide,gen,False,HAYES E. GAHAGAN,INDEPENDENT,False,total,27824.0,375114.0,False,20210114,OTHER
1978,MAINE,ME,23,11.0,2,US SENATE,statewide,gen,False,JOHN J. JANNACE,INDEPENDENT,False,total,5553.0,375114.0,False,20210114,OTHER
1978,MAINE,ME,23,11.0,2,US SENATE,statewide,gen,False,PLATO TRUMAN,INDEPENDENT,False,total,2116.0,375114.0,False,20210114,OTHER
1978,MAINE,ME,23,11.0,2,US SENATE,statewide,gen,False,WILLIAM D. HATHAWAY,DEMOCRAT,False,total,127327.0,375114.0,False,20210114,DEMOCRAT
1978,MAINE,ME,23,11.0,2,US SENATE,statewide,gen,False,WILLIAM S. COHEN,REPUBLICAN,False,total,212294.0,375114.0,False,20210114,REPUBLICAN
1978,MASSACHUSETTS,MA,25,14.0,3,US SENATE,statewide,gen,False,EDWARD W. BROOKE,REPUBLICAN,False,total,890584.0,1985700.0,False,20210114,REPUBLICAN
1978,MASSACHUSETTS,MA,25,14.0,3,US SENATE,statewide,gen,False,OTHER,,False,total,1833.0,1985700.0,False,20210114,OTHER
1978,MASSACHUSETTS,MA,25,14.0,3,US SENATE,statewide,gen,False,PAUL E. TSONGAS,DEMOCRAT,False,total,1093283.0,1985700.0,False,20210114,DEMOCRAT
1978,MICHIGAN,MI,26,34.0,23,US SENATE,statewide,gen,False,CARL LEVIN,DEMOCRAT,False,total,1484193.0,2846630.0,False,20210114,DEMOCRAT
1978,MICHIGAN,MI,26,34.0,23,US SENATE,statewide,gen,False,ROBERT P. GRIFFIN,REPUBLICAN,False,total,1362165.0,2846630.0,False,20210114,REPUBLICAN
1978,MICHIGAN,MI,26,34.0,23,US SENATE,statewide,gen,False,SCATTER,,False,total,272.0,2846630.0,False,20210114,OTHER
1978,MINNESOTA,MN,27,41.0,33,US SENATE,statewide,gen,False,BRIAN JOHN COYLE,PUBLIC INTEREST INDEPENDENT,False,total,8083.0,1580622.0,False,20210114,OTHER
1978,MINNESOTA,MN,27,41.0,33,US SENATE,statewide,gen,False,JEAN T. BRUST,WORKERS,False,total,3891.0,1580622.0,False,20210114,OTHER
1978,MINNESOTA,MN,27,41.0,33,US SENATE,statewide,gen,False,LEONARD RICHARDS,LIBERTARIAN,False,total,2992.0,1580622.0,False,20210114,LIBERTARIAN
1978,MINNESOTA,MN,27,41.0,33,US SENATE,statewide,gen,False,RUDOLPH E. BOSCHWITZ,REPUBLICAN,False,total,894092.0,1580622.0,False,20210114,REPUBLICAN
1978,MINNESOTA,MN,27,41.0,33,US SENATE,statewide,gen,False,SAL CARLONE,AMERICAN,False,total,23261.0,1580622.0,False,20210114,OTHER
1978,MINNESOTA,MN,27,41.0,33,US SENATE,statewide,gen,False,WENDELL ANDERSON,DEMOCRAT,False,total,638375.0,1580622.0,False,20210114,DEMOCRAT
1978,MINNESOTA,MN,27,41.0,33,US SENATE,statewide,gen,False,WILLIAM PETERSON,SOCIALIST WORKERS,False,total,9856.0,1580622.0,False,20210114,OTHER
1978,MINNESOTA,MN,27,41.0,33,US SENATE,statewide,gen,False,,,True,total,72.0,1580622.0,False,20210114,OTHER
1978,MINNESOTA,MN,27,41.0,33,US SENATE,statewide,gen,True,BOB SHORT,DEMOCRAT,False,total,538675.0,1558376.0,False,20210114,DEMOCRAT
1978,MINNESOTA,MN,27,41.0,33,US SENATE,statewide,gen,True,CHRISTINE FRANK,SOCIALIST,False,total,11397.0,1558376.0,False,20210114,OTHER
1978,MINNESOTA,MN,27,41.0,33,US SENATE,statewide,gen,True,DAVID DURENBERGER,REPUBLICAN,False,total,957908.0,1558376.0,False,20210114,REPUBLICAN
1978,MINNESOTA,MN,27,41.0,33,US SENATE,statewide,gen,True,FREDERICK HEWITT,LIBERTARIAN,False,total,4116.0,1558376.0,False,20210114,LIBERTARIAN
1978,MINNESOTA,MN,27,41.0,33,US SENATE,statewide,gen,True,PAUL HELM,AMERICAN,False,total,45402.0,1558376.0,False,20210114,OTHER
1978,MINNESOTA,MN,27,41.0,33,US SENATE,statewide,gen,True,,,True,total,878.0,1558376.0,False,20210114,OTHER
1978,MISSISSIPPI,MS,28,64.0,46,US SENATE,statewide,gen,False,HENRY JAY KIRKSEY,INDEPENDENT,False,total,1747.0,590236.0,False,20210114,OTHER
1978,MISSISSIPPI,MS,28,64.0,46,US SENATE,statewide,gen,False,JAMES CHARLES EVERS,INDEPENDENT,False,total,133646.0,590236.0,False,20210114,OTHER
1978,MISSISSIPPI,MS,28,64.0,46,US SENATE,statewide,gen,False,MAURICE DANTIN,DEMOCRAT,False,total,187541.0,590236.0,False,20210114,DEMOCRAT
1978,MISSISSIPPI,MS,28,64.0,46,US SENATE,statewide,gen,False,THAD COCHRAN,REPUBLICAN,False,total,267302.0,590236.0,False,20210114,REPUBLICAN
1978,MONTANA,MT,30,81.0,64,US SENATE,statewide,gen,False,LARRY WILLIAMS,REPUBLICAN,False,total,127589.0,287942.0,False,20210114,REPUBLICAN
1978,MONTANA,MT,30,81.0,64,US SENATE,statewide,gen,False,MAX BAUCUS,DEMOCRAT,False,total,160353.0,287942.0,False,20210114,DEMOCRAT
1978,NEBRASKA,NE,31,46.0,35,US SENATE,statewide,gen,False,DONALD EUGENE SHASTEN,REPUBLICAN,False,total,159706.0,493802.0,False,20210114,REPUBLICAN
1978,NEBRASKA,NE,31,46.0,35,US SENATE,statewide,gen,False,JAMES J. EXON,DEMOCRAT,False,total,334096.0,493802.0,False,20210114,DEMOCRAT
1978,NEW HAMPSHIRE,NH,33,12.0,4,US SENATE,statewide,gen,False,CRAIG FRANKLIN,LIBERTARIAN,False,total,2070.0,263760.0,False,20210114,LIBERTARIAN
1978,NEW HAMPSHIRE,NH,33,12.0,4,US SENATE,statewide,gen,False,GORDON J. HUMPHREY,REPUBLICAN,False,total,133745.0,263760.0,False,20210114,REPUBLICAN
1978,NEW HAMPSHIRE,NH,33,12.0,4,US SENATE,statewide,gen,False,THOMAS J. MCINTYRE,DEMOCRAT,False,total,127945.0,263760.0,False,20210114,DEMOCRAT
1978,NEW JERSEY,NJ,34,22.0,12,US SENATE,statewide,gen,False,ALICE CONNER,INDEPENDENT,False,total,2384.0,1957515.0,False,20210114,OTHER
1978,NEW JERSEY,NJ,34,22.0,12,US SENATE,statewide,gen,False,BILL BRADLEY,DEMOCRAT,False,total,1082960.0,1957515.0,False,20210114,DEMOCRAT
1978,NEW JERSEY,NJ,34,22.0,12,US SENATE,statewide,gen,False,BILL GAHRES,INDEPENDENT,False,total,3817.0,1957515.0,False,20210114,OTHER
1978,NEW JERSEY,NJ,34,22.0,12,US SENATE,statewide,gen,False,HERBERT HARRY SHAW,INDEPENDENT,False,total,4736.0,1957515.0,False,20210114,OTHER
1978,NEW JERSEY,NJ,34,22.0,12,US SENATE,statewide,gen,False,J. M. CARTER JR. ,INDEPENDENT,False,total,3618.0,1957515.0,False,20210114,OTHER
1978,NEW JERSEY,NJ,34,22.0,12,US SENATE,statewide,gen,False,JACK MOYERS,INDEPENDENT,False,total,3809.0,1957515.0,False,20210114,OTHER
1978,NEW JERSEY,NJ,34,22.0,12,US SENATE,statewide,gen,False,JASPER C. GOULD,INDEPENDENT,False,total,2955.0,1957515.0,False,20210114,OTHER
1978,NEW JERSEY,NJ,34,22.0,12,US SENATE,statewide,gen,False,JEFFREY BELL,REPUBLICAN,False,total,844200.0,1957515.0,False,20210114,REPUBLICAN
1978,NEW JERSEY,NJ,34,22.0,12,US SENATE,statewide,gen,False,PAUL FERGUSON,INDEPENDENT,False,total,2604.0,1957515.0,False,20210114,OTHER
1978,NEW JERSEY,NJ,34,22.0,12,US SENATE,statewide,gen,False,ROBERT BROWN,LABOR,False,total,3656.0,1957515.0,False,20210114,OTHER
1978,NEW JERSEY,NJ,34,22.0,12,US SENATE,statewide,gen,False,WILLIAM R. THORN,INDEPENDENT,False,total,2776.0,1957515.0,False,20210114,OTHER
1978,NEW MEXICO,NM,35,85.0,66,US SENATE,statewide,gen,False,PETE V. DOMENICI,REPUBLICAN,False,total,183442.0,343487.0,False,20210114,REPUBLICAN
1978,NEW MEXICO,NM,35,85.0,66,US SENATE,statewide,gen,False,TONEY ANAYA,DEMOCRAT,False,total,160045.0,343487.0,False,20210114,DEMOCRAT
1978,NORTH CAROLINA,NC,37,56.0,47,US SENATE,statewide,gen,False,JESSE HELMS,REPUBLICAN,False,total,619151.0,1135814.0,False,20210114,REPUBLICAN
1978,NORTH CAROLINA,NC,37,56.0,47,US SENATE,statewide,gen,False,JOHN RANDOLPH INGRAM,DEMOCRAT,False,total,516663.0,1135814.0,False,20210114,DEMOCRAT
1978,OKLAHOMA,OK,40,73.0,53,US SENATE,statewide,gen,False,DAVID LYLE BOREN,DEMOCRAT,False,total,493953.0,754264.0,False,20210114,DEMOCRAT
1978,OKLAHOMA,OK,40,73.0,53,US SENATE,statewide,gen,False,GLENN E. HAGER,INDEPENDENT,False,total,3875.0,754264.0,False,20210114,OTHER
1978,OKLAHOMA,OK,40,73.0,53,US SENATE,statewide,gen,False,PAUL EDWARD TRENT,INDEPENDENT,False,total,3015.0,754264.0,False,20210114,OTHER
1978,OKLAHOMA,OK,40,73.0,53,US SENATE,statewide,gen,False,RICHARD KING CARTER,INDEPENDENT,False,total,2209.0,754264.0,False,20210114,OTHER
1978,OKLAHOMA,OK,40,73.0,53,US SENATE,statewide,gen,False,RILEY DONICA,INDEPENDENT,False,total,3355.0,754264.0,False,20210114,OTHER
1978,OKLAHOMA,OK,40,73.0,53,US SENATE,statewide,gen,False,ROBERT B. KAMM,REPUBLICAN,False,total,247857.0,754264.0,False,20210114,REPUBLICAN
1978,OREGON,OR,41,92.0,72,US SENATE,statewide,gen,False,MARK HATFIELD,REPUBLICAN,False,total,550165.0,892518.0,False,20210114,REPUBLICAN
1978,OREGON,OR,41,92.0,72,US SENATE,statewide,gen,False,VERN COOK,DEMOCRAT,False,total,341616.0,892518.0,False,20210114,DEMOCRAT
1978,OREGON,OR,41,92.0,72,US SENATE,statewide,gen,False,,,True,total,737.0,892518.0,False,20210114,OTHER
1978,RHODE ISLAND,RI,44,15.0,5,US SENATE,statewide,gen,False,CLAIBORNE PELL,DEMOCRAT,False,total,229557.0,305618.0,False,20210114,DEMOCRAT
1978,RHODE ISLAND,RI,44,15.0,5,US SENATE,statewide,gen,False,JAMES G. REYONLDS,REPUBLICAN,False,total,76061.0,305618.0,False,20210114,REPUBLICAN
1978,SOUTH CAROLINA,SC,45,57.0,48,US SENATE,statewide,gen,False,CHARLES D. RAVENEL,DEMOCRAT,False,total,280146.0,632063.0,False,20210114,DEMOCRAT
1978,SOUTH CAROLINA,SC,45,57.0,48,US SENATE,statewide,gen,False,STROM THURMOND,REPUBLICAN,False,total,351917.0,632063.0,False,20210114,REPUBLICAN
1978,SOUTH DAKOTA,SD,46,45.0,37,US SENATE,statewide,gen,False,DON BARNETT,DEMOCRAT,False,total,84767.0,255599.0,False,20210114,DEMOCRAT
1978,SOUTH DAKOTA,SD,46,45.0,37,US SENATE,statewide,gen,False,LARRY PRESSLER,REPUBLICAN,False,total,170832.0,255599.0,False,20210114,REPUBLICAN
1978,TENNESSEE,TN,47,62.0,54,US SENATE,statewide,gen,False,FERN LUCIUS KEASLER,INDEPENDENT,False,total,2243.0,1157094.0,False,20210114,OTHER
1978,TENNESSEE,TN,47,62.0,54,US SENATE,statewide,gen,False,HOWARD H. BAKER,REPUBLICAN,False,total,642644.0,1157094.0,False,20210114,REPUBLICAN
1978,TENNESSEE,TN,47,62.0,54,US SENATE,statewide,gen,False,JANE ESKIND,DEMOCRAT,False,total,466228.0,1157094.0,False,20210114,DEMOCRAT
1978,TENNESSEE,TN,47,62.0,54,US SENATE,statewide,gen,False,THOMAS J. ANDERSON,INDEPENDENT,False,total,45908.0,1157094.0,False,20210114,OTHER
1978,TENNESSEE,TN,47,62.0,54,US SENATE,statewide,gen,False,,,True,total,71.0,1157094.0,False,20210114,OTHER
1978,TEXAS,TX,48,74.0,49,US SENATE,statewide,gen,False,JOHN G. TOWER,REPUBLICAN,False,total,1151376.0,2312540.0,False,20210114,REPUBLICAN
1978,TEXAS,TX,48,74.0,49,US SENATE,statewide,gen,False,LUIS A. DIAZ DE LOEN,LA RAZA UNIDA,False,total,17869.0,2312540.0,False,20210114,OTHER
1978,TEXAS,TX,48,74.0,49,US SENATE,statewide,gen,False,MIGUEL PENDAS,SOCIALIST WORKERS,False,total,4018.0,2312540.0,False,20210114,OTHER
1978,TEXAS,TX,48,74.0,49,US SENATE,statewide,gen,False,OTHER,,False,total,128.0,2312540.0,False,20210114,OTHER
1978,TEXAS,TX,48,74.0,49,US SENATE,statewide,gen,False,ROBERT KRUEGER,DEMOCRAT,False,total,1139149.0,2312540.0,False,20210114,DEMOCRAT
1978,VIRGINIA,VA,51,54.0,40,US SENATE,statewide,gen,False,ANDREW P. MILLER,DEMOCRAT,False,total,608511.0,1222256.0,False,20210114,DEMOCRAT
1978,VIRGINIA,VA,51,54.0,40,US SENATE,statewide,gen,False,JOHN WILLIAM WARNER,REPUBLICAN,False,total,613232.0,1222256.0,False,20210114,REPUBLICAN
1978,VIRGINIA,VA,51,54.0,40,US SENATE,statewide,gen,False,,,True,total,513.0,1222256.0,False,20210114,OTHER
1978,WEST VIRGINIA,WV,54,55.0,56,US SENATE,statewide,gen,False,ARCH A. MOORE JR. ,REPUBLICAN,False,total,244317.0,493351.0,False,20210114,REPUBLICAN
1978,WEST VIRGINIA,WV,54,55.0,56,US SENATE,statewide,gen,False,JENNINGS RANDOLPH,DEMOCRAT,False,total,249034.0,493351.0,False,20210114,DEMOCRAT
1978,WYOMING,WY,56,83.0,68,US SENATE,statewide,gen,False,ALAN KOOI SIMPSON,REPUBLICAN,False,total,50456.0,133364.0,False,20210114,REPUBLICAN
1978,WYOMING,WY,56,83.0,68,US SENATE,statewide,gen,False,RAYMOND B. WHITAKER,DEMOCRAT,False,total,82908.0,133364.0,False,20210114,DEMOCRAT
1980,ALABAMA,AL,1,63.0,41,US SENATE,statewide,gen,False,JEREMIAH DENTON,REPUBLICAN,False,total,650362.0,1296757.0,False,20210114,REPUBLICAN
1980,ALABAMA,AL,1,63.0,41,US SENATE,statewide,gen,False,JIM FOLSOM JR.,DEMOCRAT,False,total,610175.0,1296757.0,False,20210114,DEMOCRAT
1980,ALABAMA,AL,1,63.0,41,US SENATE,statewide,gen,False,JIM PARTAIN,STATESMAN,False,total,2649.0,1296757.0,False,20210114,OTHER
1980,ALABAMA,AL,1,63.0,41,US SENATE,statewide,gen,False,MICHAEL R.A. ERDEY,CONSERVATIVE,False,total,15989.0,1296757.0,False,20210114,OTHER
1980,ALABAMA,AL,1,63.0,41,US SENATE,statewide,gen,False,MOHAMMED OLIVER,SOCIALIST WORKERS,False,total,1511.0,1296757.0,False,20210114,OTHER
1980,ALABAMA,AL,1,63.0,41,US SENATE,statewide,gen,False,SALLIE M. HADNOTT,NATIONAL DEMOCRATIC PARTY OF ALABAMA,False,total,2973.0,1296757.0,False,20210114,OTHER
1980,ALABAMA,AL,1,63.0,41,US SENATE,statewide,gen,False,WILLIAM A. CREW,LIBERTARIAN,False,total,13098.0,1296757.0,False,20210114,LIBERTARIAN
1980,ALASKA,AK,2,94.0,81,US SENATE,statewide,gen,False,CLARK S. GRUENING,DEMOCRAT,False,total,72007.0,156762.0,False,20210114,DEMOCRAT
1980,ALASKA,AK,2,94.0,81,US SENATE,statewide,gen,False,FRANK H. MURKOWSKI,REPUBLICAN,False,total,84159.0,156762.0,False,20210114,REPUBLICAN
1980,ALASKA,AK,2,94.0,81,US SENATE,statewide,gen,False,,,True,total,596.0,156762.0,False,20210114,OTHER
1980,ARIZONA,AZ,4,86.0,61,US SENATE,statewide,gen,False,BARRY GOLDWATER,REPUBLICAN,False,total,432371.0,874238.0,False,20210114,REPUBLICAN
1980,ARIZONA,AZ,4,86.0,61,US SENATE,statewide,gen,False,BILL SCHULZ,DEMOCRAT,False,total,422972.0,874238.0,False,20210114,DEMOCRAT
1980,ARIZONA,AZ,4,86.0,61,US SENATE,statewide,gen,False,FRED R. ESSER,LIBERTARIAN,False,total,12008.0,874238.0,False,20210114,LIBERTARIAN
1980,ARIZONA,AZ,4,86.0,61,US SENATE,statewide,gen,False,JOSEFINA OTERO,SOCIALIST WORKERS,False,total,3266.0,874238.0,False,20210114,OTHER
1980,ARIZONA,AZ,4,86.0,61,US SENATE,statewide,gen,False,LORENZO TORREZ,PEOPLE BEFORE PROFITS,False,total,3608.0,874238.0,False,20210114,OTHER
1980,ARIZONA,AZ,4,86.0,61,US SENATE,statewide,gen,False,,,True,total,13.0,874238.0,False,20210114,OTHER
1980,ARKANSAS,AR,5,71.0,42,US SENATE,statewide,gen,False,BILL CLARK,REPUBLICAN,False,total,330576.0,808812.0,False,20210114,REPUBLICAN
1980,ARKANSAS,AR,5,71.0,42,US SENATE,statewide,gen,False,DALE BUMPERS,DEMOCRAT,False,total,477905.0,808812.0,False,20210114,DEMOCRAT
1980,ARKANSAS,AR,5,71.0,42,US SENATE,statewide,gen,False,,,True,total,331.0,808812.0,False,20210114,OTHER
1980,CALIFORNIA,CA,6,93.0,71,US SENATE,statewide,gen,False,ALAN CRANSTON,DEMOCRAT,False,total,4704098.0,8324012.0,False,20210114,DEMOCRAT
1980,CALIFORNIA,CA,6,93.0,71,US SENATE,statewide,gen,False,DAVID BERGLAND,LIBERTARIAN,False,total,202410.0,8324012.0,False,20210114,LIBERTARIAN
1980,CALIFORNIA,CA,6,93.0,71,US SENATE,statewide,gen,False,DAVID WALD,PEACE AND FREEDOM,False,total,196260.0,8324012.0,False,20210114,OTHER
1980,CALIFORNIA,CA,6,93.0,71,US SENATE,statewide,gen,False,JAMES C. (JIM) GRIFFIN,AMERICAN INDEPENDENT,False,total,129573.0,8324012.0,False,20210114,OTHER
1980,CALIFORNIA,CA,6,93.0,71,US SENATE,statewide,gen,False,PAUL GANN,REPUBLICAN,False,total,3091671.0,8324012.0,False,20210114,REPUBLICAN
1980,COLORADO,CO,8,84.0,62,US SENATE,statewide,gen,False,EARL HIGGERSON,STATESMAN,False,total,7265.0,1173142.0,False,20210114,OTHER
1980,COLORADO,CO,8,84.0,62,US SENATE,statewide,gen,False,GARY HART,DEMOCRAT,False,total,590501.0,1173142.0,False,20210114,DEMOCRAT
1980,COLORADO,CO,8,84.0,62,US SENATE,statewide,gen,False,HENRY JOHN OLSHAW,UNAFFILIATED-AMERICAN,False,total,4081.0,1173142.0,False,20210114,OTHER
1980,COLORADO,CO,8,84.0,62,US SENATE,statewide,gen,False,MARY ESTILL BUCHANAN,REPUBLICAN,False,total,571295.0,1173142.0,False,20210114,REPUBLICAN
1980,CONNECTICUT,CT,9,16.0,1,US SENATE,statewide,gen,False,CHRISTOPHER J. DODD,DEMOCRAT,False,total,763969.0,1356075.0,False,20210114,DEMOCRAT
1980,CONNECTICUT,CT,9,16.0,1,US SENATE,statewide,gen,False,GERARD G. BRENNAN,LIBERTARIAN,False,total,5336.0,1356075.0,False,20210114,LIBERTARIAN
1980,CONNECTICUT,CT,9,16.0,1,US SENATE,statewide,gen,False,JAMES L. BUCKLEY,REPUBLICAN,False,total,581884.0,1356075.0,False,20210114,REPUBLICAN
1980,CONNECTICUT,CT,9,16.0,1,US SENATE,statewide,gen,False,LOUIS ZEMEL,CITIZENS,False,total,4772.0,1356075.0,False,20210114,OTHER
1980,CONNECTICUT,CT,9,16.0,1,US SENATE,statewide,gen,False,,,True,total,114.0,1356075.0,False,20210114,OTHER
1980,FLORIDA,FL,12,59.0,43,US SENATE,statewide,gen,False,BILL GUNTER,DEMOCRAT,False,total,1705409.0,3528028.0,False,20210114,DEMOCRAT
1980,FLORIDA,FL,12,59.0,43,US SENATE,statewide,gen,False,PAULA HAWKINS,REPUBLICAN,False,total,1822460.0,3528028.0,False,20210114,REPUBLICAN
1980,FLORIDA,FL,12,59.0,43,US SENATE,statewide,gen,False,,,True,total,159.0,3528028.0,False,20210114,OTHER
1980,GEORGIA,GA,13,58.0,44,US SENATE,statewide,gen,False,HERMAN E. TALMADGE,DEMOCRAT,False,total,776143.0,1579829.0,False,20210114,DEMOCRAT
1980,GEORGIA,GA,13,58.0,44,US SENATE,statewide,gen,False,MACK MATTINGLY,REPUBLICAN,False,total,803686.0,1579829.0,False,20210114,REPUBLICAN
1980,HAWAII,HI,15,95.0,82,US SENATE,statewide,gen,False,BUD SHASTEEN,LIBERTARIAN,False,total,10453.0,288006.0,False,20210114,LIBERTARIAN
1980,HAWAII,HI,15,95.0,82,US SENATE,statewide,gen,False,COOPER BROWN,REPUBLICAN,False,total,53068.0,288006.0,False,20210114,REPUBLICAN
1980,HAWAII,HI,15,95.0,82,US SENATE,statewide,gen,False,DANIEL K. INOUYE,DEMOCRAT,False,total,224485.0,288006.0,False,20210114,DEMOCRAT
1980,IDAHO,ID,16,82.0,63,US SENATE,statewide,gen,False,FRANK CHURCH,DEMOCRAT,False,total,214439.0,439647.0,False,20210114,DEMOCRAT
1980,IDAHO,ID,16,82.0,63,US SENATE,statewide,gen,False,LARRY FULLMER,LIBERTARIAN,False,total,6507.0,439647.0,False,20210114,LIBERTARIAN
1980,IDAHO,ID,16,82.0,63,US SENATE,statewide,gen,False,STEVE SYMMS,REPUBLICAN,False,total,218701.0,439647.0,False,20210114,REPUBLICAN
1980,ILLINOIS,IL,17,33.0,21,US SENATE,statewide,gen,False,ALAN J. DIXON,DEMOCRAT,False,total,2565302.0,4580029.0,False,20210114,DEMOCRAT
1980,ILLINOIS,IL,17,33.0,21,US SENATE,statewide,gen,False,BRUCE GREEN,LIBERTARIAN,False,total,29328.0,4580029.0,False,20210114,LIBERTARIAN
1980,ILLINOIS,IL,17,33.0,21,US SENATE,statewide,gen,False,BURTON LEE ARTZ,SOCIALIST WORKERS,False,total,2715.0,4580029.0,False,20210114,OTHER
1980,ILLINOIS,IL,17,33.0,21,US SENATE,statewide,gen,False,CHARLES F. WILSON,COMMUNIST,False,total,11453.0,4580029.0,False,20210114,OTHER
1980,ILLINOIS,IL,17,33.0,21,US SENATE,statewide,gen,False,DAVID C. O'NEAL,REPUBLICAN,False,total,1946296.0,4580029.0,False,20210114,REPUBLICAN
1980,ILLINOIS,IL,17,33.0,21,US SENATE,statewide,gen,False,MICHAEL SORIANO,WORKERS WORLD,False,total,5626.0,4580029.0,False,20210114,OTHER
1980,ILLINOIS,IL,17,33.0,21,US SENATE,statewide,gen,False,SIDNEY LENS,CITIZENS,False,total,19213.0,4580029.0,False,20210114,OTHER
1980,ILLINOIS,IL,17,33.0,21,US SENATE,statewide,gen,False,,,True,total,96.0,4580029.0,False,20210114,OTHER
1980,INDIANA,IN,18,32.0,22,US SENATE,statewide,gen,False,BIRCH BAYH,DEMOCRAT,False,total,1015962.0,2198376.0,False,20210114,DEMOCRAT
1980,INDIANA,IN,18,32.0,22,US SENATE,statewide,gen,False,DAN QUAYLE,REPUBLICAN,False,total,1182414.0,2198376.0,False,20210114,REPUBLICAN
1980,IOWA,IA,19,42.0,31,US SENATE,statewide,gen,False,CHARLES E. GRASSLEY,REPUBLICAN,False,total,683014.0,1276986.0,False,20210114,REPUBLICAN
1980,IOWA,IA,19,42.0,31,US SENATE,statewide,gen,False,GARRY DE YOUNG,BY PETITION,False,total,5858.0,1276986.0,False,20210114,OTHER
1980,IOWA,IA,19,42.0,31,US SENATE,statewide,gen,False,JOHN CULVER,DEMOCRAT,False,total,581545.0,1276986.0,False,20210114,DEMOCRAT
1980,IOWA,IA,19,42.0,31,US SENATE,statewide,gen,False,JOHN INGRAM HENDERSON,BY PETITION,False,total,2336.0,1276986.0,False,20210114,OTHER
1980,IOWA,IA,19,42.0,31,US SENATE,statewide,gen,False,ROBERT V. HENGERER,LIBERTARIAN,False,total,4233.0,1276986.0,False,20210114,LIBERTARIAN
1980,KANSAS,KS,20,47.0,32,US SENATE,statewide,gen,False,BOB DOLE,REPUBLICAN,False,total,598686.0,938957.0,False,20210114,REPUBLICAN
1980,KANSAS,KS,20,47.0,32,US SENATE,statewide,gen,False,JOHN SIMPSON,DEMOCRAT,False,total,340271.0,938957.0,False,20210114,DEMOCRAT
1980,KENTUCKY,KY,21,61.0,51,US SENATE,statewide,gen,False,MARY LOUISE FOUST,REPUBLICAN,False,total,386029.0,1106920.0,False,20210114,REPUBLICAN
1980,KENTUCKY,KY,21,61.0,51,US SENATE,statewide,gen,False,WENDELL H. FORD,DEMOCRAT,False,total,720891.0,1106920.0,False,20210114,DEMOCRAT
1980,LOUISIANA,LA,22,72.0,45,US SENATE,statewide,gen,False,JERRY C. BARDWELL,REPUBLICAN,False,total,13739.0,841013.0,False,20210114,REPUBLICAN
1980,LOUISIANA,LA,22,72.0,45,US SENATE,statewide,gen,False,LOUIS WOODY JENKINS,DEMOCRAT,False,total,325922.0,841013.0,False,20210114,DEMOCRAT
1980,LOUISIANA,LA,22,72.0,45,US SENATE,statewide,gen,False,NAOMI BRACEY,NO PARTY,False,total,6374.0,841013.0,False,20210114,OTHER
1980,LOUISIANA,LA,22,72.0,45,US SENATE,statewide,gen,False,ROBERT MAX ROSS,REPUBLICAN,False,total,10208.0,841013.0,False,20210114,REPUBLICAN
1980,LOUISIANA,LA,22,72.0,45,US SENATE,statewide,gen,False,RUSSELL B. LONG,DEMOCRAT,False,total,484770.0,841013.0,False,20210114,DEMOCRAT
1980,MARYLAND,MD,24,52.0,52,US SENATE,statewide,gen,False,CHARLES MCC. MATHIAS JR. ,REPUBLICAN,False,total,850970.0,1286088.0,False,20210114,REPUBLICAN
1980,MARYLAND,MD,24,52.0,52,US SENATE,statewide,gen,False,EDWARD T. CONROY,DEMOCRAT,False,total,435118.0,1286088.0,False,20210114,DEMOCRAT
1980,MISSOURI,MO,29,43.0,34,US SENATE,statewide,gen,False,GENE MCNARY,REPUBLICAN,False,total,985399.0,2066965.0,False,20210114,REPUBLICAN
1980,MISSOURI,MO,29,43.0,34,US SENATE,statewide,gen,False,MARTHA PETTIS,SOCIALIST WORKERS,False,total,6707.0,2066965.0,False,20210114,OTHER
1980,MISSOURI,MO,29,43.0,34,US SENATE,statewide,gen,False,THOMAS F. EAGLETON,DEMOCRAT,False,total,1074859.0,2066965.0,False,20210114,DEMOCRAT
1980,NEVADA,NV,32,88.0,65,US SENATE,statewide,gen,False,ALLEN HACKER,LIBERTARIAN,False,total,6920.0,243273.0,False,20210114,LIBERTARIAN
1980,NEVADA,NV,32,88.0,65,US SENATE,statewide,gen,False,MARY GOJACK,DEMOCRAT,False,total,92129.0,243273.0,False,20210114,DEMOCRAT
1980,NEVADA,NV,32,88.0,65,US SENATE,statewide,gen,False,PAUL LAXALT,REPUBLICAN,False,total,144224.0,243273.0,False,20210114,REPUBLICAN
1980,NEW HAMPSHIRE,NH,33,12.0,4,US SENATE,statewide,gen,False,JOHN A. DURKIN,DEMOCRAT,False,total,179455.0,375060.0,False,20210114,DEMOCRAT
1980,NEW HAMPSHIRE,NH,33,12.0,4,US SENATE,statewide,gen,False,WARREN RUDMAN,REPUBLICAN,False,total,195559.0,375060.0,False,20210114,REPUBLICAN
1980,NEW HAMPSHIRE,NH,33,12.0,4,US SENATE,statewide,gen,False,,,True,total,46.0,375060.0,False,20210114,OTHER
1980,NEW YORK,NY,36,21.0,13,US SENATE,statewide,gen,False,ALFONSE M. D'AMATO,REPUBLICAN,False,total,2272082.0,6014914.0,False,20210114,REPUBLICAN
1980,NEW YORK,NY,36,21.0,13,US SENATE,statewide,gen,False,ALFONSE M. D'AMATO,RIGHT TO LIFE,False,total,152470.0,6014914.0,False,20210114,OTHER
1980,NEW YORK,NY,36,21.0,13,US SENATE,statewide,gen,False,ALFONSE M. D'AMATO,CONSERVATIVE,False,total,275100.0,6014914.0,False,20210114,OTHER
1980,NEW YORK,NY,36,21.0,13,US SENATE,statewide,gen,False,ELIZABETH HOLTZMAN,DEMOCRAT,False,total,2618661.0,6014914.0,False,20210114,DEMOCRAT
1980,NEW YORK,NY,36,21.0,13,US SENATE,statewide,gen,False,JACOB K. JAVITS,LIBERAL,False,total,664544.0,6014914.0,False,20210114,OTHER
1980,NEW YORK,NY,36,21.0,13,US SENATE,statewide,gen,False,RICHARD SAVADEL,FREE LIBERTARIAN,False,total,21465.0,6014914.0,False,20210114,OTHER
1980,NEW YORK,NY,36,21.0,13,US SENATE,statewide,gen,False,THOMAS SOTO,WORKERS WORLD,False,total,3643.0,6014914.0,False,20210114,OTHER
1980,NEW YORK,NY,36,21.0,13,US SENATE,statewide,gen,False,VICTOR A. NIETO,SOCIALIST WORKERS,False,total,2715.0,6014914.0,False,20210114,OTHER
1980,NEW YORK,NY,36,21.0,13,US SENATE,statewide,gen,False,WILLIAM R. SCOTT,COMMUNIST,False,total,4161.0,6014914.0,False,20210114,OTHER
1980,NEW YORK,NY,36,21.0,13,US SENATE,statewide,gen,False,,,True,total,73.0,6014914.0,False,20210114,OTHER
1980,NORTH CAROLINA,NC,37,56.0,47,US SENATE,statewide,gen,False,F. W. (RICK) PASOTTO,LIBERTARIAN,False,total,7602.0,1797665.0,False,20210114,LIBERTARIAN
1980,NORTH CAROLINA,NC,37,56.0,47,US SENATE,statewide,gen,False,JOHN P. EAST,REPUBLICAN,False,total,898064.0,1797665.0,False,20210114,REPUBLICAN
1980,NORTH CAROLINA,NC,37,56.0,47,US SENATE,statewide,gen,False,REBECCA FINCH,SOCIALIST WORKERS,False,total,4346.0,1797665.0,False,20210114,OTHER
1980,NORTH CAROLINA,NC,37,56.0,47,US SENATE,statewide,gen,False,ROBERT MORGAN,DEMOCRAT,False,total,887653.0,1797665.0,False,20210114,DEMOCRAT
1980,OHIO,OH,39,31.0,24,US SENATE,statewide,gen,False,JAMES E. BETTS,REPUBLICAN,False,total,1137695.0,4027303.0,False,20210114,REPUBLICAN
1980,OHIO,OH,39,31.0,24,US SENATE,statewide,gen,False,JOHN E. POWERS,INDEPENDENT,False,total,76412.0,4027303.0,False,20210114,OTHER
1980,OHIO,OH,39,31.0,24,US SENATE,statewide,gen,False,JOHN GLENN,DEMOCRAT,False,total,2770786.0,4027303.0,False,20210114,DEMOCRAT
1980,OHIO,OH,39,31.0,24,US SENATE,statewide,gen,False,,,True,total,42410.0,4027303.0,False,20210114,OTHER
1980,OKLAHOMA,OK,40,73.0,53,US SENATE,statewide,gen,False,ANDY COATS,DEMOCRAT,False,total,478283.0,1098294.0,False,20210114,DEMOCRAT
1980,OKLAHOMA,OK,40,73.0,53,US SENATE,statewide,gen,False,CHARLES NESBITT,INDEPENDENT,False,total,21179.0,1098294.0,False,20210114,OTHER
1980,OKLAHOMA,OK,40,73.0,53,US SENATE,statewide,gen,False,DON NICKLES,REPUBLICAN,False,total,587252.0,1098294.0,False,20210114,REPUBLICAN
1980,OKLAHOMA,OK,40,73.0,53,US SENATE,statewide,gen,False,PAUL E. TRENT,INDEPENDENT,False,total,1823.0,1098294.0,False,20210114,OTHER
1980,OKLAHOMA,OK,40,73.0,53,US SENATE,statewide,gen,False,ROBERT MURPHY,LIBERTARIAN,False,total,9757.0,1098294.0,False,20210114,LIBERTARIAN
1980,OREGON,OR,41,92.0,72,US SENATE,statewide,gen,False,BOB PACKWOOD,REPUBLICAN,False,total,594290.0,1140494.0,False,20210114,REPUBLICAN
1980,OREGON,OR,41,92.0,72,US SENATE,statewide,gen,False,TED KULONGOSKI,DEMOCRAT,False,total,501963.0,1140494.0,False,20210114,DEMOCRAT
1980,OREGON,OR,41,92.0,72,US SENATE,statewide,gen,False,TONIE NATHAN,LIBERTARIAN,False,total,43686.0,1140494.0,False,20210114,LIBERTARIAN
1980,OREGON,OR,41,92.0,72,US SENATE,statewide,gen,False,,,True,total,555.0,1140494.0,False,20210114,OTHER
1980,PENNSYLVANIA,PA,42,23.0,14,US SENATE,statewide,gen,False,ARLEN SPECTER,REPUBLICAN,False,total,2230404.0,4418042.0,False,20210114,REPUBLICAN
1980,PENNSYLVANIA,PA,42,23.0,14,US SENATE,statewide,gen,False,DAVID K. WALTER,LIBERTARIAN,False,total,18595.0,4418042.0,False,20210114,LIBERTARIAN
1980,PENNSYLVANIA,PA,42,23.0,14,US SENATE,statewide,gen,False,FRANK KINCES,COMMUNIST,False,total,3334.0,4418042.0,False,20210114,OTHER
1980,PENNSYLVANIA,PA,42,23.0,14,US SENATE,statewide,gen,False,LEE FRISSELL,CITIZENS,False,total,16089.0,4418042.0,False,20210114,OTHER
1980,PENNSYLVANIA,PA,42,23.0,14,US SENATE,statewide,gen,False,LINDA MOHRBACHER,SOCIALIST WORKERS,False,total,27229.0,4418042.0,False,20210114,OTHER
1980,PENNSYLVANIA,PA,42,23.0,14,US SENATE,statewide,gen,False,PETE FLAHERTY,DEMOCRAT,False,total,2122391.0,4418042.0,False,20210114,DEMOCRAT
1980,SOUTH CAROLINA,SC,45,57.0,48,US SENATE,statewide,gen,False,ERNEST FRITZ HOLLINGS,DEMOCRAT,False,total,612554.0,870500.0,False,20210114,DEMOCRAT
1980,SOUTH CAROLINA,SC,45,57.0,48,US SENATE,statewide,gen,False,MARSHALL MAYS,REPUBLICAN,False,total,257946.0,870500.0,False,20210114,REPUBLICAN
1980,SOUTH DAKOTA,SD,46,45.0,37,US SENATE,statewide,gen,False,GEORGE MCGOVERN,DEMOCRAT,False,total,129018.0,327478.0,False,20210114,DEMOCRAT
1980,SOUTH DAKOTA,SD,46,45.0,37,US SENATE,statewide,gen,False,JAMES ABDNOR,REPUBLICAN,False,total,190594.0,327478.0,False,20210114,REPUBLICAN
1980,SOUTH DAKOTA,SD,46,45.0,37,US SENATE,statewide,gen,False,WAYNE PETERSON,INDEPENDENT,False,total,7866.0,327478.0,False,20210114,OTHER
1980,UTAH,UT,49,87.0,67,US SENATE,statewide,gen,False,BRUCE BANGERTER,INDEPENDENT,False,total,3186.0,594298.0,False,20210114,OTHER
1980,UTAH,UT,49,87.0,67,US SENATE,statewide,gen,False,DAN BERMAN,DEMOCRAT,False,total,151454.0,594298.0,False,20210114,DEMOCRAT
1980,UTAH,UT,49,87.0,67,US SENATE,statewide,gen,False,GEORGE M. BATCHELOR,AMERICAN,False,total,1983.0,594298.0,False,20210114,OTHER
1980,UTAH,UT,49,87.0,67,US SENATE,statewide,gen,False,JAKE GARN,REPUBLICAN,False,total,437675.0,594298.0,False,20210114,REPUBLICAN
1980,VERMONT,VT,50,13.0,6,US SENATE,statewide,gen,False,ANTHONY N. DORIA,INDEPENDENT,False,total,1776.0,209124.0,False,20210114,OTHER
1980,VERMONT,VT,50,13.0,6,US SENATE,statewide,gen,False,EARL S. GARDINER,SOCIALIST,False,total,1629.0,209124.0,False,20210114,OTHER
1980,VERMONT,VT,50,13.0,6,US SENATE,statewide,gen,False,PATRICK J. LEAHY,DEMOCRAT,False,total,104176.0,209124.0,False,20210114,DEMOCRAT
1980,VERMONT,VT,50,13.0,6,US SENATE,statewide,gen,False,STEWART M. LEDBETTER,REPUBLICAN,False,total,101421.0,209124.0,False,20210114,REPUBLICAN
1980,VERMONT,VT,50,13.0,6,US SENATE,statewide,gen,False,,,True,total,122.0,209124.0,False,20210114,OTHER
1980,WASHINGTON,WA,53,91.0,73,US SENATE,statewide,gen,False,SLADE GORTON,REPUBLICAN,False,total,936317.0,1728369.0,False,20210114,REPUBLICAN
1980,WASHINGTON,WA,53,91.0,73,US SENATE,statewide,gen,False,WARREN G. MAGNUSON,DEMOCRAT,False,total,792052.0,1728369.0,False,20210114,DEMOCRAT
1980,WISCONSIN,WI,55,35.0,25,US SENATE,statewide,gen,False,BERVIN J. LARSON,LIBERTARIAN,False,total,9679.0,2204202.0,False,20210114,LIBERTARIAN
1980,WISCONSIN,WI,55,35.0,25,US SENATE,statewide,gen,False,GAYLORD A. NELSON,DEMOCRAT,False,total,1065487.0,2204202.0,False,20210114,DEMOCRAT
1980,WISCONSIN,WI,55,35.0,25,US SENATE,statewide,gen,False,JAMES P. WICKSTROM,AMERICAN INDEPENDENT,False,total,16156.0,2204202.0,False,20210114,OTHER
1980,WISCONSIN,WI,55,35.0,25,US SENATE,statewide,gen,False,ROBERT W. KASTEN JR.,REPUBLICAN,False,total,1106311.0,2204202.0,False,20210114,REPUBLICAN
1980,WISCONSIN,WI,55,35.0,25,US SENATE,statewide,gen,False,SUSAN L. HAGEN,SOCIALIST WORKERS,False,total,6502.0,2204202.0,False,20210114,OTHER
1980,WISCONSIN,WI,55,35.0,25,US SENATE,statewide,gen,False,,,True,total,67.0,2204202.0,False,20210114,OTHER
1982,ARIZONA,AZ,4,86.0,61,US SENATE,statewide,gen,False,DENNIS DECONCINI,DEMOCRAT,False,total,411970.0,723885.0,False,20210114,DEMOCRAT
1982,ARIZONA,AZ,4,86.0,61,US SENATE,statewide,gen,False,PETE DUNN,REPUBLICAN,False,total,291749.0,723885.0,False,20210114,REPUBLICAN
1982,ARIZONA,AZ,4,86.0,61,US SENATE,statewide,gen,False,"RANDALL ""PETE BARDO"" CLAMONS",LIBERTARIAN,False,total,20100.0,723885.0,False,20210114,LIBERTARIAN
1982,ARIZONA,AZ,4,86.0,61,US SENATE,statewide,gen,False,,,True,total,66.0,723885.0,False,20210114,OTHER
1982,CALIFORNIA,CA,6,93.0,71,US SENATE,statewide,gen,False,DAVID WALD,PEACE AND FREEDOM,False,total,96388.0,7805450.0,False,20210114,OTHER
1982,CALIFORNIA,CA,6,93.0,71,US SENATE,statewide,gen,False,"EDMUND G. BROWN, JR.",DEMOCRAT,False,total,3494968.0,7805450.0,False,20210114,DEMOCRAT
1982,CALIFORNIA,CA,6,93.0,71,US SENATE,statewide,gen,False,JOSEPH FUHRIG,LIBERTARIAN,False,total,107720.0,7805450.0,False,20210114,LIBERTARIAN
1982,CALIFORNIA,CA,6,93.0,71,US SENATE,statewide,gen,False,PETE WILSON,REPUBLICAN,False,total,4022565.0,7805450.0,False,20210114,REPUBLICAN
1982,CALIFORNIA,CA,6,93.0,71,US SENATE,statewide,gen,False,"THERESA ""TENA"" DIETRICH",AMERICAN INDEPENDENT,False,total,83809.0,7805450.0,False,20210114,OTHER
1982,CONNECTICUT,CT,9,16.0,1,US SENATE,statewide,gen,False,ANTHONY TOBY MOFFETT,DEMOCRAT,False,total,499146.0,1083508.0,False,20210114,DEMOCRAT
1982,CONNECTICUT,CT,9,16.0,1,US SENATE,statewide,gen,False,JAMES A. LEWIS,LIBERTARIAN,False,total,8163.0,1083508.0,False,20210114,LIBERTARIAN
1982,CONNECTICUT,CT,9,16.0,1,US SENATE,statewide,gen,False,"LOWELL P. WEICKER, JR.",REPUBLICAN,False,total,545987.0,1083508.0,False,20210114,REPUBLICAN
1982,CONNECTICUT,CT,9,16.0,1,US SENATE,statewide,gen,False,"LUCIEN P. DIFAZIO, JR.",CONSERVATIVE,False,total,30212.0,1083508.0,False,20210114,OTHER
1982,DELAWARE,DE,10,51.0,11,US SENATE,statewide,gen,False,CHARLES A. BAKER,AMERICAN,False,total,537.0,190960.0,False,20210114,OTHER
1982,DELAWARE,DE,10,51.0,11,US SENATE,statewide,gen,False,DAVID N. LEVINSON,DEMOCRAT,False,total,84413.0,190960.0,False,20210114,DEMOCRAT
1982,DELAWARE,DE,10,51.0,11,US SENATE,statewide,gen,False,LAWRENCE D. SULLIVAN,LIBERTARIAN,False,total,653.0,190960.0,False,20210114,LIBERTARIAN
1982,DELAWARE,DE,10,51.0,11,US SENATE,statewide,gen,False,"WILLIAM V. ROTH, JR.",REPUBLICAN,False,total,105357.0,190960.0,False,20210114,REPUBLICAN
1982,FLORIDA,FL,12,59.0,43,US SENATE,statewide,gen,False,LAWTON CHILES,DEMOCRAT,False,total,1637667.0,2653419.0,False,20210114,DEMOCRAT
1982,FLORIDA,FL,12,59.0,43,US SENATE,statewide,gen,False,VAN B. POOLE,REPUBLICAN,False,total,1015330.0,2653419.0,False,20210114,REPUBLICAN
1982,FLORIDA,FL,12,59.0,43,US SENATE,statewide,gen,False,,,True,total,422.0,2653419.0,False,20210114,OTHER
1982,HAWAII,HI,15,95.0,82,US SENATE,statewide,gen,False,CLARENCE J. BROWN,REPUBLICAN,False,total,52071.0,306410.0,False,20210114,REPUBLICAN
1982,HAWAII,HI,15,95.0,82,US SENATE,statewide,gen,False,E. FLOYD BERNIER-NACHTWEY,INDEPENDENT,False,total,8953.0,306410.0,False,20210114,OTHER
1982,HAWAII,HI,15,95.0,82,US SENATE,statewide,gen,False,SPARK MATSUNAGA,DEMOCRAT,False,total,245386.0,306410.0,False,20210114,DEMOCRAT
1982,INDIANA,IN,18,32.0,22,US SENATE,statewide,gen,False,FLOYD J. FITHIAN,DEMOCRAT,False,total,828400.0,1817287.0,False,20210114,DEMOCRAT
1982,INDIANA,IN,18,32.0,22,US SENATE,statewide,gen,False,RAYMOND JAMES,AMERICAN,False,total,10586.0,1817287.0,False,20210114,OTHER
1982,INDIANA,IN,18,32.0,22,US SENATE,statewide,gen,False,RICHARD G. LUGAR,REPUBLICAN,False,total,978301.0,1817287.0,False,20210114,REPUBLICAN
1982,MAINE,ME,23,11.0,2,US SENATE,statewide,gen,False,DAVID F. EMERY,REPUBLICAN,False,total,179882.0,459715.0,False,20210114,REPUBLICAN
1982,MAINE,ME,23,11.0,2,US SENATE,statewide,gen,False,GEORGE J. MITCHELL,DEMOCRAT,False,total,279819.0,459715.0,False,20210114,DEMOCRAT
1982,MAINE,ME,23,11.0,2,US SENATE,statewide,gen,False,,,True,total,14.0,459715.0,False,20210114,OTHER
1982,MARYLAND,MD,24,52.0,52,US SENATE,statewide,gen,False,LAWRENCE J. HOGAN,REPUBLICAN,False,total,407334.0,1114690.0,False,20210114,REPUBLICAN
1982,MARYLAND,MD,24,52.0,52,US SENATE,statewide,gen,False,PAUL S. SARBANES,DEMOCRAT,False,total,707356.0,1114690.0,False,20210114,DEMOCRAT
1982,MASSACHUSETTS,MA,25,14.0,3,US SENATE,statewide,gen,False,EDWARD M. KENNEDY,DEMOCRAT,False,total,1247084.0,2050769.0,False,20210114,DEMOCRAT
1982,MASSACHUSETTS,MA,25,14.0,3,US SENATE,statewide,gen,False,HOWARD S. KATZ,LIBERTARIAN,False,total,18878.0,2050769.0,False,20210114,LIBERTARIAN
1982,MASSACHUSETTS,MA,25,14.0,3,US SENATE,statewide,gen,False,RAY SHAMIE,REPUBLICAN,False,total,784602.0,2050769.0,False,20210114,REPUBLICAN
1982,MASSACHUSETTS,MA,25,14.0,3,US SENATE,statewide,gen,False,,,True,total,205.0,2050769.0,False,20210114,OTHER
1982,MICHIGAN,MI,26,34.0,23,US SENATE,statewide,gen,False,BETTE ERWIN,LIBERTARIAN,False,total,19131.0,2994334.0,False,20210114,LIBERTARIAN
1982,MICHIGAN,MI,26,34.0,23,US SENATE,statewide,gen,False,DANIEL ELLER,AMERICAN INDEPENDENT,False,total,12660.0,2994334.0,False,20210114,OTHER
1982,MICHIGAN,MI,26,34.0,23,US SENATE,statewide,gen,False,"DONALD W. RIEGLE, JR.",DEMOCRAT,False,total,1728793.0,2994334.0,False,20210114,DEMOCRAT
1982,MICHIGAN,MI,26,34.0,23,US SENATE,statewide,gen,False,HELEN HALYARD,WORKERS LEAGUE,False,total,6085.0,2994334.0,False,20210114,OTHER
1982,MICHIGAN,MI,26,34.0,23,US SENATE,statewide,gen,False,PHILIP E. RUPPE,REPUBLICAN,False,total,1223288.0,2994334.0,False,20210114,REPUBLICAN
1982,MICHIGAN,MI,26,34.0,23,US SENATE,statewide,gen,False,STEVE BEUMER,SOCIALIST WORKERS,False,total,4335.0,2994334.0,False,20210114,OTHER
1982,MICHIGAN,MI,26,34.0,23,US SENATE,statewide,gen,False,,,True,total,42.0,2994334.0,False,20210114,OTHER
1982,MINNESOTA,MN,27,41.0,33,US SENATE,statewide,gen,False,BILL ONASCH,SOCIALIST WORKERS,False,total,5897.0,1804675.0,False,20210114,OTHER
1982,MINNESOTA,MN,27,41.0,33,US SENATE,statewide,gen,False,DAVE DURENBERGER,REPUBLICAN,False,total,949207.0,1804675.0,False,20210114,REPUBLICAN
1982,MINNESOTA,MN,27,41.0,33,US SENATE,statewide,gen,False,FRED G. HEWITT,LIBERTARIAN,False,total,5870.0,1804675.0,False,20210114,LIBERTARIAN
1982,MINNESOTA,MN,27,41.0,33,US SENATE,statewide,gen,False,JEFFREY M. MILLER,NEW UNION,False,total,3300.0,1804675.0,False,20210114,OTHER
1982,MINNESOTA,MN,27,41.0,33,US SENATE,statewide,gen,False,MARK DAYTON,DEMOCRAT,False,total,840401.0,1804675.0,False,20210114,DEMOCRAT
1982,MISSISSIPPI,MS,28,64.0,46,US SENATE,statewide,gen,False,HALEY BARBOUR,REPUBLICAN,False,total,230927.0,645026.0,False,20210114,REPUBLICAN
1982,MISSISSIPPI,MS,28,64.0,46,US SENATE,statewide,gen,False,JOHN C. STENNIS,DEMOCRAT,False,total,414099.0,645026.0,False,20210114,DEMOCRAT
1982,MISSOURI,MO,29,43.0,34,US SENATE,statewide,gen,False,HARRIETT WOODS,DEMOCRAT,False,total,758629.0,1543521.0,False,20210114,DEMOCRAT
1982,MISSOURI,MO,29,43.0,34,US SENATE,statewide,gen,False,JOHN C. DANFORTH,REPUBLICAN,False,total,784876.0,1543521.0,False,20210114,REPUBLICAN
1982,MISSOURI,MO,29,43.0,34,US SENATE,statewide,gen,False,,,True,total,16.0,1543521.0,False,20210114,OTHER
1982,MONTANA,MT,30,81.0,64,US SENATE,statewide,gen,False,JOHN MELCHER,DEMOCRAT,False,total,174861.0,321062.0,False,20210114,DEMOCRAT
1982,MONTANA,MT,30,81.0,64,US SENATE,statewide,gen,False,LARRY DODGE,LIBERTARIAN,False,total,12412.0,321062.0,False,20210114,LIBERTARIAN
1982,MONTANA,MT,30,81.0,64,US SENATE,statewide,gen,False,LARRY WILLIAMS,REPUBLICAN,False,total,133789.0,321062.0,False,20210114,REPUBLICAN
1982,NEBRASKA,NE,31,46.0,35,US SENATE,statewide,gen,False,EDWARD ZORINSKY,DEMOCRAT,False,total,363350.0,545647.0,False,20210114,DEMOCRAT
1982,NEBRASKA,NE,31,46.0,35,US SENATE,statewide,gen,False,JIM KECK,REPUBLICAN,False,total,155760.0,545647.0,False,20210114,REPUBLICAN
1982,NEBRASKA,NE,31,46.0,35,US SENATE,statewide,gen,False,VIRGINIA WALSH,NOMINATED BY PETITION,False,total,26443.0,545647.0,False,20210114,OTHER
1982,NEBRASKA,NE,31,46.0,35,US SENATE,statewide,gen,False,,,True,total,94.0,545647.0,False,20210114,OTHER
1982,NEVADA,NV,32,88.0,65,US SENATE,statewide,gen,False,CHIC HECHT,REPUBLICAN,False,total,120377.0,235097.0,False,20210114,REPUBLICAN
1982,NEVADA,NV,32,88.0,65,US SENATE,statewide,gen,False,HOWARD CANNON,DEMOCRAT,False,total,114720.0,235097.0,False,20210114,DEMOCRAT
1982,NEW JERSEY,NJ,34,22.0,12,US SENATE,statewide,gen,False,CLAIRE MORIARTY,SOCIALIST WORKERS,False,total,3726.0,2193945.0,False,20210114,OTHER
1982,NEW JERSEY,NJ,34,22.0,12,US SENATE,statewide,gen,False,FRANK R. LAUTENBERG,DEMOCRAT,False,total,1117549.0,2193945.0,False,20210114,DEMOCRAT
1982,NEW JERSEY,NJ,34,22.0,12,US SENATE,statewide,gen,False,HENRY KOCH,LIBERTARIAN,False,total,9934.0,2193945.0,False,20210114,LIBERTARIAN
1982,NEW JERSEY,NJ,34,22.0,12,US SENATE,statewide,gen,False,JULIUS LEVIN,SOCIALIST LABOR,False,total,5580.0,2193945.0,False,20210114,OTHER
1982,NEW JERSEY,NJ,34,22.0,12,US SENATE,statewide,gen,False,MARTIN E. WENDELKEN,INDEPENDENT,False,total,4745.0,2193945.0,False,20210114,OTHER
1982,NEW JERSEY,NJ,34,22.0,12,US SENATE,statewide,gen,False,MILLICENT FENWICK,REPUBLICAN,False,total,1047626.0,2193945.0,False,20210114,REPUBLICAN
1982,NEW JERSEY,NJ,34,22.0,12,US SENATE,statewide,gen,False,ROBERT T. BASTIEN,GRASSROOTS,False,total,2955.0,2193945.0,False,20210114,OTHER
1982,NEW JERSEY,NJ,34,22.0,12,US SENATE,statewide,gen,False,ROSE ZEIDWERG MONYEK,REPEAL TF807 (HR4277-79),False,total,1830.0,2193945.0,False,20210114,OTHER
1982,NEW MEXICO,NM,35,85.0,66,US SENATE,statewide,gen,False,HARRISON H. SCHMITT,REPUBLICAN,False,total,187128.0,404810.0,False,20210114,REPUBLICAN
1982,NEW MEXICO,NM,35,85.0,66,US SENATE,statewide,gen,False,JEFF BINGAMAN,DEMOCRAT,False,total,217682.0,404810.0,False,20210114,DEMOCRAT
1982,NEW YORK,NY,36,21.0,13,US SENATE,statewide,gen,False,DANIEL P. MOYNIHAN,LIBERAL,False,total,142275.0,4967729.0,False,20210114,OTHER
1982,NEW YORK,NY,36,21.0,13,US SENATE,statewide,gen,False,DANIEL P. MOYNIHAN,DEMOCRAT,False,total,3089871.0,4967729.0,False,20210114,DEMOCRAT
1982,NEW YORK,NY,36,21.0,13,US SENATE,statewide,gen,False,FLORENCE M. SULLIVAN,REPUBLICAN,False,total,1415749.0,4967729.0,False,20210114,REPUBLICAN
1982,NEW YORK,NY,36,21.0,13,US SENATE,statewide,gen,False,FLORENCE M. SULLIVAN,CONSERVATIVE,False,total,175650.0,4967729.0,False,20210114,OTHER
1982,NEW YORK,NY,36,21.0,13,US SENATE,statewide,gen,False,FLORENCE M. SULLIVAN,RIGHT TO LIFE,False,total,105367.0,4967729.0,False,20210114,OTHER
1982,NEW YORK,NY,36,21.0,13,US SENATE,statewide,gen,False,JAMES J. MCKEOWN,FREE LIBERTARIAN,False,total,23379.0,4967729.0,False,20210114,OTHER
1982,NEW YORK,NY,36,21.0,13,US SENATE,statewide,gen,False,STEVEN WATTENMAKER,SOCIALIST WORKERS,False,total,15206.0,4967729.0,False,20210114,OTHER
1982,NEW YORK,NY,36,21.0,13,US SENATE,statewide,gen,False,,,True,total,232.0,4967729.0,False,20210114,OTHER
1982,NORTH DAKOTA,ND,38,44.0,36,US SENATE,statewide,gen,False,ANNA B. BOURGOIS,"GOD, FAMILY, AND COUNTRY",False,total,8288.0,262465.0,False,20210114,OTHER
1982,NORTH DAKOTA,ND,38,44.0,36,US SENATE,statewide,gen,False,GENE KNORR,REPUBLICAN,False,total,89304.0,262465.0,False,20210114,REPUBLICAN
1982,NORTH DAKOTA,ND,38,44.0,36,US SENATE,statewide,gen,False,QUENTIN N. BURDICK,DEMOCRAT,False,total,164873.0,262465.0,False,20210114,DEMOCRAT
1982,OHIO,OH,39,31.0,24,US SENATE,statewide,gen,False,ALICIA MEREL,INDEPENDENT,False,total,38803.0,3395463.0,False,20210114,OTHER
1982,OHIO,OH,39,31.0,24,US SENATE,statewide,gen,False,HOWARD M. METZENBAUM,DEMOCRAT,False,total,1923767.0,3395463.0,False,20210114,DEMOCRAT
1982,OHIO,OH,39,31.0,24,US SENATE,statewide,gen,False,PAUL E. PFEIFER,REPUBLICAN,False,total,1396790.0,3395463.0,False,20210114,REPUBLICAN
1982,OHIO,OH,39,31.0,24,US SENATE,statewide,gen,False,PHILIP HERZING,LIBERTARIAN,False,total,36103.0,3395463.0,False,20210114,LIBERTARIAN
1982,PENNSYLVANIA,PA,42,23.0,14,US SENATE,statewide,gen,False,BARBARA I. KARKUTT,LIBERTARIAN,False,total,19244.0,3604108.0,False,20210114,LIBERTARIAN
1982,PENNSYLVANIA,PA,42,23.0,14,US SENATE,statewide,gen,False,CYRIL H. WECHT,DEMOCRAT,False,total,1412965.0,3604108.0,False,20210114,DEMOCRAT
1982,PENNSYLVANIA,PA,42,23.0,14,US SENATE,statewide,gen,False,JOHN HEINZ,REPUBLICAN,False,total,2136418.0,3604108.0,False,20210114,REPUBLICAN
1982,PENNSYLVANIA,PA,42,23.0,14,US SENATE,statewide,gen,False,KIPP MIRIAM DAWSON,SOCIALIST WORKERS,False,total,18951.0,3604108.0,False,20210114,OTHER
1982,PENNSYLVANIA,PA,42,23.0,14,US SENATE,statewide,gen,False,LIANE NORMAN,CONSUMER,False,total,16530.0,3604108.0,False,20210114,OTHER
1982,RHODE ISLAND,RI,44,15.0,5,US SENATE,statewide,gen,False,JOHN H. CHAFEE,REPUBLICAN,False,total,175495.0,342778.0,False,20210114,REPUBLICAN
1982,RHODE ISLAND,RI,44,15.0,5,US SENATE,statewide,gen,False,JULIUS C. MICHAELSON,DEMOCRAT,False,total,167283.0,342778.0,False,20210114,DEMOCRAT
1982,TENNESSEE,TN,47,62.0,54,US SENATE,statewide,gen,False,JIM SASSER,DEMOCRAT,False,total,780113.0,1259785.0,False,20210114,DEMOCRAT
1982,TENNESSEE,TN,47,62.0,54,US SENATE,statewide,gen,False,ROBIN BEARD,REPUBLICAN,False,total,479642.0,1259785.0,False,20210114,REPUBLICAN
1982,TENNESSEE,TN,47,62.0,54,US SENATE,statewide,gen,False,,,True,total,30.0,1259785.0,False,20210114,OTHER
1982,TEXAS,TX,48,74.0,49,US SENATE,statewide,gen,False,JIM COLLINS,REPUBLICAN,False,total,1256759.0,3103167.0,False,20210114,REPUBLICAN
1982,TEXAS,TX,48,74.0,49,US SENATE,statewide,gen,False,JOHN E. FORD,LIBERTARIAN,False,total,23494.0,3103167.0,False,20210114,LIBERTARIAN
1982,TEXAS,TX,48,74.0,49,US SENATE,statewide,gen,False,LINEAUS HOOPER LORETTE,CITIZENS,False,total,4564.0,3103167.0,False,20210114,OTHER
1982,TEXAS,TX,48,74.0,49,US SENATE,statewide,gen,False,LLOYD BENTSEN,DEMOCRAT,False,total,1818223.0,3103167.0,False,20210114,DEMOCRAT
1982,TEXAS,TX,48,74.0,49,US SENATE,statewide,gen,False,,,True,total,127.0,3103167.0,False,20210114,OTHER
1982,UTAH,UT,49,87.0,67,US SENATE,statewide,gen,False,GEORGE MERCIER,LIBERTARIAN,False,total,1035.0,530802.0,False,20210114,LIBERTARIAN
1982,UTAH,UT,49,87.0,67,US SENATE,statewide,gen,False,LAWRENCE R. KAUFFMAN,AMERICAN,False,total,953.0,530802.0,False,20210114,OTHER
1982,UTAH,UT,49,87.0,67,US SENATE,statewide,gen,False,ORRIN G. HATCH,REPUBLICAN,False,total,309332.0,530802.0,False,20210114,REPUBLICAN
1982,UTAH,UT,49,87.0,67,US SENATE,statewide,gen,False,TED WILSON,DEMOCRAT,False,total,219482.0,530802.0,False,20210114,DEMOCRAT
1982,VERMONT,VT,50,13.0,6,US SENATE,statewide,gen,False,BO ADLERBERT,LIBERTARIAN,False,total,892.0,168002.0,False,20210114,LIBERTARIAN
1982,VERMONT,VT,50,13.0,6,US SENATE,statewide,gen,False,ION LASKARIS,CITIZENS,False,total,897.0,168002.0,False,20210114,OTHER
1982,VERMONT,VT,50,13.0,6,US SENATE,statewide,gen,False,JAMES A. GUEST,DEMOCRAT,False,total,79340.0,168002.0,False,20210114,DEMOCRAT
1982,VERMONT,VT,50,13.0,6,US SENATE,statewide,gen,False,JERRY LEVY,LIBERTY UNION,False,total,774.0,168002.0,False,20210114,OTHER
1982,VERMONT,VT,50,13.0,6,US SENATE,statewide,gen,False,MICHAEL EDWARD HACKETT,INDEPENDENT,False,total,1463.0,168002.0,False,20210114,OTHER
1982,VERMONT,VT,50,13.0,6,US SENATE,statewide,gen,False,ROBERT T. STAFFORD,REPUBLICAN,False,total,84449.0,168002.0,False,20210114,REPUBLICAN
1982,VERMONT,VT,50,13.0,6,US SENATE,statewide,gen,False,,,True,total,187.0,168002.0,False,20210114,OTHER
1982,VIRGINIA,VA,51,54.0,40,US SENATE,statewide,gen,False,"PAUL S. TRIBLE, JR.",REPUBLICAN,False,total,724571.0,1415622.0,False,20210114,REPUBLICAN
1982,VIRGINIA,VA,51,54.0,40,US SENATE,statewide,gen,False,RICHARD J. (DICK) DAVIS,DEMOCRAT,False,total,690839.0,1415622.0,False,20210114,DEMOCRAT
1982,VIRGINIA,VA,51,54.0,40,US SENATE,statewide,gen,False,,,True,total,212.0,1415622.0,False,20210114,OTHER
1982,WASHINGTON,WA,53,91.0,73,US SENATE,statewide,gen,False,DOUG JEWETT,REPUBLICAN,False,total,332273.0,1368476.0,False,20210114,REPUBLICAN
1982,WASHINGTON,WA,53,91.0,73,US SENATE,statewide,gen,False,HENRY M. JACKSON,DEMOCRAT,False,total,943655.0,1368476.0,False,20210114,DEMOCRAT
1982,WASHINGTON,WA,53,91.0,73,US SENATE,statewide,gen,False,JESSE CHIANG,INDEPENDENT,False,total,20251.0,1368476.0,False,20210114,OTHER
1982,WASHINGTON,WA,53,91.0,73,US SENATE,statewide,gen,False,KING LYSEN,INDEPENDENT,False,total,72297.0,1368476.0,False,20210114,OTHER
1982,WEST VIRGINIA,WV,54,55.0,56,US SENATE,statewide,gen,False,CLEVE BENEDICT,REPUBLICAN,False,total,173910.0,565314.0,False,20210114,REPUBLICAN
1982,WEST VIRGINIA,WV,54,55.0,56,US SENATE,statewide,gen,False,ROBERT C. BYRD,DEMOCRAT,False,total,387170.0,565314.0,False,20210114,DEMOCRAT
1982,WEST VIRGINIA,WV,54,55.0,56,US SENATE,statewide,gen,False,WILLIAM B. HOVLAND,SOCIALIST WORKERS,False,total,4234.0,565314.0,False,20210114,OTHER
1982,WISCONSIN,WI,55,35.0,25,US SENATE,statewide,gen,False,GEORGE LILJENFELDT,LIBERTARIAN,False,total,7947.0,1544883.0,False,20210114,LIBERTARIAN
1982,WISCONSIN,WI,55,35.0,25,US SENATE,statewide,gen,False,SANFORD G. KNAPP,CONSTITUTION,False,total,4463.0,1544883.0,False,20210114,OTHER
1982,WISCONSIN,WI,55,35.0,25,US SENATE,statewide,gen,False,SCOTT MCCALLUM,REPUBLICAN,False,total,527355.0,1544883.0,False,20210114,REPUBLICAN
1982,WISCONSIN,WI,55,35.0,25,US SENATE,statewide,gen,False,WILLIAM OSBORNE HART,LABOR AND FARM,False,total,21807.0,1544883.0,False,20210114,OTHER
1982,WISCONSIN,WI,55,35.0,25,US SENATE,statewide,gen,False,WILLIAM PROXMIRE,DEMOCRAT,False,total,983311.0,1544883.0,False,20210114,DEMOCRAT
1982,WYOMING,WY,56,83.0,68,US SENATE,statewide,gen,False,MALCOLM WALLOP,REPUBLICAN,False,total,94725.0,167191.0,False,20210114,REPUBLICAN
1982,WYOMING,WY,56,83.0,68,US SENATE,statewide,gen,False,RODGER MCDANIEL,DEMOCRAT,False,total,72466.0,167191.0,False,20210114,DEMOCRAT
1984,ALABAMA,AL,1,63.0,41,US SENATE,statewide,gen,False,ALBERT LEE SMITH,REPUBLICAN,False,total,498508.0,1371234.0,False,20210114,REPUBLICAN
1984,ALABAMA,AL,1,63.0,41,US SENATE,statewide,gen,False,HOWELL HEFLIN,DEMOCRAT,False,total,860535.0,1371234.0,False,20210114,DEMOCRAT
1984,ALABAMA,AL,1,63.0,41,US SENATE,statewide,gen,False,S. D. (YANA) DAVIS,LIBERTARIAN,False,total,12191.0,1371234.0,False,20210114,LIBERTARIAN
1984,ALASKA,AK,2,94.0,81,US SENATE,statewide,gen,False,JOHN E. HAVELOCK,DEMOCRAT,False,total,58804.0,206438.0,False,20210114,DEMOCRAT
1984,ALASKA,AK,2,94.0,81,US SENATE,statewide,gen,False,OTHER,,False,total,715.0,206438.0,False,20210114,OTHER
1984,ALASKA,AK,2,94.0,81,US SENATE,statewide,gen,False,TED STEVENS,REPUBLICAN,False,total,146919.0,206438.0,False,20210114,REPUBLICAN
1984,ARKANSAS,AR,5,71.0,42,US SENATE,statewide,gen,False,DAVID PRYOR,DEMOCRAT,False,total,502341.0,875956.0,False,20210114,DEMOCRAT
1984,ARKANSAS,AR,5,71.0,42,US SENATE,statewide,gen,False,ED BETHUNE,REPUBLICAN,False,total,373615.0,875956.0,False,20210114,REPUBLICAN
1984,COLORADO,CO,8,84.0,62,US SENATE,statewide,gen,False,CRAIG GREEN,LIBERTARIAN,False,total,11077.0,1297809.0,False,20210114,LIBERTARIAN
1984,COLORADO,CO,8,84.0,62,US SENATE,statewide,gen,False,DAVID MARTIN,SOCIALIST WORKERS,False,total,2208.0,1297809.0,False,20210114,OTHER
1984,COLORADO,CO,8,84.0,62,US SENATE,statewide,gen,False,EARL HIGGERSON,PROHIBITION,False,total,1376.0,1297809.0,False,20210114,OTHER
1984,COLORADO,CO,8,84.0,62,US SENATE,statewide,gen,False,NANCY DICK,DEMOCRAT,False,total,449327.0,1297809.0,False,20210114,DEMOCRAT
1984,COLORADO,CO,8,84.0,62,US SENATE,statewide,gen,False,"WILLIAM L. ""BILL"" ARMSTRONG",REPUBLICAN,False,total,833821.0,1297809.0,False,20210114,REPUBLICAN
1984,DELAWARE,DE,10,51.0,11,US SENATE,statewide,gen,False,JOHN M. BURRIS,REPUBLICAN,False,total,98101.0,245932.0,False,20210114,REPUBLICAN
1984,DELAWARE,DE,10,51.0,11,US SENATE,statewide,gen,False,JOSEPH R. BIDEN JR.,DEMOCRAT,False,total,147831.0,245932.0,False,20210114,DEMOCRAT
1984,GEORGIA,GA,13,58.0,44,US SENATE,statewide,gen,False,MIKE HICKS,REPUBLICAN,False,total,337196.0,1681344.0,False,20210114,REPUBLICAN
1984,GEORGIA,GA,13,58.0,44,US SENATE,statewide,gen,False,OTHER,,False,total,44.0,1681344.0,False,20210114,OTHER
1984,GEORGIA,GA,13,58.0,44,US SENATE,statewide,gen,False,SAM NUNN,DEMOCRAT,False,total,1344104.0,1681344.0,False,20210114,DEMOCRAT
1984,IDAHO,ID,16,82.0,63,US SENATE,statewide,gen,False,DONALD B. BILLINGS,LIBERTARIAN,False,total,7384.0,406168.0,False,20210114,LIBERTARIAN
1984,IDAHO,ID,16,82.0,63,US SENATE,statewide,gen,False,JAMES A. MCCLURE,REPUBLICAN,False,total,293193.0,406168.0,False,20210114,REPUBLICAN
1984,IDAHO,ID,16,82.0,63,US SENATE,statewide,gen,False,PETER M. BUSCH,DEMOCRAT,False,total,105591.0,406168.0,False,20210114,DEMOCRAT
1984,ILLINOIS,IL,17,33.0,21,US SENATE,statewide,gen,False,CHARLES H. PERCY,REPUBLICAN,False,total,2308039.0,4787335.0,False,20210114,REPUBLICAN
1984,ILLINOIS,IL,17,33.0,21,US SENATE,statewide,gen,False,ISHMAEL FLORY,COMMUNIST,False,total,4802.0,4787335.0,False,20210114,OTHER
1984,ILLINOIS,IL,17,33.0,21,US SENATE,statewide,gen,False,MARJORIE H. PRIES,CITIZENS,False,total,12366.0,4787335.0,False,20210114,OTHER
1984,ILLINOIS,IL,17,33.0,21,US SENATE,statewide,gen,False,NELSON GONZALEZ,SOCIALIST WORKERS,False,total,4913.0,4787335.0,False,20210114,OTHER
1984,ILLINOIS,IL,17,33.0,21,US SENATE,statewide,gen,False,OTHER,,False,total,273.0,4787335.0,False,20210114,OTHER
1984,ILLINOIS,IL,17,33.0,21,US SENATE,statewide,gen,False,PAUL SIMON,DEMOCRAT,False,total,2397165.0,4787335.0,False,20210114,DEMOCRAT
1984,ILLINOIS,IL,17,33.0,21,US SENATE,statewide,gen,False,STEVEN I. GIVOT,LIBERTARIAN,False,total,59777.0,4787335.0,False,20210114,LIBERTARIAN
1984,IOWA,IA,19,42.0,31,US SENATE,statewide,gen,False,GARRY DE YOUNG,INDEPENDENT,False,total,11014.0,1292700.0,False,20210114,OTHER
1984,IOWA,IA,19,42.0,31,US SENATE,statewide,gen,False,OTHER,,False,total,422.0,1292700.0,False,20210114,OTHER
1984,IOWA,IA,19,42.0,31,US SENATE,statewide,gen,False,ROGER W. JEPSEN,REPUBLICAN,False,total,564381.0,1292700.0,False,20210114,REPUBLICAN
1984,IOWA,IA,19,42.0,31,US SENATE,statewide,gen,False,TOM HARKIN,DEMOCRAT,False,total,716883.0,1292700.0,False,20210114,DEMOCRAT
1984,KANSAS,KS,20,47.0,32,US SENATE,statewide,gen,False,DOUGLAS N. MERRITT,LIBERTARIAN,False,total,6755.0,996729.0,False,20210114,LIBERTARIAN
1984,KANSAS,KS,20,47.0,32,US SENATE,statewide,gen,False,FREDA H. STEELE,PROHIBITION,False,total,4610.0,996729.0,False,20210114,OTHER
1984,KANSAS,KS,20,47.0,32,US SENATE,statewide,gen,False,JAMES R. MAHER,DEMOCRAT,False,total,211664.0,996729.0,False,20210114,DEMOCRAT
1984,KANSAS,KS,20,47.0,32,US SENATE,statewide,gen,False,LUCILLE BIEGER,COMMUNIST,False,total,9380.0,996729.0,False,20210114,OTHER
1984,KANSAS,KS,20,47.0,32,US SENATE,statewide,gen,False,MARIAN RUCK JACKSON,AMERICAN,False,total,6918.0,996729.0,False,20210114,OTHER
1984,KANSAS,KS,20,47.0,32,US SENATE,statewide,gen,False,NANCY LANDON KASSEBAUM,REPUBLICAN,False,total,757402.0,996729.0,False,20210114,REPUBLICAN
1984,KENTUCKY,KY,21,61.0,51,US SENATE,statewide,gen,False,DAVE WELTERS,SOCIALIST WORKERS,False,total,7696.0,1292407.0,False,20210114,OTHER
1984,KENTUCKY,KY,21,61.0,51,US SENATE,statewide,gen,False,MITCH MCCONNELL,REPUBLICAN,False,total,644990.0,1292407.0,False,20210114,REPUBLICAN
1984,KENTUCKY,KY,21,61.0,51,US SENATE,statewide,gen,False,WALTER (DEE) HUDDLESTON,DEMOCRAT,False,total,639721.0,1292407.0,False,20210114,DEMOCRAT
1984,LOUISIANA,LA,22,72.0,45,US SENATE,statewide,gen,False,J. BENNETT JOHNSTON JR.,DEMOCRAT,False,total,1.0,1.0,False,20210114,DEMOCRAT
1984,MAINE,ME,23,11.0,2,US SENATE,statewide,gen,False,ELIZABETH H. MITCHELL,DEMOCRAT,False,total,142626.0,551406.0,False,20210114,DEMOCRAT
1984,MAINE,ME,23,11.0,2,US SENATE,statewide,gen,False,OTHER,,False,total,28.0,551406.0,False,20210114,OTHER
1984,MAINE,ME,23,11.0,2,US SENATE,statewide,gen,False,P. ANN STODDARD,CONSTITUTIONALIST,False,total,4338.0,551406.0,False,20210114,OTHER
1984,MAINE,ME,23,11.0,2,US SENATE,statewide,gen,False,WILLIAM S. COHEN,REPUBLICAN,False,total,404414.0,551406.0,False,20210114,REPUBLICAN
1984,MASSACHUSETTS,MA,25,14.0,3,US SENATE,statewide,gen,False,JOHN F. KERRY,DEMOCRAT,False,total,1393150.0,2530471.0,False,20210114,DEMOCRAT
1984,MASSACHUSETTS,MA,25,14.0,3,US SENATE,statewide,gen,False,OTHER,,False,total,408.0,2530471.0,False,20210114,OTHER
1984,MASSACHUSETTS,MA,25,14.0,3,US SENATE,statewide,gen,False,RAYMOND SHAMIE,REPUBLICAN,False,total,1136913.0,2530471.0,False,20210114,REPUBLICAN
1984,MICHIGAN,MI,26,34.0,23,US SENATE,statewide,gen,False,ARTHUR RICHARD TISCH,TISCH INDEPENDENT CITIZENS,False,total,22882.0,3700938.0,False,20210114,OTHER
1984,MICHIGAN,MI,26,34.0,23,US SENATE,statewide,gen,False,CARL LEVIN,DEMOCRAT,False,total,1915831.0,3700938.0,False,20210114,DEMOCRAT
1984,MICHIGAN,MI,26,34.0,23,US SENATE,statewide,gen,False,FRED MAZELIS,WORKERS LEAGUE,False,total,818.0,3700938.0,False,20210114,OTHER
1984,MICHIGAN,MI,26,34.0,23,US SENATE,statewide,gen,False,HELEN MEYERS,SOCIALIST WORKERS,False,total,2686.0,3700938.0,False,20210114,OTHER
1984,MICHIGAN,MI,26,34.0,23,US SENATE,statewide,gen,False,JACK LOUSMA,REPUBLICAN,False,total,1745302.0,3700938.0,False,20210114,REPUBLICAN
1984,MICHIGAN,MI,26,34.0,23,US SENATE,statewide,gen,False,LYNN JOHNSTON,LIBERTARIAN,False,total,7786.0,3700938.0,False,20210114,LIBERTARIAN
1984,MICHIGAN,MI,26,34.0,23,US SENATE,statewide,gen,False,MAX DEAN,INDEPENDENT,False,total,2135.0,3700938.0,False,20210114,OTHER
1984,MICHIGAN,MI,26,34.0,23,US SENATE,statewide,gen,False,OTHER,,False,total,23.0,3700938.0,False,20210114,OTHER
1984,MICHIGAN,MI,26,34.0,23,US SENATE,statewide,gen,False,SAMUEL L. WEBB,COMMUNIST,False,total,1196.0,3700938.0,False,20210114,OTHER
1984,MICHIGAN,MI,26,34.0,23,US SENATE,statewide,gen,False,WILLIAM ROUNDTREE,WORKERS WORLD,False,total,2279.0,3700938.0,False,20210114,OTHER
1984,MINNESOTA,MN,27,41.0,33,US SENATE,statewide,gen,False,ELEANOR GARCIA,SOCIALIST WORKERS,False,total,5351.0,2066143.0,False,20210114,OTHER
1984,MINNESOTA,MN,27,41.0,33,US SENATE,statewide,gen,False,JEFFREY M. MILLER,NEW UNION,False,total,3129.0,2066143.0,False,20210114,OTHER
1984,MINNESOTA,MN,27,41.0,33,US SENATE,statewide,gen,False,JOAN ANDERSON GROWE,DEMOCRAT,False,total,852844.0,2066143.0,False,20210114,DEMOCRAT
1984,MINNESOTA,MN,27,41.0,33,US SENATE,statewide,gen,False,OTHER,,False,total,240.0,2066143.0,False,20210114,OTHER
1984,MINNESOTA,MN,27,41.0,33,US SENATE,statewide,gen,False,RICHARD PUTMAN,LIBERTARIAN,False,total,4653.0,2066143.0,False,20210114,LIBERTARIAN
1984,MINNESOTA,MN,27,41.0,33,US SENATE,statewide,gen,False,RUDY BOSCHWITZ,REPUBLICAN,False,total,1199926.0,2066143.0,False,20210114,REPUBLICAN
1984,MISSISSIPPI,MS,28,64.0,46,US SENATE,statewide,gen,False,THAD COCHRAN,REPUBLICAN,False,total,580314.0,952240.0,False,20210114,REPUBLICAN
1984,MISSISSIPPI,MS,28,64.0,46,US SENATE,statewide,gen,False,WILLIAM F. WINTER,DEMOCRAT,False,total,371926.0,952240.0,False,20210114,DEMOCRAT
1984,MONTANA,MT,30,81.0,64,US SENATE,statewide,gen,False,CHUCK COZZENS,REPUBLICAN,False,total,154308.0,379155.0,False,20210114,REPUBLICAN
1984,MONTANA,MT,30,81.0,64,US SENATE,statewide,gen,False,MAX BAUCUS,DEMOCRAT,False,total,215704.0,379155.0,False,20210114,DEMOCRAT
1984,MONTANA,MT,30,81.0,64,US SENATE,statewide,gen,False,NEIL HALPRIN,LIBERTARIAN,False,total,9143.0,379155.0,False,20210114,LIBERTARIAN
1984,NEBRASKA,NE,31,46.0,35,US SENATE,statewide,gen,False,J. J. EXON,DEMOCRAT,False,total,332217.0,639668.0,False,20210114,DEMOCRAT
1984,NEBRASKA,NE,31,46.0,35,US SENATE,statewide,gen,False,NANCY HOCH,REPUBLICAN,False,total,307147.0,639668.0,False,20210114,REPUBLICAN
1984,NEBRASKA,NE,31,46.0,35,US SENATE,statewide,gen,False,OTHER,,False,total,304.0,639668.0,False,20210114,OTHER
1984,NEW HAMPSHIRE,NH,33,12.0,4,US SENATE,statewide,gen,False,GORDON J. HUMPHREY,REPUBLICAN,False,total,225828.0,384369.0,False,20210114,REPUBLICAN
1984,NEW HAMPSHIRE,NH,33,12.0,4,US SENATE,statewide,gen,False,NORMAN E. D'AMOURS,DEMOCRAT,False,total,157447.0,384369.0,False,20210114,DEMOCRAT
1984,NEW HAMPSHIRE,NH,33,12.0,4,US SENATE,statewide,gen,False,SAUNDER H. PRIMACK,LIBERTARIAN,False,total,1094.0,384369.0,False,20210114,LIBERTARIAN
1984,NEW JERSEY,NJ,34,22.0,12,US SENATE,statewide,gen,False,BILL BRADLEY,DEMOCRAT,False,total,1986644.0,3096456.0,False,20210114,DEMOCRAT
1984,NEW JERSEY,NJ,34,22.0,12,US SENATE,statewide,gen,False,HAROLD F. LEIENDECKER,LIBERTARIAN,False,total,7135.0,3096456.0,False,20210114,LIBERTARIAN
1984,NEW JERSEY,NJ,34,22.0,12,US SENATE,statewide,gen,False,JAMES T. HAGEN,PROLIFE FISCAL CONSERVATIVE,False,total,10409.0,3096456.0,False,20210114,OTHER
1984,NEW JERSEY,NJ,34,22.0,12,US SENATE,statewide,gen,False,JASPER C. GOULD,CONTEMPT OF COURT,False,total,2891.0,3096456.0,False,20210114,OTHER
1984,NEW JERSEY,NJ,34,22.0,12,US SENATE,statewide,gen,False,JULIUS LEVIN,SOCIALIST LABOR,False,total,6053.0,3096456.0,False,20210114,OTHER
1984,NEW JERSEY,NJ,34,22.0,12,US SENATE,statewide,gen,False,MARY V. MOCHARY,REPUBLICAN,False,total,1080100.0,3096456.0,False,20210114,REPUBLICAN
1984,NEW JERSEY,NJ,34,22.0,12,US SENATE,statewide,gen,False,PRISCILLA SCHENK,SOCIALIST WORKERS,False,total,3224.0,3096456.0,False,20210114,OTHER
1984,NEW MEXICO,NM,35,85.0,66,US SENATE,statewide,gen,False,JUDITH A. PRATT,DEMOCRAT,False,total,141253.0,502634.0,False,20210114,DEMOCRAT
1984,NEW MEXICO,NM,35,85.0,66,US SENATE,statewide,gen,False,OTHER,,False,total,10.0,502634.0,False,20210114,OTHER
1984,NEW MEXICO,NM,35,85.0,66,US SENATE,statewide,gen,False,PETE V. DOMENICI,REPUBLICAN,False,total,361371.0,502634.0,False,20210114,REPUBLICAN
1984,NORTH CAROLINA,NC,37,56.0,47,US SENATE,statewide,gen,False,BOBBY YATES EMORY,LIBERTARIAN,False,total,9302.0,2239051.0,False,20210114,LIBERTARIAN
1984,NORTH CAROLINA,NC,37,56.0,47,US SENATE,statewide,gen,False,JAMES B. (JIM) HUNT JR.,DEMOCRAT,False,total,1070488.0,2239051.0,False,20210114,DEMOCRAT
1984,NORTH CAROLINA,NC,37,56.0,47,US SENATE,statewide,gen,False,JESSE HELMS,REPUBLICAN,False,total,1156768.0,2239051.0,False,20210114,REPUBLICAN
1984,NORTH CAROLINA,NC,37,56.0,47,US SENATE,statewide,gen,False,KATE DAHER,SOCIALIST WORKERS,False,total,2493.0,2239051.0,False,20210114,OTHER
1984,OKLAHOMA,OK,40,73.0,53,US SENATE,statewide,gen,False,DAVID BOREN,DEMOCRAT,False,total,906131.0,1197937.0,False,20210114,DEMOCRAT
1984,OKLAHOMA,OK,40,73.0,53,US SENATE,statewide,gen,False,ROBERT T. MURPHY,LIBERTARIAN,False,total,11168.0,1197937.0,False,20210114,LIBERTARIAN
1984,OKLAHOMA,OK,40,73.0,53,US SENATE,statewide,gen,False,WILL E. BILL CROZIER,REPUBLICAN,False,total,280638.0,1197937.0,False,20210114,REPUBLICAN
1984,OREGON,OR,41,92.0,72,US SENATE,statewide,gen,False,MARGIE HENDRIKSEN,DEMOCRAT,False,total,406122.0,1214735.0,False,20210114,DEMOCRAT
1984,OREGON,OR,41,92.0,72,US SENATE,statewide,gen,False,MARK O. HATFIELD,REPUBLICAN,False,total,808152.0,1214735.0,False,20210114,REPUBLICAN
1984,OREGON,OR,41,92.0,72,US SENATE,statewide,gen,False,OTHER,,False,total,461.0,1214735.0,False,20210114,OTHER
1984,RHODE ISLAND,RI,44,15.0,5,US SENATE,statewide,gen,False,BARBARA M. LEONARD,REPUBLICAN,False,total,107545.0,393356.0,False,20210114,REPUBLICAN
1984,RHODE ISLAND,RI,44,15.0,5,US SENATE,statewide,gen,False,CLAIBORNE DEB. PELL,DEMOCRAT,False,total,285811.0,393356.0,False,20210114,DEMOCRAT
1984,SOUTH CAROLINA,SC,45,57.0,48,US SENATE,statewide,gen,False,MELVIN PURVIS,DEMOCRAT,False,total,306982.0,965130.0,False,20210114,DEMOCRAT
1984,SOUTH CAROLINA,SC,45,57.0,48,US SENATE,statewide,gen,False,STEPHEN DAVIS,LIBERTARIAN,False,total,13333.0,965130.0,False,20210114,LIBERTARIAN
1984,SOUTH CAROLINA,SC,45,57.0,48,US SENATE,statewide,gen,False,STROM THURMOND,REPUBLICAN,False,total,644815.0,965130.0,False,20210114,REPUBLICAN
1984,SOUTH DAKOTA,SD,46,45.0,37,US SENATE,statewide,gen,False,GEORGE V. CUNNINGHAM,DEMOCRAT,False,total,80537.0,315713.0,False,20210114,DEMOCRAT
1984,SOUTH DAKOTA,SD,46,45.0,37,US SENATE,statewide,gen,False,LARRY PRESSLER,REPUBLICAN,False,total,235176.0,315713.0,False,20210114,REPUBLICAN
1984,TENNESSEE,TN,47,62.0,54,US SENATE,statewide,gen,False,ALBERT GORE JR.,DEMOCRAT,False,total,1000607.0,1648036.0,False,20210114,DEMOCRAT
1984,TENNESSEE,TN,47,62.0,54,US SENATE,statewide,gen,False,ED MCATEER,INDEPENDENT,False,total,87234.0,1648036.0,False,20210114,OTHER
1984,TENNESSEE,TN,47,62.0,54,US SENATE,statewide,gen,False,KHALIL-ULLAH AL-MUHAYMIN,INDEPENDENT,False,total,3179.0,1648036.0,False,20210114,OTHER
1984,TENNESSEE,TN,47,62.0,54,US SENATE,statewide,gen,False,VICTOR ASHE,REPUBLICAN,False,total,557016.0,1648036.0,False,20210114,REPUBLICAN
1984,TEXAS,TX,48,74.0,49,US SENATE,statewide,gen,False,LLOYD DOGGETT,DEMOCRAT,False,total,2202557.0,5314178.0,False,20210114,DEMOCRAT
1984,TEXAS,TX,48,74.0,49,US SENATE,statewide,gen,False,OTHER,,False,total,273.0,5314178.0,False,20210114,OTHER
1984,TEXAS,TX,48,74.0,49,US SENATE,statewide,gen,False,PHIL GRAMM,REPUBLICAN,False,total,3111348.0,5314178.0,False,20210114,REPUBLICAN
1984,VIRGINIA,VA,51,54.0,40,US SENATE,statewide,gen,False,"EDYTHE C. ""EDIE"" HARRISON",DEMOCRAT,False,total,601142.0,2007487.0,False,20210114,DEMOCRAT
1984,VIRGINIA,VA,51,54.0,40,US SENATE,statewide,gen,False,JOHN W. WARNER,REPUBLICAN,False,total,1406194.0,2007487.0,False,20210114,REPUBLICAN
1984,VIRGINIA,VA,51,54.0,40,US SENATE,statewide,gen,False,OTHER,,False,total,151.0,2007487.0,False,20210114,OTHER
1984,WEST VIRGINIA,WV,54,55.0,56,US SENATE,statewide,gen,False,JAY ROCKEFELLER,DEMOCRAT,False,total,374233.0,722212.0,False,20210114,DEMOCRAT
1984,WEST VIRGINIA,WV,54,55.0,56,US SENATE,statewide,gen,False,JOHN R. RAESE,REPUBLICAN,False,total,344680.0,722212.0,False,20210114,REPUBLICAN
1984,WEST VIRGINIA,WV,54,55.0,56,US SENATE,statewide,gen,False,"MARY E. ""JOAN"" RADIN",SOCIALIST WORKERS,False,total,3299.0,722212.0,False,20210114,OTHER
1984,WYOMING,WY,56,83.0,68,US SENATE,statewide,gen,False,AL SIMPSON,REPUBLICAN,False,total,146373.0,186898.0,False,20210114,REPUBLICAN
1984,WYOMING,WY,56,83.0,68,US SENATE,statewide,gen,False,VICTOR A. RYAN,DEMOCRAT,False,total,40525.0,186898.0,False,20210114,DEMOCRAT
1986,ALABAMA,AL,1,63.0,41,US SENATE,statewide,gen,False,JEREMIAH DENTON,REPUBLICAN,False,total,602537.0,1211897.0,False,20210114,REPUBLICAN
1986,ALABAMA,AL,1,63.0,41,US SENATE,statewide,gen,False,RICHARD SHELBY,DEMOCRAT,False,total,609360.0,1211897.0,False,20210114,DEMOCRAT
1986,ALASKA,AK,2,94.0,81,US SENATE,statewide,gen,False,CHUCK HOUSE,LIBERTARIAN,False,total,3161.0,180801.0,False,20210114,LIBERTARIAN
1986,ALASKA,AK,2,94.0,81,US SENATE,statewide,gen,False,FRANK H. MURKOWSKI,REPUBLICAN,False,total,97674.0,180801.0,False,20210114,REPUBLICAN
1986,ALASKA,AK,2,94.0,81,US SENATE,statewide,gen,False,GLENN OLDS,DEMOCRAT,False,total,79727.0,180801.0,False,20210114,DEMOCRAT
1986,ALASKA,AK,2,94.0,81,US SENATE,statewide,gen,False,,,True,total,239.0,180801.0,False,20210114,OTHER
1986,ARIZONA,AZ,4,86.0,61,US SENATE,statewide,gen,False,JOHN MCCAIN,REPUBLICAN,False,total,521850.0,862921.0,False,20210114,REPUBLICAN
1986,ARIZONA,AZ,4,86.0,61,US SENATE,statewide,gen,False,RICHARD KIMBALL,DEMOCRAT,False,total,340965.0,862921.0,False,20210114,DEMOCRAT
1986,ARIZONA,AZ,4,86.0,61,US SENATE,statewide,gen,False,,,True,total,18.0,862921.0,False,20210114,OTHER
1986,ARIZONA,AZ,4,86.0,61,US SENATE,statewide,gen,False,,,True,total,28.0,862921.0,False,20210114,OTHER
1986,ARIZONA,AZ,4,86.0,61,US SENATE,statewide,gen,False,,,True,total,60.0,862921.0,False,20210114,OTHER
1986,ARKANSAS,AR,5,71.0,42,US SENATE,statewide,gen,False,ASA HUTCHINSON,REPUBLICAN,False,total,262313.0,695487.0,False,20210114,REPUBLICAN
1986,ARKANSAS,AR,5,71.0,42,US SENATE,statewide,gen,False,DALE BUMPERS,DEMOCRAT,False,total,433122.0,695487.0,False,20210114,DEMOCRAT
1986,ARKANSAS,AR,5,71.0,42,US SENATE,statewide,gen,False,,,True,total,52.0,695487.0,False,20210114,OTHER
1986,CALIFORNIA,CA,6,93.0,71,US SENATE,statewide,gen,False,ALAN CRANSTON,DEMOCRAT,False,total,3646672.0,7398462.0,False,20210114,DEMOCRAT
1986,CALIFORNIA,CA,6,93.0,71,US SENATE,statewide,gen,False,BRECK MCKINLEY,LIBERTARIAN,False,total,66261.0,7398462.0,False,20210114,LIBERTARIAN
1986,CALIFORNIA,CA,6,93.0,71,US SENATE,statewide,gen,False,ED ZSCHAU,REPUBLICAN,False,total,3541804.0,7398462.0,False,20210114,REPUBLICAN
1986,CALIFORNIA,CA,6,93.0,71,US SENATE,statewide,gen,False,"EDWARD B. ""ED"" VALLEN",INDEPENDENT,False,total,109856.0,7398462.0,False,20210114,OTHER
1986,CALIFORNIA,CA,6,93.0,71,US SENATE,statewide,gen,False,PAUL KANGAS,PEACE AND FREEDOM,False,total,33869.0,7398462.0,False,20210114,OTHER
1986,COLORADO,CO,8,84.0,62,US SENATE,statewide,gen,False,CALVIN G. DODGE,PROHIBITION,False,total,1571.0,1060765.0,False,20210114,OTHER
1986,COLORADO,CO,8,84.0,62,US SENATE,statewide,gen,False,HENRY JOHN OLSHAW,UNAFFILIATED AMERICAN,False,total,1868.0,1060765.0,False,20210114,OTHER
1986,COLORADO,CO,8,84.0,62,US SENATE,statewide,gen,False,KEN KRAMER,REPUBLICAN,False,total,512994.0,1060765.0,False,20210114,REPUBLICAN
1986,COLORADO,CO,8,84.0,62,US SENATE,statewide,gen,False,MICHAEL MARTIN BUSH,INDEPENDENT,False,total,11127.0,1060765.0,False,20210114,OTHER
1986,COLORADO,CO,8,84.0,62,US SENATE,statewide,gen,False,MICHAEL R. CHAMBERLAIN,SOCIALIST WORKERS,False,total,3756.0,1060765.0,False,20210114,OTHER
1986,COLORADO,CO,8,84.0,62,US SENATE,statewide,gen,False,TIMOTHY E. WIRTH,DEMOCRAT,False,total,529449.0,1060765.0,False,20210114,DEMOCRAT
1986,CONNECTICUT,CT,9,16.0,1,US SENATE,statewide,gen,False,CHRISTOPHER J. DODD,DEMOCRAT,False,total,632695.0,976933.0,False,20210114,DEMOCRAT
1986,CONNECTICUT,CT,9,16.0,1,US SENATE,statewide,gen,False,"EDWARD J. MCCALLUM, JR.",NONE,False,total,3800.0,976933.0,False,20210114,OTHER
1986,CONNECTICUT,CT,9,16.0,1,US SENATE,statewide,gen,False,ROGER W. EDDY,REPUBLICAN,False,total,340438.0,976933.0,False,20210114,REPUBLICAN
1986,FLORIDA,FL,12,59.0,43,US SENATE,statewide,gen,False,BOB GRAHAM,DEMOCRAT,False,total,1877543.0,3429996.0,False,20210114,DEMOCRAT
1986,FLORIDA,FL,12,59.0,43,US SENATE,statewide,gen,False,PAULA HAWKINS,REPUBLICAN,False,total,1552376.0,3429996.0,False,20210114,REPUBLICAN
1986,FLORIDA,FL,12,59.0,43,US SENATE,statewide,gen,False,,,True,total,77.0,3429996.0,False,20210114,OTHER
1986,GEORGIA,GA,13,58.0,44,US SENATE,statewide,gen,False,MACK MATTINGLY,REPUBLICAN,False,total,601241.0,1225008.0,False,20210114,REPUBLICAN
1986,GEORGIA,GA,13,58.0,44,US SENATE,statewide,gen,False,WYCHE FOWLER JR.,DEMOCRAT,False,total,623707.0,1225008.0,False,20210114,DEMOCRAT
1986,GEORGIA,GA,13,58.0,44,US SENATE,statewide,gen,False,,,True,total,60.0,1225008.0,False,20210114,OTHER
1986,HAWAII,HI,15,95.0,82,US SENATE,statewide,gen,False,DANIEL K. INOUYE,DEMOCRAT,False,total,241887.0,328797.0,False,20210114,DEMOCRAT
1986,HAWAII,HI,15,95.0,82,US SENATE,statewide,gen,False,FRANK HUTCHINSON,REPUBLICAN,False,total,86910.0,328797.0,False,20210114,REPUBLICAN
1986,IDAHO,ID,16,82.0,63,US SENATE,statewide,gen,False,JOHN V. EVANS,DEMOCRAT,False,total,185066.0,382024.0,False,20210114,DEMOCRAT
1986,IDAHO,ID,16,82.0,63,US SENATE,statewide,gen,False,STEVE SYMMS,REPUBLICAN,False,total,196958.0,382024.0,False,20210114,REPUBLICAN
1986,ILLINOIS,IL,17,33.0,21,US SENATE,statewide,gen,False,ALAN J. DIXON,DEMOCRAT,False,total,2033783.0,3122883.0,False,20210114,DEMOCRAT
1986,ILLINOIS,IL,17,33.0,21,US SENATE,statewide,gen,False,DONALD M. PARRISH JR.,LIBERTARIAN,False,total,13891.0,3122883.0,False,20210114,LIBERTARIAN
1986,ILLINOIS,IL,17,33.0,21,US SENATE,statewide,gen,False,ELINAR V. DYHRKOPP,ILLINOIS SOLIDARITY,False,total,15804.0,3122883.0,False,20210114,OTHER
1986,ILLINOIS,IL,17,33.0,21,US SENATE,statewide,gen,False,JUDY KOEHLER,REPUBLICAN,False,total,1053734.0,3122883.0,False,20210114,REPUBLICAN
1986,ILLINOIS,IL,17,33.0,21,US SENATE,statewide,gen,False,OMARI MUSA,SOCIALIST WORKERS,False,total,5671.0,3122883.0,False,20210114,OTHER
1986,INDIANA,IN,18,32.0,22,US SENATE,statewide,gen,False,BRADFORD L. WARREN,LIBERTARIAN,False,total,8314.0,1545563.0,False,20210114,LIBERTARIAN
1986,INDIANA,IN,18,32.0,22,US SENATE,statewide,gen,False,DAN QUAYLE,REPUBLICAN,False,total,936143.0,1545563.0,False,20210114,REPUBLICAN
1986,INDIANA,IN,18,32.0,22,US SENATE,statewide,gen,False,JILL LYNETTE LONG,DEMOCRAT,False,total,595192.0,1545563.0,False,20210114,DEMOCRAT
1986,INDIANA,IN,18,32.0,22,US SENATE,statewide,gen,False,ROCKLAND R. SNYDER,AMERICAN,False,total,5914.0,1545563.0,False,20210114,OTHER
1986,IOWA,IA,19,42.0,31,US SENATE,statewide,gen,False,CHARLES E. GRASSLEY,REPUBLICAN,False,total,588880.0,891762.0,False,20210114,REPUBLICAN
1986,IOWA,IA,19,42.0,31,US SENATE,statewide,gen,False,JOHN MASTERS,NOMINATED BY PETITION,False,total,3370.0,891762.0,False,20210114,OTHER
1986,IOWA,IA,19,42.0,31,US SENATE,statewide,gen,False,JOHN O. ROEHRICK,DEMOCRAT,False,total,299406.0,891762.0,False,20210114,DEMOCRAT
1986,IOWA,IA,19,42.0,31,US SENATE,statewide,gen,False,SCATTER,,False,total,106.0,891762.0,False,20210114,OTHER
1986,KANSAS,KS,20,47.0,32,US SENATE,statewide,gen,False,BOB DOLE,REPUBLICAN,False,total,576902.0,823566.0,False,20210114,REPUBLICAN
1986,KANSAS,KS,20,47.0,32,US SENATE,statewide,gen,False,GUY MACDONALD,DEMOCRAT,False,total,246664.0,823566.0,False,20210114,DEMOCRAT
1986,KENTUCKY,KY,21,61.0,51,US SENATE,statewide,gen,False,JACKSON M. ANDREWS,REPUBLICAN,False,total,173330.0,677280.0,False,20210114,REPUBLICAN
1986,KENTUCKY,KY,21,61.0,51,US SENATE,statewide,gen,False,WENDELL H. FORD,DEMOCRAT,False,total,503775.0,677280.0,False,20210114,DEMOCRAT
1986,KENTUCKY,KY,21,61.0,51,US SENATE,statewide,gen,False,,,True,total,175.0,677280.0,False,20210114,OTHER
1986,LOUISIANA,LA,22,72.0,45,US SENATE,statewide,gen,False,JOHN B. BREAUX,DEMOCRAT,False,total,723586.0,1369897.0,False,20210114,DEMOCRAT
1986,LOUISIANA,LA,22,72.0,45,US SENATE,statewide,gen,False,W. HENSON MOORE,REPUBLICAN,False,total,646311.0,1369897.0,False,20210114,REPUBLICAN
1986,MARYLAND,MD,24,52.0,52,US SENATE,statewide,gen,False,BARBARA A. MIKULSKI,DEMOCRAT,False,total,675225.0,1112637.0,False,20210114,DEMOCRAT
1986,MARYLAND,MD,24,52.0,52,US SENATE,statewide,gen,False,LINDA CHAVEZ,REPUBLICAN,False,total,437411.0,1112637.0,False,20210114,REPUBLICAN
1986,MARYLAND,MD,24,52.0,52,US SENATE,statewide,gen,False,,,True,total,1.0,1112637.0,False,20210114,OTHER
1986,MISSOURI,MO,29,43.0,34,US SENATE,statewide,gen,False,BETTY SHEPHERD,INDEPENDENT,False,total,91.0,1477327.0,False,20210114,OTHER
1986,MISSOURI,MO,29,43.0,34,US SENATE,statewide,gen,False,CHRISTOPHER (KIT) BOND,REPUBLICAN,False,total,777612.0,1477327.0,False,20210114,REPUBLICAN
1986,MISSOURI,MO,29,43.0,34,US SENATE,statewide,gen,False,HARRIETT WOODS,DEMOCRAT,False,total,699624.0,1477327.0,False,20210114,DEMOCRAT
1986,NEVADA,NV,32,88.0,65,US SENATE,statewide,gen,False,HARRY REID,DEMOCRAT,False,total,130955.0,261932.0,False,20210114,DEMOCRAT
1986,NEVADA,NV,32,88.0,65,US SENATE,statewide,gen,False,JIM SANTINI,REPUBLICAN,False,total,116606.0,261932.0,False,20210114,REPUBLICAN
1986,NEVADA,NV,32,88.0,65,US SENATE,statewide,gen,False,KENT CROMWELL,LIBERTARIAN,False,total,4899.0,261932.0,False,20210114,LIBERTARIAN
1986,NEVADA,NV,32,88.0,65,US SENATE,statewide,gen,False,OTHER,,False,total,9472.0,261932.0,False,20210114,OTHER
1986,NEW HAMPSHIRE,NH,33,12.0,4,US SENATE,statewide,gen,False,BRUCE VALLEY,INDEPENDENT,False,total,11423.0,244735.0,False,20210114,OTHER
1986,NEW HAMPSHIRE,NH,33,12.0,4,US SENATE,statewide,gen,False,ENDICOTT PEABODY,DEMOCRAT,False,total,79222.0,244735.0,False,20210114,DEMOCRAT
1986,NEW HAMPSHIRE,NH,33,12.0,4,US SENATE,statewide,gen,False,WARREN B. RUDMAN,REPUBLICAN,False,total,154090.0,244735.0,False,20210114,REPUBLICAN
1986,NEW YORK,NY,36,21.0,13,US SENATE,statewide,gen,False,ALFONSE M. D'AMATO,RIGHT TO LIFE,False,total,135836.0,4484859.0,False,20210114,OTHER
1986,NEW YORK,NY,36,21.0,13,US SENATE,statewide,gen,False,ALFONSE M. D'AMATO,CONSERVATIVE,False,total,212101.0,4484859.0,False,20210114,OTHER
1986,NEW YORK,NY,36,21.0,13,US SENATE,statewide,gen,False,ALFONSE M. D'AMATO,REPUBLICAN,False,total,2030260.0,4484859.0,False,20210114,REPUBLICAN
1986,NEW YORK,NY,36,21.0,13,US SENATE,statewide,gen,False,FREDERICK D. NEWMAN,NEW ALLIANCE,False,total,10559.0,4484859.0,False,20210114,OTHER
1986,NEW YORK,NY,36,21.0,13,US SENATE,statewide,gen,False,JOHN DYSON,LIBERAL,False,total,60099.0,4484859.0,False,20210114,OTHER
1986,NEW YORK,NY,36,21.0,13,US SENATE,statewide,gen,False,MARK GREEN,DEMOCRAT,False,total,1723216.0,4484859.0,False,20210114,DEMOCRAT
1986,NEW YORK,NY,36,21.0,13,US SENATE,statewide,gen,False,MICHARL SHUR,SOCIALIST WORKERS,False,total,7376.0,4484859.0,False,20210114,OTHER
1986,NEW YORK,NY,36,21.0,13,US SENATE,statewide,gen,False,OTHER,,False,total,305412.0,4484859.0,False,20210114,OTHER
1986,NORTH CAROLINA,NC,37,56.0,47,US SENATE,statewide,gen,True,JAMES T. (JIM) BROYHILL,REPUBLICAN,False,total,753881.0,1534848.0,False,20210114,REPUBLICAN
1986,NORTH CAROLINA,NC,37,56.0,47,US SENATE,statewide,gen,True,TERRY SANFORD,DEMOCRAT,False,total,780967.0,1534848.0,False,20210114,DEMOCRAT
1986,NORTH DAKOTA,ND,38,44.0,36,US SENATE,statewide,gen,False,ANNA BELLE BOURGOIS,INDEPENDENT,False,total,3269.0,289013.0,False,20210114,OTHER
1986,NORTH DAKOTA,ND,38,44.0,36,US SENATE,statewide,gen,False,KENT CONRAD,DEMOCRAT,False,total,143932.0,289013.0,False,20210114,DEMOCRAT
1986,NORTH DAKOTA,ND,38,44.0,36,US SENATE,statewide,gen,False,MARK ANDREWS,REPUBLICAN,False,total,141812.0,289013.0,False,20210114,REPUBLICAN
1986,OHIO,OH,39,31.0,24,US SENATE,statewide,gen,False,JOHN GLENN,DEMOCRAT,False,total,1949208.0,3121189.0,False,20210114,DEMOCRAT
1986,OHIO,OH,39,31.0,24,US SENATE,statewide,gen,False,THOMAS N. KINDNESS,REPUBLICAN,False,total,1171893.0,3121189.0,False,20210114,REPUBLICAN
1986,OHIO,OH,39,31.0,24,US SENATE,statewide,gen,False,,,True,total,88.0,3121189.0,False,20210114,OTHER
1986,OKLAHOMA,OK,40,73.0,53,US SENATE,statewide,gen,False,DON NICKLES,REPUBLICAN,False,total,493436.0,893666.0,False,20210114,REPUBLICAN
1986,OKLAHOMA,OK,40,73.0,53,US SENATE,statewide,gen,False,JAMES R. JONES,DEMOCRAT,False,total,400230.0,893666.0,False,20210114,DEMOCRAT
1986,OREGON,OR,41,92.0,72,US SENATE,statewide,gen,False,BOB PACKWOOD,REPUBLICAN,False,total,656317.0,1042555.0,False,20210114,REPUBLICAN
1986,OREGON,OR,41,92.0,72,US SENATE,statewide,gen,False,OTHER,,False,total,10503.0,1042555.0,False,20210114,OTHER
1986,OREGON,OR,41,92.0,72,US SENATE,statewide,gen,False,RICK BAUMAN,DEMOCRAT,False,total,375735.0,1042555.0,False,20210114,DEMOCRAT
1986,PENNSYLVANIA,PA,42,23.0,14,US SENATE,statewide,gen,False,ARLEN SPECTER,REPUBLICAN,False,total,1906537.0,3378226.0,False,20210114,REPUBLICAN
1986,PENNSYLVANIA,PA,42,23.0,14,US SENATE,statewide,gen,False,BOB EDGAR,DEMOCRAT,False,total,1448219.0,3378226.0,False,20210114,DEMOCRAT
1986,PENNSYLVANIA,PA,42,23.0,14,US SENATE,statewide,gen,False,LANCE S. HAVER,CONSUMER,False,total,23470.0,3378226.0,False,20210114,OTHER
1986,SOUTH CAROLINA,SC,45,57.0,48,US SENATE,statewide,gen,False,ERNEST FRITZ HOLLINGS,DEMOCRAT,False,total,465500.0,737962.0,False,20210114,DEMOCRAT
1986,SOUTH CAROLINA,SC,45,57.0,48,US SENATE,statewide,gen,False,HENRY D. MCMASTER,REPUBLICAN,False,total,262886.0,737962.0,False,20210114,REPUBLICAN
1986,SOUTH CAROLINA,SC,45,57.0,48,US SENATE,statewide,gen,False,RAY HILLYARD,AMERICAN,False,total,4588.0,737962.0,False,20210114,OTHER
1986,SOUTH CAROLINA,SC,45,57.0,48,US SENATE,statewide,gen,False,STEVEN B. VANDERVELDE,LIBERTARIAN,False,total,4789.0,737962.0,False,20210114,LIBERTARIAN
1986,SOUTH CAROLINA,SC,45,57.0,48,US SENATE,statewide,gen,False,,,True,total,199.0,737962.0,False,20210114,OTHER
1986,SOUTH DAKOTA,SD,46,45.0,37,US SENATE,statewide,gen,False,JAMES ABDNOR,REPUBLICAN,False,total,143173.0,295830.0,False,20210114,REPUBLICAN
1986,SOUTH DAKOTA,SD,46,45.0,37,US SENATE,statewide,gen,False,THOMAS A. DASCHLE,DEMOCRAT,False,total,152657.0,295830.0,False,20210114,DEMOCRAT
1986,UTAH,UT,49,87.0,67,US SENATE,statewide,gen,False,CRAIG S. OLIVER,DEMOCRAT,False,total,115523.0,435111.0,False,20210114,DEMOCRAT
1986,UTAH,UT,49,87.0,67,US SENATE,statewide,gen,False,"E. J. ""JAKE"" GARN",REPUBLICAN,False,total,314608.0,435111.0,False,20210114,REPUBLICAN
1986,UTAH,UT,49,87.0,67,US SENATE,statewide,gen,False,HUGH A. BUTLER,LIBERTARIAN,False,total,3023.0,435111.0,False,20210114,LIBERTARIAN
1986,UTAH,UT,49,87.0,67,US SENATE,statewide,gen,False,MARY ZINS,SOCIALIST WORKERS,False,total,1863.0,435111.0,False,20210114,OTHER
1986,UTAH,UT,49,87.0,67,US SENATE,statewide,gen,False,,,True,total,94.0,435111.0,False,20210114,OTHER
1986,VERMONT,VT,50,13.0,6,US SENATE,statewide,gen,False,ANTHONY N. DORIA,CONSERVATIVE,False,total,2963.0,196532.0,False,20210114,OTHER
1986,VERMONT,VT,50,13.0,6,US SENATE,statewide,gen,False,DICK SNELLING,REPUBLICAN,False,total,67798.0,196532.0,False,20210114,REPUBLICAN
1986,VERMONT,VT,50,13.0,6,US SENATE,statewide,gen,False,JERRY LEVY,LIBERTY UNION,False,total,1583.0,196532.0,False,20210114,OTHER
1986,VERMONT,VT,50,13.0,6,US SENATE,statewide,gen,False,PATRICK LEAHY,DEMOCRAT,False,total,124123.0,196532.0,False,20210114,DEMOCRAT
1986,VERMONT,VT,50,13.0,6,US SENATE,statewide,gen,False,SCATTER,,False,total,65.0,196532.0,False,20210114,OTHER
1986,WASHINGTON,WA,53,91.0,73,US SENATE,statewide,gen,False,BROCK ADAMS,DEMOCRAT,False,total,677471.0,1337367.0,False,20210114,DEMOCRAT
1986,WASHINGTON,WA,53,91.0,73,US SENATE,statewide,gen,False,JILL FEIN,SOCIALIST WORKERS,False,total,8965.0,1337367.0,False,20210114,OTHER
1986,WASHINGTON,WA,53,91.0,73,US SENATE,statewide,gen,False,SLADE GORTON,REPUBLICAN,False,total,650931.0,1337367.0,False,20210114,REPUBLICAN
1986,WISCONSIN,WI,55,35.0,25,US SENATE,statewide,gen,False,EDWARD R. GARVEY,DEMOCRAT,False,total,702963.0,1483174.0,False,20210114,DEMOCRAT
1986,WISCONSIN,WI,55,35.0,25,US SENATE,statewide,gen,False,EUGENE A. HEM,THIRD PARTY,False,total,2234.0,1483174.0,False,20210114,OTHER
1986,WISCONSIN,WI,55,35.0,25,US SENATE,statewide,gen,False,MARGO STORSTEEN,SOCIALIST WORKERS,False,total,2926.0,1483174.0,False,20210114,OTHER
1986,WISCONSIN,WI,55,35.0,25,US SENATE,statewide,gen,False,PETER Y. TAYLOR SR.,INDEPENDENT,False,total,19266.0,1483174.0,False,20210114,OTHER
1986,WISCONSIN,WI,55,35.0,25,US SENATE,statewide,gen,False,ROBERT W. KASTEN JR.,REPUBLICAN,False,total,754573.0,1483174.0,False,20210114,REPUBLICAN
1986,WISCONSIN,WI,55,35.0,25,US SENATE,statewide,gen,False,SCATTER,,False,total,1212.0,1483174.0,False,20210114,OTHER
1988,ARIZONA,AZ,4,86.0,61,US SENATE,statewide,gen,False,DENNIS DECONCINI,DEMOCRAT,False,total,660403.0,1164539.0,False,20210114,DEMOCRAT
1988,ARIZONA,AZ,4,86.0,61,US SENATE,statewide,gen,False,ED FINKELSTEIN,NEW ALLIANCE,False,total,5195.0,1164539.0,False,20210114,OTHER
1988,ARIZONA,AZ,4,86.0,61,US SENATE,statewide,gen,False,KEITH DEGREEN,REPUBLICAN,False,total,478060.0,1164539.0,False,20210114,REPUBLICAN
1988,ARIZONA,AZ,4,86.0,61,US SENATE,statewide,gen,False,RICK TOMPKINS,LIBERTARIAN,False,total,20849.0,1164539.0,False,20210114,LIBERTARIAN
1988,ARIZONA,AZ,4,86.0,61,US SENATE,statewide,gen,False,,,True,total,32.0,1164539.0,False,20210114,OTHER
1988,CALIFORNIA,CA,6,93.0,71,US SENATE,statewide,gen,False,JACK DEAN,LIBERTARIAN,False,total,79997.0,9743598.0,False,20210114,LIBERTARIAN
1988,CALIFORNIA,CA,6,93.0,71,US SENATE,statewide,gen,False,LEO MCCARTHY,DEMOCRAT,False,total,4287253.0,9743598.0,False,20210114,DEMOCRAT
1988,CALIFORNIA,CA,6,93.0,71,US SENATE,statewide,gen,False,M. ELIZABETH MUNOZ,PEACE AND FREEDOM,False,total,166600.0,9743598.0,False,20210114,OTHER
1988,CALIFORNIA,CA,6,93.0,71,US SENATE,statewide,gen,False,MERTON D. SHORT,INDEPENDENT,False,total,66288.0,9743598.0,False,20210114,OTHER
1988,CALIFORNIA,CA,6,93.0,71,US SENATE,statewide,gen,False,PETE WILSON,REPUBLICAN,False,total,5143409.0,9743598.0,False,20210114,REPUBLICAN
1988,CALIFORNIA,CA,6,93.0,71,US SENATE,statewide,gen,False,,,True,total,51.0,9743598.0,False,20210114,OTHER
1988,CONNECTICUT,CT,9,16.0,1,US SENATE,statewide,gen,False,"HOWARD AVORY GRAYSON, JR.",LIBERTARIAN,False,total,12409.0,1383526.0,False,20210114,LIBERTARIAN
1988,CONNECTICUT,CT,9,16.0,1,US SENATE,statewide,gen,False,JOE LIEBERMAN,DEMOCRAT,False,total,688499.0,1383526.0,False,20210114,DEMOCRAT
1988,CONNECTICUT,CT,9,16.0,1,US SENATE,statewide,gen,False,"LOWELL P. WEICHER, JR.",REPUBLICAN,False,total,678454.0,1383526.0,False,20210114,REPUBLICAN
1988,CONNECTICUT,CT,9,16.0,1,US SENATE,statewide,gen,False,MELISSA M. FISHER,NEW ALLIANCE,False,total,4154.0,1383526.0,False,20210114,OTHER
1988,CONNECTICUT,CT,9,16.0,1,US SENATE,statewide,gen,False,,,True,total,10.0,1383526.0,False,20210114,OTHER
1988,DELAWARE,DE,10,51.0,11,US SENATE,statewide,gen,False,S. B. WOO,DEMOCRAT,False,total,92378.0,243493.0,False,20210114,DEMOCRAT
1988,DELAWARE,DE,10,51.0,11,US SENATE,statewide,gen,False,"WILLIAM V. ROTH, JR.",REPUBLICAN,False,total,151115.0,243493.0,False,20210114,REPUBLICAN
1988,FLORIDA,FL,12,59.0,43,US SENATE,statewide,gen,False,BUDDY MACKAY,DEMOCRAT,False,total,2016553.0,4068209.0,False,20210114,DEMOCRAT
1988,FLORIDA,FL,12,59.0,43,US SENATE,statewide,gen,False,CONNIE MACK,REPUBLICAN,False,total,2051071.0,4068209.0,False,20210114,REPUBLICAN
1988,FLORIDA,FL,12,59.0,43,US SENATE,statewide,gen,False,,,True,total,585.0,4068209.0,False,20210114,OTHER
1988,HAWAII,HI,15,95.0,82,US SENATE,statewide,gen,False,KEN SCHOOLLAND,LIBERTARIAN,False,total,8948.0,323876.0,False,20210114,LIBERTARIAN
1988,HAWAII,HI,15,95.0,82,US SENATE,statewide,gen,False,MARIA M. HUSTACE,REPUBLICAN,False,total,66987.0,323876.0,False,20210114,REPUBLICAN
1988,HAWAII,HI,15,95.0,82,US SENATE,statewide,gen,False,SPARK MATSUNAGA,DEMOCRAT,False,total,247941.0,323876.0,False,20210114,DEMOCRAT
1988,INDIANA,IN,18,32.0,22,US SENATE,statewide,gen,False,JACK WICKES,DEMOCRAT,False,total,668778.0,2099303.0,False,20210114,DEMOCRAT
1988,INDIANA,IN,18,32.0,22,US SENATE,statewide,gen,False,RICHARD G. LUGAR,REPUBLICAN,False,total,1430525.0,2099303.0,False,20210114,REPUBLICAN
1988,MAINE,ME,23,11.0,2,US SENATE,statewide,gen,False,GEORGE J. MITCHELL,DEMOCRAT,False,total,452581.0,556745.0,False,20210114,DEMOCRAT
1988,MAINE,ME,23,11.0,2,US SENATE,statewide,gen,False,JASPER S. WYMAN,REPUBLICAN,False,total,104164.0,556745.0,False,20210114,REPUBLICAN
1988,MARYLAND,MD,24,52.0,52,US SENATE,statewide,gen,False,ALAN L. KEYES,REPUBLICAN,False,total,617537.0,1617065.0,False,20210114,REPUBLICAN
1988,MARYLAND,MD,24,52.0,52,US SENATE,statewide,gen,False,PAUL S. SARBANES,DEMOCRAT,False,total,999166.0,1617065.0,False,20210114,DEMOCRAT
1988,MARYLAND,MD,24,52.0,52,US SENATE,statewide,gen,False,,,True,total,362.0,1617065.0,False,20210114,OTHER
1988,MASSACHUSETTS,MA,25,14.0,3,US SENATE,statewide,gen,False,EDWARD M. KENNEDY,DEMOCRAT,False,total,1693344.0,2606225.0,False,20210114,DEMOCRAT
1988,MASSACHUSETTS,MA,25,14.0,3,US SENATE,statewide,gen,False,FREDA LEE NASON,LIBERTARIAN,False,total,13199.0,2606225.0,False,20210114,LIBERTARIAN
1988,MASSACHUSETTS,MA,25,14.0,3,US SENATE,statewide,gen,False,JOSEPH D. MALONE,REPUBLICAN,False,total,884267.0,2606225.0,False,20210114,REPUBLICAN
1988,MASSACHUSETTS,MA,25,14.0,3,US SENATE,statewide,gen,False,MARY FRIDLEY,NEW ALLIANCE,False,total,15208.0,2606225.0,False,20210114,OTHER
1988,MASSACHUSETTS,MA,25,14.0,3,US SENATE,statewide,gen,False,OTHER,,False,total,207.0,2606225.0,False,20210114,OTHER
1988,MICHIGAN,MI,26,34.0,23,US SENATE,statewide,gen,False,DICK M. JACOBS,LIBERTARIAN,False,total,27116.0,3505985.0,False,20210114,LIBERTARIAN
1988,MICHIGAN,MI,26,34.0,23,US SENATE,statewide,gen,False,"DONALD W. RIEGLE, JR.",DEMOCRAT,False,total,2116865.0,3505985.0,False,20210114,DEMOCRAT
1988,MICHIGAN,MI,26,34.0,23,US SENATE,statewide,gen,False,JIM DUNN,REPUBLICAN,False,total,1348219.0,3505985.0,False,20210114,REPUBLICAN
1988,MICHIGAN,MI,26,34.0,23,US SENATE,statewide,gen,False,OTHER,,False,total,4877.0,3505985.0,False,20210114,OTHER
1988,MICHIGAN,MI,26,34.0,23,US SENATE,statewide,gen,False,SALLY BIER,WORKERS AGAINST CONCESSIONS,False,total,8908.0,3505985.0,False,20210114,OTHER
1988,MINNESOTA,MN,27,41.0,33,US SENATE,statewide,gen,False,ARLEN OVERVIG,LIBERTARIAN,False,total,4039.0,2093953.0,False,20210114,LIBERTARIAN
1988,MINNESOTA,MN,27,41.0,33,US SENATE,statewide,gen,False,DAVE DURENBERGER,REPUBLICAN,False,total,1176210.0,2093953.0,False,20210114,REPUBLICAN
1988,MINNESOTA,MN,27,41.0,33,US SENATE,statewide,gen,False,DERRICK P. GRIMMER,GRASSROOTS,False,total,9016.0,2093953.0,False,20210114,OTHER
1988,MINNESOTA,MN,27,41.0,33,US SENATE,statewide,gen,False,"HUBERT H. ""SKIP"" HUMPHREY III",DEMOCRATIC-FARMER-LABOR,False,total,856694.0,2093953.0,False,20210114,DEMOCRAT
1988,MINNESOTA,MN,27,41.0,33,US SENATE,statewide,gen,False,POLLY MANN,PROGRESSIVE ISSUES,False,total,44474.0,2093953.0,False,20210114,OTHER
1988,MINNESOTA,MN,27,41.0,33,US SENATE,statewide,gen,False,WENDY LYONS,SOCIALIST WORKERS,False,total,3105.0,2093953.0,False,20210114,OTHER
1988,MINNESOTA,MN,27,41.0,33,US SENATE,statewide,gen,False,,,True,total,415.0,2093953.0,False,20210114,OTHER
1988,MISSISSIPPI,MS,28,64.0,46,US SENATE,statewide,gen,False,TRENT LOTT,REPUBLICAN,False,total,510380.0,946719.0,False,20210114,REPUBLICAN
1988,MISSISSIPPI,MS,28,64.0,46,US SENATE,statewide,gen,False,WAYNE DOWDY,DEMOCRAT,False,total,436339.0,946719.0,False,20210114,DEMOCRAT
1988,MISSOURI,MO,29,43.0,34,US SENATE,statewide,gen,False,JEREMIAH W. (JAY) NIXON,DEMOCRAT,False,total,660045.0,2078875.0,False,20210114,DEMOCRAT
1988,MISSOURI,MO,29,43.0,34,US SENATE,statewide,gen,False,JOHN C. DANFORTH,REPUBLICAN,False,total,1407416.0,2078875.0,False,20210114,REPUBLICAN
1988,MISSOURI,MO,29,43.0,34,US SENATE,statewide,gen,False,JOHN GUZE,LIBERTARIAN,False,total,11410.0,2078875.0,False,20210114,LIBERTARIAN
1988,MISSOURI,MO,29,43.0,34,US SENATE,statewide,gen,False,,,True,total,4.0,2078875.0,False,20210114,OTHER
1988,MONTANA,MT,30,81.0,64,US SENATE,statewide,gen,False,CONRAD BURNS,REPUBLICAN,False,total,189445.0,365254.0,False,20210114,REPUBLICAN
1988,MONTANA,MT,30,81.0,64,US SENATE,statewide,gen,False,JOHN MELCHER,DEMOCRAT,False,total,175809.0,365254.0,False,20210114,DEMOCRAT
1988,NEBRASKA,NE,31,46.0,35,US SENATE,statewide,gen,False,BOB KERREY,DEMOCRAT,False,total,378717.0,667860.0,False,20210114,DEMOCRAT
1988,NEBRASKA,NE,31,46.0,35,US SENATE,statewide,gen,False,DAVE KARNES,REPUBLICAN,False,total,278250.0,667860.0,False,20210114,REPUBLICAN
1988,NEBRASKA,NE,31,46.0,35,US SENATE,statewide,gen,False,ERNIE CHAMBERS,NEW ALLIANCE,False,total,10372.0,667860.0,False,20210114,OTHER
1988,NEBRASKA,NE,31,46.0,35,US SENATE,statewide,gen,False,,,True,total,521.0,667860.0,False,20210114,OTHER
1988,NEVADA,NV,32,88.0,65,US SENATE,statewide,gen,False,CHIC HECHT,REPUBLICAN,False,total,161336.0,342407.0,False,20210114,REPUBLICAN
1988,NEVADA,NV,32,88.0,65,US SENATE,statewide,gen,False,JAMES FRYE,LIBERTARIAN,False,total,5523.0,342407.0,False,20210114,LIBERTARIAN
1988,NEVADA,NV,32,88.0,65,US SENATE,statewide,gen,False,RICHARD H. BRYAN,DEMOCRAT,False,total,175548.0,342407.0,False,20210114,DEMOCRAT
1988,NEW JERSEY,NJ,34,22.0,12,US SENATE,statewide,gen,False,FRANK R. LAUTENBERG,DEMOCRAT,False,total,1599905.0,2987634.0,False,20210114,DEMOCRAT
1988,NEW JERSEY,NJ,34,22.0,12,US SENATE,statewide,gen,False,JERRY ZELDIN,LIBERTARIAN,False,total,12354.0,2987634.0,False,20210114,LIBERTARIAN
1988,NEW JERSEY,NJ,34,22.0,12,US SENATE,statewide,gen,False,JOSEPH F. JOB,INDEPENDENT,False,total,20091.0,2987634.0,False,20210114,OTHER
1988,NEW JERSEY,NJ,34,22.0,12,US SENATE,statewide,gen,False,PETER M. DAWKINS,REPUBLICAN,False,total,1349937.0,2987634.0,False,20210114,REPUBLICAN
1988,NEW JERSEY,NJ,34,22.0,12,US SENATE,statewide,gen,False,THOMAS A. FISKE,SOCIALIST WORKERS,False,total,5347.0,2987634.0,False,20210114,OTHER
1988,NEW MEXICO,NM,35,85.0,66,US SENATE,statewide,gen,False,BILL VALENTINE,REPUBLICAN,False,total,186579.0,508598.0,False,20210114,REPUBLICAN
1988,NEW MEXICO,NM,35,85.0,66,US SENATE,statewide,gen,False,JEFF BINGAMAN,DEMOCRAT,False,total,321983.0,508598.0,False,20210114,DEMOCRAT
1988,NEW MEXICO,NM,35,85.0,66,US SENATE,statewide,gen,False,,,True,total,36.0,508598.0,False,20210114,OTHER
1988,NEW YORK,NY,36,21.0,13,US SENATE,statewide,gen,False,ADELLE R. NATHANSON,RIGHT TO LIFE,False,total,64845.0,6040980.0,False,20210114,OTHER
1988,NEW YORK,NY,36,21.0,13,US SENATE,statewide,gen,False,CHARLENE MITCHELL,INDEPENDENT PROGRESSIVE LINE,False,total,14770.0,6040980.0,False,20210114,OTHER
1988,NEW YORK,NY,36,21.0,13,US SENATE,statewide,gen,False,DANIEL PATRICK MOYNIHAN,LIBERAL,False,total,141471.0,6040980.0,False,20210114,OTHER
1988,NEW YORK,NY,36,21.0,13,US SENATE,statewide,gen,False,DANIEL PATRICK MOYNIHAN,DEMOCRAT,False,total,3907178.0,6040980.0,False,20210114,DEMOCRAT
1988,NEW YORK,NY,36,21.0,13,US SENATE,statewide,gen,False,"JAMES E. HARRIS, JR.",SOCIALIST WORKERS,False,total,11239.0,6040980.0,False,20210114,OTHER
1988,NEW YORK,NY,36,21.0,13,US SENATE,statewide,gen,False,LYDIA BAYONETA,WORKERS WORLD,False,total,13573.0,6040980.0,False,20210114,OTHER
1988,NEW YORK,NY,36,21.0,13,US SENATE,statewide,gen,False,OTHER,,False,total,56.0,6040980.0,False,20210114,OTHER
1988,NEW YORK,NY,36,21.0,13,US SENATE,statewide,gen,False,ROBERT R. MCMILLAN,CONSERVATIVE,False,total,189226.0,6040980.0,False,20210114,OTHER
1988,NEW YORK,NY,36,21.0,13,US SENATE,statewide,gen,False,ROBERT R. MCMILLAN,REPUBLICAN,False,total,1686558.0,6040980.0,False,20210114,REPUBLICAN
1988,NEW YORK,NY,36,21.0,13,US SENATE,statewide,gen,False,WILLIAM P. MCMILLEN,LIBERTARIAN,False,total,12064.0,6040980.0,False,20210114,LIBERTARIAN
1988,NORTH DAKOTA,ND,38,44.0,36,US SENATE,statewide,gen,False,EARL STRINDEN,REPUBLICAN,False,total,112937.0,289170.0,False,20210114,REPUBLICAN
1988,NORTH DAKOTA,ND,38,44.0,36,US SENATE,statewide,gen,False,KENNETH C. GARDNER,LIBERTARIAN,False,total,4334.0,289170.0,False,20210114,LIBERTARIAN
1988,NORTH DAKOTA,ND,38,44.0,36,US SENATE,statewide,gen,False,QUENTIN N. BURDICK,DEMOCRAT,False,total,171899.0,289170.0,False,20210114,DEMOCRAT
1988,OHIO,OH,39,31.0,24,US SENATE,statewide,gen,False,GEORGE V VOINOVICH,REPUBLICAN,False,total,1872716.0,4352905.0,False,20210114,REPUBLICAN
1988,OHIO,OH,39,31.0,24,US SENATE,statewide,gen,False,HOWARD M. METZENBAUM,DEMOCRAT,False,total,2480038.0,4352905.0,False,20210114,DEMOCRAT
1988,OHIO,OH,39,31.0,24,US SENATE,statewide,gen,False,,,True,total,151.0,4352905.0,False,20210114,OTHER
1988,PENNSYLVANIA,PA,42,23.0,14,US SENATE,statewide,gen,False,DARCY RICHARDSON,CONSUMER,False,total,25273.0,4366598.0,False,20210114,OTHER
1988,PENNSYLVANIA,PA,42,23.0,14,US SENATE,statewide,gen,False,HENRY HALLER III,LIBERTARIAN,False,total,11822.0,4366598.0,False,20210114,LIBERTARIAN
1988,PENNSYLVANIA,PA,42,23.0,14,US SENATE,statewide,gen,False,JOE VIGNOLA,DEMOCRAT,False,total,1416764.0,4366598.0,False,20210114,DEMOCRAT
1988,PENNSYLVANIA,PA,42,23.0,14,US SENATE,statewide,gen,False,JOHN HEINZ,REPUBLICAN,False,total,2901715.0,4366598.0,False,20210114,REPUBLICAN
1988,PENNSYLVANIA,PA,42,23.0,14,US SENATE,statewide,gen,False,SAM BLANCATO,NEW ALLIANCE,False,total,4569.0,4366598.0,False,20210114,OTHER
1988,PENNSYLVANIA,PA,42,23.0,14,US SENATE,statewide,gen,False,"SAMUEL CROSS, JR.",POPULIST,False,total,6455.0,4366598.0,False,20210114,OTHER
1988,RHODE ISLAND,RI,44,15.0,5,US SENATE,statewide,gen,False,JOHN H. CHAFFEE,REPUBLICAN,False,total,217273.0,397990.0,False,20210114,REPUBLICAN
1988,RHODE ISLAND,RI,44,15.0,5,US SENATE,statewide,gen,False,RICHARD A. LICHT,DEMOCRAT,False,total,180717.0,397990.0,False,20210114,DEMOCRAT
1988,TENNESSEE,TN,47,62.0,54,US SENATE,statewide,gen,False,BILL ANDERSEN,REPUBLICAN,False,total,541033.0,1567181.0,False,20210114,REPUBLICAN
1988,TENNESSEE,TN,47,62.0,54,US SENATE,statewide,gen,False,JIM SASSER,DEMOCRAT,False,total,1020061.0,1567181.0,False,20210114,DEMOCRAT
1988,TENNESSEE,TN,47,62.0,54,US SENATE,statewide,gen,False,KHALIL-ULLAH AL-MUHAYMIN,INDEPENDENT,False,total,6042.0,1567181.0,False,20210114,OTHER
1988,TENNESSEE,TN,47,62.0,54,US SENATE,statewide,gen,False,,,True,total,45.0,1567181.0,False,20210114,OTHER
1988,TEXAS,TX,48,74.0,49,US SENATE,statewide,gen,False,BEAU BOULTER,REPUBLICAN,False,total,2129228.0,5323606.0,False,20210114,REPUBLICAN
1988,TEXAS,TX,48,74.0,49,US SENATE,statewide,gen,False,JEFF DAIELL,LIBERTARIAN,False,total,43989.0,5323606.0,False,20210114,LIBERTARIAN
1988,TEXAS,TX,48,74.0,49,US SENATE,statewide,gen,False,LLOYD BENTSEN,DEMOCRAT,False,total,3149806.0,5323606.0,False,20210114,DEMOCRAT
1988,TEXAS,TX,48,74.0,49,US SENATE,statewide,gen,False,,,True,total,583.0,5323606.0,False,20210114,OTHER
1988,UTAH,UT,49,87.0,67,US SENATE,statewide,gen,False,BRIAN H. MOSS,DEMOCRAT,False,total,203364.0,640702.0,False,20210114,DEMOCRAT
1988,UTAH,UT,49,87.0,67,US SENATE,statewide,gen,False,ORRIN G. HATCH,REPUBLICAN,False,total,430089.0,640702.0,False,20210114,REPUBLICAN
1988,UTAH,UT,49,87.0,67,US SENATE,statewide,gen,False,ROBERT J. SMITH,AMERICAN,False,total,6016.0,640702.0,False,20210114,OTHER
1988,UTAH,UT,49,87.0,67,US SENATE,statewide,gen,False,WILLIAM M. ARTH,SOCIALIST WORKERS,False,total,1233.0,640702.0,False,20210114,OTHER
1988,VERMONT,VT,50,13.0,6,US SENATE,statewide,gen,False,BILL GRAY,DEMOCRAT,False,total,71460.0,240108.0,False,20210114,DEMOCRAT
1988,VERMONT,VT,50,13.0,6,US SENATE,statewide,gen,False,JAMES M. JEFFORDS,REPUBLICAN,False,total,163183.0,240108.0,False,20210114,REPUBLICAN
1988,VERMONT,VT,50,13.0,6,US SENATE,statewide,gen,False,JERRY LEVY,LIBERTY UNION,False,total,2533.0,240108.0,False,20210114,OTHER
1988,VERMONT,VT,50,13.0,6,US SENATE,statewide,gen,False,KING MILNE,INDEPENDENT,False,total,2424.0,240108.0,False,20210114,OTHER
1988,VERMONT,VT,50,13.0,6,US SENATE,statewide,gen,False,SCATTER,,False,total,508.0,240108.0,False,20210114,OTHER
1988,VIRGINIA,VA,51,54.0,40,US SENATE,statewide,gen,False,CHARLES S. ROBB,DEMOCRAT,False,total,1474086.0,2068897.0,False,20210114,DEMOCRAT
1988,VIRGINIA,VA,51,54.0,40,US SENATE,statewide,gen,False,MAURICE A. DAWKINS,REPUBLICAN,False,total,593652.0,2068897.0,False,20210114,REPUBLICAN
1988,VIRGINIA,VA,51,54.0,40,US SENATE,statewide,gen,False,,,True,total,1159.0,2068897.0,False,20210114,OTHER
1988,WASHINGTON,WA,53,91.0,73,US SENATE,statewide,gen,False,MIKE LOWRY,DEMOCRAT,False,total,904183.0,1848542.0,False,20210114,DEMOCRAT
1988,WASHINGTON,WA,53,91.0,73,US SENATE,statewide,gen,False,SLADE GORTON,REPUBLICAN,False,total,944359.0,1848542.0,False,20210114,REPUBLICAN
1988,WEST VIRGINIA,WV,54,55.0,56,US SENATE,statewide,gen,False,M. JAY WOLFE,REPUBLICAN,False,total,223564.0,634547.0,False,20210114,REPUBLICAN
1988,WEST VIRGINIA,WV,54,55.0,56,US SENATE,statewide,gen,False,ROBERT C. BYRD,DEMOCRAT,False,total,410983.0,634547.0,False,20210114,DEMOCRAT
1988,WISCONSIN,WI,55,35.0,25,US SENATE,statewide,gen,False,ARLYN F. WOLLENBURG,INDEPENDENT,False,total,1198.0,2168190.0,False,20210114,OTHER
1988,WISCONSIN,WI,55,35.0,25,US SENATE,statewide,gen,False,GEORGE W. ZAEHRINGER,INDEPENDENT,False,total,3965.0,2168190.0,False,20210114,OTHER
1988,WISCONSIN,WI,55,35.0,25,US SENATE,statewide,gen,False,HERBERT H. KOHL,DEMOCRAT,False,total,1128625.0,2168190.0,False,20210114,DEMOCRAT
1988,WISCONSIN,WI,55,35.0,25,US SENATE,statewide,gen,False,PATRICIA GROGAN,INDEPENDENT,False,total,3029.0,2168190.0,False,20210114,OTHER
1988,WISCONSIN,WI,55,35.0,25,US SENATE,statewide,gen,False,SCATTER,,False,total,933.0,2168190.0,False,20210114,OTHER
1988,WISCONSIN,WI,55,35.0,25,US SENATE,statewide,gen,False,SUSAN ENGELEITER,REPUBLICAN,False,total,1030440.0,2168190.0,False,20210114,REPUBLICAN
1988,WYOMING,WY,56,83.0,68,US SENATE,statewide,gen,False,JOHN P. VINICH,DEMOCRAT,False,total,89821.0,180964.0,False,20210114,DEMOCRAT
1988,WYOMING,WY,56,83.0,68,US SENATE,statewide,gen,False,MALCOLM WALLOP,REPUBLICAN,False,total,91143.0,180964.0,False,20210114,REPUBLICAN
1990,ALABAMA,AL,1,63.0,41,US SENATE,statewide,gen,False,BILL CABANISS,REPUBLICAN,False,total,467190.0,1185154.0,False,20210114,REPUBLICAN
1990,ALABAMA,AL,1,63.0,41,US SENATE,statewide,gen,False,HOWELL HEFLIN,DEMOCRAT,False,total,717814.0,1185154.0,False,20210114,DEMOCRAT
1990,ALABAMA,AL,1,63.0,41,US SENATE,statewide,gen,False,,,True,total,150.0,1185154.0,False,20210114,OTHER
1990,ALASKA,AK,2,94.0,81,US SENATE,statewide,gen,False,MICHAEL BEASLEY,DEMOCRAT,False,total,61152.0,189957.0,False,20210114,DEMOCRAT
1990,ALASKA,AK,2,94.0,81,US SENATE,statewide,gen,False,TED STEVENS,REPUBLICAN,False,total,125806.0,189957.0,False,20210114,REPUBLICAN
1990,ALASKA,AK,2,94.0,81,US SENATE,statewide,gen,False,,,True,total,2999.0,189957.0,False,20210114,OTHER
1990,ARKANSAS,AR,5,71.0,42,US SENATE,statewide,gen,False,DAVID H. PRYOR,DEMOCRAT,False,total,493910.0,494735.0,False,20210114,DEMOCRAT
1990,ARKANSAS,AR,5,71.0,42,US SENATE,statewide,gen,False,,,True,total,825.0,494735.0,False,20210114,OTHER
1990,COLORADO,CO,8,84.0,62,US SENATE,statewide,gen,False,EARL F. DODGE,PROHIBITION,False,total,11801.0,1022027.0,False,20210114,OTHER
1990,COLORADO,CO,8,84.0,62,US SENATE,statewide,gen,False,HANK BROWN,REPUBLICAN,False,total,569048.0,1022027.0,False,20210114,REPUBLICAN
1990,COLORADO,CO,8,84.0,62,US SENATE,statewide,gen,False,JOHN HECKMAN,CONCERNS OF PEOPLE,False,total,15432.0,1022027.0,False,20210114,OTHER
1990,COLORADO,CO,8,84.0,62,US SENATE,statewide,gen,False,JOSIE HEATH,DEMOCRAT,False,total,425746.0,1022027.0,False,20210114,DEMOCRAT
1990,DELAWARE,DE,10,51.0,11,US SENATE,statewide,gen,False,JOSEPH R. BIDEN JR.,DEMOCRAT,False,total,112918.0,180157.0,False,20210114,DEMOCRAT
1990,DELAWARE,DE,10,51.0,11,US SENATE,statewide,gen,False,LEE ROSENBAUM,LIBERTARIAN,False,total,2680.0,180157.0,False,20210114,LIBERTARIAN
1990,DELAWARE,DE,10,51.0,11,US SENATE,statewide,gen,False,M. JANE BRADY,REPUBLICAN,False,total,64554.0,180157.0,False,20210114,REPUBLICAN
1990,DELAWARE,DE,10,51.0,11,US SENATE,statewide,gen,False,,,True,total,5.0,180157.0,False,20210114,OTHER
1990,GEORGIA,GA,13,58.0,44,US SENATE,statewide,gen,False,SAM NUNN,DEMOCRAT,False,total,1033439.0,1033439.0,False,20210114,DEMOCRAT
1990,HAWAII,HI,15,95.0,82,US SENATE,statewide,gen,True,DANIEL K. AKAKA,DEMOCRAT,False,total,188901.0,349666.0,False,20210114,DEMOCRAT
1990,HAWAII,HI,15,95.0,82,US SENATE,statewide,gen,True,KEN SCHOOLLAND,LIBERTARIAN,False,total,4787.0,349666.0,False,20210114,LIBERTARIAN
1990,HAWAII,HI,15,95.0,82,US SENATE,statewide,gen,True,PATRICIA F. SAIKI,REPUBLICAN,False,total,155978.0,349666.0,False,20210114,REPUBLICAN
1990,IDAHO,ID,16,82.0,63,US SENATE,statewide,gen,False,LARRY E. CRAIG,REPUBLICAN,False,total,193641.0,315936.0,False,20210114,REPUBLICAN
1990,IDAHO,ID,16,82.0,63,US SENATE,statewide,gen,False,RON J. TWILEGAR,DEMOCRAT,False,total,122295.0,315936.0,False,20210114,DEMOCRAT
1990,ILLINOIS,IL,17,33.0,21,US SENATE,statewide,gen,False,LYNN MARTIN,REPUBLICAN,False,total,1135628.0,3251005.0,False,20210114,REPUBLICAN
1990,ILLINOIS,IL,17,33.0,21,US SENATE,statewide,gen,False,PAUL SIMON,DEMOCRAT,False,total,2115377.0,3251005.0,False,20210114,DEMOCRAT
1990,INDIANA,IN,18,32.0,22,US SENATE,statewide,gen,True,BARON P. HILL,DEMOCRAT,False,total,696639.0,1502687.0,False,20210114,DEMOCRAT
1990,INDIANA,IN,18,32.0,22,US SENATE,statewide,gen,True,DAN COATS,REPUBLICAN,False,total,806048.0,1502687.0,False,20210114,REPUBLICAN
1990,IOWA,IA,19,42.0,31,US SENATE,statewide,gen,False,SCATTER,,False,total,1089.0,983933.0,False,20210114,OTHER
1990,IOWA,IA,19,42.0,31,US SENATE,statewide,gen,False,THOMAS J. TAUKE,REPUBLICAN,False,total,446869.0,983933.0,False,20210114,REPUBLICAN
1990,IOWA,IA,19,42.0,31,US SENATE,statewide,gen,False,TOM HARKIN,DEMOCRAT,False,total,535975.0,983933.0,False,20210114,DEMOCRAT
1990,KANSAS,KS,20,47.0,32,US SENATE,statewide,gen,False,DICK WILLIAMS,DEMOCRAT,False,total,207491.0,786235.0,False,20210114,DEMOCRAT
1990,KANSAS,KS,20,47.0,32,US SENATE,statewide,gen,False,NANCY LANDON KASSEBAUM,REPUBLICAN,False,total,578605.0,786235.0,False,20210114,REPUBLICAN
1990,KANSAS,KS,20,47.0,32,US SENATE,statewide,gen,False,,,True,total,139.0,786235.0,False,20210114,OTHER
1990,KENTUCKY,KY,21,61.0,51,US SENATE,statewide,gen,False,G. HARVEY SLOANE,DEMOCRAT,False,total,437976.0,916010.0,False,20210114,DEMOCRAT
1990,KENTUCKY,KY,21,61.0,51,US SENATE,statewide,gen,False,MITCH MCCONNELL,REPUBLICAN,False,total,478034.0,916010.0,False,20210114,REPUBLICAN
1990,LOUISIANA,LA,22,72.0,45,US SENATE,statewide,gen,False,J. BENNETT JOHNSTON,DEMOCRAT,False,total,1.0,1.0,False,20210114,DEMOCRAT
1990,MAINE,ME,23,11.0,2,US SENATE,statewide,gen,False,NEIL ROLDE,DEMOCRAT,False,total,201053.0,520320.0,False,20210114,DEMOCRAT
1990,MAINE,ME,23,11.0,2,US SENATE,statewide,gen,False,OTHER,,False,total,100.0,520320.0,False,20210114,OTHER
1990,MAINE,ME,23,11.0,2,US SENATE,statewide,gen,False,WILLIAM S. COHEN,REPUBLICAN,False,total,319167.0,520320.0,False,20210114,REPUBLICAN
1990,MASSACHUSETTS,MA,25,14.0,3,US SENATE,statewide,gen,False,JIM RAPPAPORT,REPUBLICAN,False,total,992917.0,2424579.0,False,20210114,REPUBLICAN
1990,MASSACHUSETTS,MA,25,14.0,3,US SENATE,statewide,gen,False,JOHN F. KERRY,DEMOCRAT,False,total,1321712.0,2424579.0,False,20210114,DEMOCRAT
1990,MASSACHUSETTS,MA,25,14.0,3,US SENATE,statewide,gen,False,OTHER,,False,total,109950.0,2424579.0,False,20210114,OTHER
1990,MICHIGAN,MI,26,34.0,23,US SENATE,statewide,gen,False,BILL SCHUETTE,REPUBLICAN,False,total,1055695.0,2560494.0,False,20210114,REPUBLICAN
1990,MICHIGAN,MI,26,34.0,23,US SENATE,statewide,gen,False,CARL LEVIN,DEMOCRAT,False,total,1471753.0,2560494.0,False,20210114,DEMOCRAT
1990,MICHIGAN,MI,26,34.0,23,US SENATE,statewide,gen,False,SUSAN FARQUHAR,WORKERS WORLD,False,total,32796.0,2560494.0,False,20210114,OTHER
1990,MICHIGAN,MI,26,34.0,23,US SENATE,statewide,gen,False,,,True,total,250.0,2560494.0,False,20210114,OTHER
1990,MINNESOTA,MN,27,41.0,33,US SENATE,statewide,gen,False,PAUL DAVID WELLSTONE,DEMOCRAT,False,total,911999.0,1808045.0,False,20210114,DEMOCRAT
1990,MINNESOTA,MN,27,41.0,33,US SENATE,statewide,gen,False,RUDY BOSCHWITZ,REPUBLICAN,False,total,864375.0,1808045.0,False,20210114,REPUBLICAN
1990,MINNESOTA,MN,27,41.0,33,US SENATE,statewide,gen,False,RUSSELL B. BENTLEY,GRASSROOTS,False,total,29820.0,1808045.0,False,20210114,OTHER
1990,MINNESOTA,MN,27,41.0,33,US SENATE,statewide,gen,False,,,True,total,1851.0,1808045.0,False,20210114,OTHER
1990,MISSISSIPPI,MS,28,64.0,46,US SENATE,statewide,gen,False,THAD COCHRAN,REPUBLICAN,False,total,274244.0,274244.0,False,20210114,REPUBLICAN
1990,MONTANA,MT,30,81.0,64,US SENATE,statewide,gen,False,ALLEN C. KOLSTAD,REPUBLICAN,False,total,93836.0,319336.0,False,20210114,REPUBLICAN
1990,MONTANA,MT,30,81.0,64,US SENATE,statewide,gen,False,MAX BAUCUS,DEMOCRAT,False,total,217563.0,319336.0,False,20210114,DEMOCRAT
1990,MONTANA,MT,30,81.0,64,US SENATE,statewide,gen,False,WESTLEY F. DEITCHLER,LIBERTARIAN,False,total,7937.0,319336.0,False,20210114,LIBERTARIAN
1990,NEBRASKA,NE,31,46.0,35,US SENATE,statewide,gen,False,HAL DAUB,REPUBLICAN,False,total,243013.0,593828.0,False,20210114,REPUBLICAN
1990,NEBRASKA,NE,31,46.0,35,US SENATE,statewide,gen,False,J. JAMES EXON,DEMOCRAT,False,total,349779.0,593828.0,False,20210114,DEMOCRAT
1990,NEBRASKA,NE,31,46.0,35,US SENATE,statewide,gen,False,,,True,total,1036.0,593828.0,False,20210114,OTHER
1990,NEW HAMPSHIRE,NH,33,12.0,4,US SENATE,statewide,gen,False,JOHN A. DURKIN,DEMOCRAT,False,total,91299.0,291393.0,False,20210114,DEMOCRAT
1990,NEW HAMPSHIRE,NH,33,12.0,4,US SENATE,statewide,gen,False,JOHN G. ELSNAU,LIBERTARIAN,False,total,9717.0,291393.0,False,20210114,LIBERTARIAN
1990,NEW HAMPSHIRE,NH,33,12.0,4,US SENATE,statewide,gen,False,ROBERT C. SMITH,REPUBLICAN,False,total,189792.0,291393.0,False,20210114,REPUBLICAN
1990,NEW HAMPSHIRE,NH,33,12.0,4,US SENATE,statewide,gen,False,,,True,total,585.0,291393.0,False,20210114,OTHER
1990,NEW JERSEY,NJ,34,22.0,12,US SENATE,statewide,gen,False,BILL BRADLEY,DEMOCRAT,False,total,977810.0,1938454.0,False,20210114,DEMOCRAT
1990,NEW JERSEY,NJ,34,22.0,12,US SENATE,statewide,gen,False,CHRISTINE TODD WHITMAN,REPUBLICAN,False,total,918874.0,1938454.0,False,20210114,REPUBLICAN
1990,NEW JERSEY,NJ,34,22.0,12,US SENATE,statewide,gen,False,DON MACKLE,SOCIALIST WORKERS,False,total,7804.0,1938454.0,False,20210114,OTHER
1990,NEW JERSEY,NJ,34,22.0,12,US SENATE,statewide,gen,False,JOHN L. KUCEK,POPULIST,False,total,19978.0,1938454.0,False,20210114,OTHER
1990,NEW JERSEY,NJ,34,22.0,12,US SENATE,statewide,gen,False,LOUIS M. STEFANELLI,LIBERTARIAN,False,total,13988.0,1938454.0,False,20210114,LIBERTARIAN
1990,NEW MEXICO,NM,35,85.0,66,US SENATE,statewide,gen,False,PETE V. DOMENICI,REPUBLICAN,False,total,296712.0,406938.0,False,20210114,REPUBLICAN
1990,NEW MEXICO,NM,35,85.0,66,US SENATE,statewide,gen,False,TOM R. BENAVIDES,DEMOCRAT,False,total,110033.0,406938.0,False,20210114,DEMOCRAT
1990,NEW MEXICO,NM,35,85.0,66,US SENATE,statewide,gen,False,,,True,total,193.0,406938.0,False,20210114,OTHER
1990,NORTH CAROLINA,NC,37,56.0,47,US SENATE,statewide,gen,False,HARVEY B. GANTT,DEMOCRAT,False,total,981573.0,2069585.0,False,20210114,DEMOCRAT
1990,NORTH CAROLINA,NC,37,56.0,47,US SENATE,statewide,gen,False,JESSE HELMS,REPUBLICAN,False,total,1087331.0,2069585.0,False,20210114,REPUBLICAN
1990,NORTH CAROLINA,NC,37,56.0,47,US SENATE,statewide,gen,False,,,True,total,681.0,2069585.0,False,20210114,OTHER
1990,OKLAHOMA,OK,40,73.0,53,US SENATE,statewide,gen,False,DAVID L. BOREN,DEMOCRAT,False,total,735684.0,884498.0,False,20210114,DEMOCRAT
1990,OKLAHOMA,OK,40,73.0,53,US SENATE,statewide,gen,False,STEPHEN JONES,REPUBLICAN,False,total,148814.0,884498.0,False,20210114,REPUBLICAN
1990,OREGON,OR,41,92.0,72,US SENATE,statewide,gen,False,HARRY LONSDALE,DEMOCRAT,False,total,507743.0,1099255.0,False,20210114,DEMOCRAT
1990,OREGON,OR,41,92.0,72,US SENATE,statewide,gen,False,MARK O. HATFIELD,REPUBLICAN,False,total,590095.0,1099255.0,False,20210114,REPUBLICAN
1990,OREGON,OR,41,92.0,72,US SENATE,statewide,gen,False,OTHER,,False,total,1417.0,1099255.0,False,20210114,OTHER
1990,RHODE ISLAND,RI,44,15.0,5,US SENATE,statewide,gen,False,CLAIBORNE PELL,DEMOCRAT,False,total,225105.0,364062.0,False,20210114,DEMOCRAT
1990,RHODE ISLAND,RI,44,15.0,5,US SENATE,statewide,gen,False,CLAUDINE SCHNEIDER,REPUBLICAN,False,total,138947.0,364062.0,False,20210114,REPUBLICAN
1990,RHODE ISLAND,RI,44,15.0,5,US SENATE,statewide,gen,False,,,True,total,10.0,364062.0,False,20210114,OTHER
1990,SOUTH CAROLINA,SC,45,57.0,48,US SENATE,statewide,gen,False,BOB CUNNINGHAM,DEMOCRAT,False,total,244112.0,750716.0,False,20210114,DEMOCRAT
1990,SOUTH CAROLINA,SC,45,57.0,48,US SENATE,statewide,gen,False,MARION C. METTS,AMERICAN,False,total,10317.0,750716.0,False,20210114,OTHER
1990,SOUTH CAROLINA,SC,45,57.0,48,US SENATE,statewide,gen,False,STROM THURMOND,REPUBLICAN,False,total,482032.0,750716.0,False,20210114,REPUBLICAN
1990,SOUTH CAROLINA,SC,45,57.0,48,US SENATE,statewide,gen,False,WILLIAM H. GRIFFIN,LIBERTARIAN,False,total,13805.0,750716.0,False,20210114,LIBERTARIAN
1990,SOUTH CAROLINA,SC,45,57.0,48,US SENATE,statewide,gen,False,,,True,total,450.0,750716.0,False,20210114,OTHER
1990,SOUTH DAKOTA,SD,46,45.0,37,US SENATE,statewide,gen,False,DEAN L. SINCLAIR,INDEPENDENT,False,total,6567.0,258976.0,False,20210114,OTHER
1990,SOUTH DAKOTA,SD,46,45.0,37,US SENATE,statewide,gen,False,LARRY PRESSLER,REPUBLICAN,False,total,135682.0,258976.0,False,20210114,REPUBLICAN
1990,SOUTH DAKOTA,SD,46,45.0,37,US SENATE,statewide,gen,False,TED MUENSTER,DEMOCRAT,False,total,116727.0,258976.0,False,20210114,DEMOCRAT
1990,TENNESSEE,TN,47,62.0,54,US SENATE,statewide,gen,False,ALBERT GORE JR.,DEMOCRAT,False,total,530898.0,783922.0,False,20210114,DEMOCRAT
1990,TENNESSEE,TN,47,62.0,54,US SENATE,statewide,gen,False,BILL JACOX,INDEPENDENT,False,total,11191.0,783922.0,False,20210114,OTHER
1990,TENNESSEE,TN,47,62.0,54,US SENATE,statewide,gen,False,CHARLES GORDON VICK,INDEPENDENT,False,total,8021.0,783922.0,False,20210114,OTHER
1990,TENNESSEE,TN,47,62.0,54,US SENATE,statewide,gen,False,WILLIAM R. HAWKINS,REPUBLICAN,False,total,233703.0,783922.0,False,20210114,REPUBLICAN
1990,TENNESSEE,TN,47,62.0,54,US SENATE,statewide,gen,False,,,True,total,109.0,783922.0,False,20210114,OTHER
1990,TEXAS,TX,48,74.0,49,US SENATE,statewide,gen,False,GARY JOHNSON,LIBERTARIAN,False,total,89089.0,3822157.0,False,20210114,LIBERTARIAN
1990,TEXAS,TX,48,74.0,49,US SENATE,statewide,gen,False,HUGH PARMER,DEMOCRAT,False,total,1429986.0,3822157.0,False,20210114,DEMOCRAT
1990,TEXAS,TX,48,74.0,49,US SENATE,statewide,gen,False,PHIL GRAMM,REPUBLICAN,False,total,2302357.0,3822157.0,False,20210114,REPUBLICAN
1990,TEXAS,TX,48,74.0,49,US SENATE,statewide,gen,False,,,True,total,725.0,3822157.0,False,20210114,OTHER
1990,VIRGINIA,VA,51,54.0,40,US SENATE,statewide,gen,False,JOHN WARNER,REPUBLICAN,False,total,876782.0,1083690.0,False,20210114,REPUBLICAN
1990,VIRGINIA,VA,51,54.0,40,US SENATE,statewide,gen,False,NANCY B. SPANNAUS,INDEPENDENT,False,total,196755.0,1083690.0,False,20210114,OTHER
1990,VIRGINIA,VA,51,54.0,40,US SENATE,statewide,gen,False,,,True,total,10153.0,1083690.0,False,20210114,OTHER
1990,WEST VIRGINIA,WV,54,55.0,56,US SENATE,statewide,gen,False,JOHN D. ROCKEFELLER IV,DEMOCRAT,False,total,276234.0,404305.0,False,20210114,DEMOCRAT
1990,WEST VIRGINIA,WV,54,55.0,56,US SENATE,statewide,gen,False,JOHN YODER,REPUBLICAN,False,total,128071.0,404305.0,False,20210114,REPUBLICAN
1990,WYOMING,WY,56,83.0,68,US SENATE,statewide,gen,False,ALAN K. SIMPSON,REPUBLICAN,False,total,100784.0,157632.0,False,20210114,REPUBLICAN
1990,WYOMING,WY,56,83.0,68,US SENATE,statewide,gen,False,KATHY HELLING,DEMOCRAT,False,total,56848.0,157632.0,False,20210114,DEMOCRAT
1992,ALABAMA,AL,1,63.0,41,US SENATE,statewide,gen,False,JEROME SHOCKLEY,LIBERTARIAN,False,total,31811.0,1577799.0,False,20210114,LIBERTARIAN
1992,ALABAMA,AL,1,63.0,41,US SENATE,statewide,gen,False,RICHARD C. SHELBY,DEMOCRAT,False,total,1022698.0,1577799.0,False,20210114,DEMOCRAT
1992,ALABAMA,AL,1,63.0,41,US SENATE,statewide,gen,False,RICHARD SELLERS,REPUBLICAN,False,total,522015.0,1577799.0,False,20210114,REPUBLICAN
1992,ALABAMA,AL,1,63.0,41,US SENATE,statewide,gen,False,,,True,total,1275.0,1577799.0,False,20210114,OTHER
1992,ALASKA,AK,2,94.0,81,US SENATE,statewide,gen,False,FRANK H. MURKOWSKI,REPUBLICAN,False,total,127163.0,239714.0,False,20210114,REPUBLICAN
1992,ALASKA,AK,2,94.0,81,US SENATE,statewide,gen,False,MARY JORDAN,GREEN,False,total,20019.0,239714.0,False,20210114,OTHER
1992,ALASKA,AK,2,94.0,81,US SENATE,statewide,gen,False,TONY SMITH,DEMOCRAT,False,total,92065.0,239714.0,False,20210114,DEMOCRAT
1992,ALASKA,AK,2,94.0,81,US SENATE,statewide,gen,False,,,True,total,467.0,239714.0,False,20210114,OTHER
1992,ARIZONA,AZ,4,86.0,61,US SENATE,statewide,gen,False,CLAIRE SARGENT,DEMOCRAT,False,total,436321.0,1382051.0,False,20210114,DEMOCRAT
1992,ARIZONA,AZ,4,86.0,61,US SENATE,statewide,gen,False,ED FINKELSTEIN,NEW ALLIANCE,False,total,6335.0,1382051.0,False,20210114,OTHER
1992,ARIZONA,AZ,4,86.0,61,US SENATE,statewide,gen,False,EVAN MECHAM,INDEPENDENT,False,total,145361.0,1382051.0,False,20210114,OTHER
1992,ARIZONA,AZ,4,86.0,61,US SENATE,statewide,gen,False,JOHN MCCAIN,REPUBLICAN,False,total,771395.0,1382051.0,False,20210114,REPUBLICAN
1992,ARIZONA,AZ,4,86.0,61,US SENATE,statewide,gen,False,KIANA DELAMARE,LIBERTARIAN,False,total,22613.0,1382051.0,False,20210114,LIBERTARIAN
1992,ARIZONA,AZ,4,86.0,61,US SENATE,statewide,gen,False,,,True,total,26.0,1382051.0,False,20210114,OTHER
1992,ARKANSAS,AR,5,71.0,42,US SENATE,statewide,gen,False,DALE BUMPERS,DEMOCRAT,False,total,553635.0,920008.0,False,20210114,DEMOCRAT
1992,ARKANSAS,AR,5,71.0,42,US SENATE,statewide,gen,False,MIKE HUCKABEE,REPUBLICAN,False,total,366373.0,920008.0,False,20210114,REPUBLICAN
1992,CALIFORNIA,CA,6,93.0,71,US SENATE,statewide,gen,False,BARBARA BOXER,DEMOCRAT,False,total,5173467.0,10799703.0,False,20210114,DEMOCRAT
1992,CALIFORNIA,CA,6,93.0,71,US SENATE,statewide,gen,False,BRUCE HERSCHENSOHN,REPUBLICAN,False,total,4644182.0,10799703.0,False,20210114,REPUBLICAN
1992,CALIFORNIA,CA,6,93.0,71,US SENATE,statewide,gen,False,GENEVIEVE TORRES,PEACE AND FREEDOM,False,total,372817.0,10799703.0,False,20210114,OTHER
1992,CALIFORNIA,CA,6,93.0,71,US SENATE,statewide,gen,False,"JEROME ""JERRY"" MCCREADY",AMERICAN INDEPENDENT,False,total,373051.0,10799703.0,False,20210114,OTHER
1992,CALIFORNIA,CA,6,93.0,71,US SENATE,statewide,gen,False,JUNE R. GENIS,LIBERTARIAN,False,total,235919.0,10799703.0,False,20210114,LIBERTARIAN
1992,CALIFORNIA,CA,6,93.0,71,US SENATE,statewide,gen,False,,,True,total,267.0,10799703.0,False,20210114,OTHER
1992,CALIFORNIA,CA,6,93.0,71,US SENATE,statewide,gen,True,DIANNE FEINSTEIN,DEMOCRAT,False,total,5853651.0,10782743.0,False,20210114,DEMOCRAT
1992,CALIFORNIA,CA,6,93.0,71,US SENATE,statewide,gen,True,GERALD HORNE,PEACE AND FREEDOM,False,total,305697.0,10782743.0,False,20210114,OTHER
1992,CALIFORNIA,CA,6,93.0,71,US SENATE,statewide,gen,True,JOHN SEYMOUR,REPUBLICAN,False,total,4093501.0,10782743.0,False,20210114,REPUBLICAN
1992,CALIFORNIA,CA,6,93.0,71,US SENATE,statewide,gen,True,PAUL MEEUWENBERG,AMERICAN INDEPENDENT,False,total,281973.0,10782743.0,False,20210114,OTHER
1992,CALIFORNIA,CA,6,93.0,71,US SENATE,statewide,gen,True,RICHARD B. BODDIE,LIBERTARIAN,False,total,247799.0,10782743.0,False,20210114,LIBERTARIAN
1992,CALIFORNIA,CA,6,93.0,71,US SENATE,statewide,gen,True,,,True,total,122.0,10782743.0,False,20210114,OTHER
1992,COLORADO,CO,8,84.0,62,US SENATE,statewide,gen,False,BEN NIGHTHORSE CAMPBELL,DEMOCRAT,False,total,803725.0,1552289.0,False,20210114,DEMOCRAT
1992,COLORADO,CO,8,84.0,62,US SENATE,statewide,gen,False,DAN WINTERS,INDEPENDENT,False,total,20347.0,1552289.0,False,20210114,OTHER
1992,COLORADO,CO,8,84.0,62,US SENATE,statewide,gen,False,HUE FUTCH,LIBERTARIAN,False,total,23.0,1552289.0,False,20210114,LIBERTARIAN
1992,COLORADO,CO,8,84.0,62,US SENATE,statewide,gen,False,MATT NOAH,CHSRITIAN PRO-LIFE,False,total,22846.0,1552289.0,False,20210114,OTHER
1992,COLORADO,CO,8,84.0,62,US SENATE,statewide,gen,False,RICHARD O. GRIMES,PEROT'S INDEPENDENTS,False,total,42455.0,1552289.0,False,20210114,OTHER
1992,COLORADO,CO,8,84.0,62,US SENATE,statewide,gen,False,TERRY CONSIDINE,REPUBLICAN,False,total,662893.0,1552289.0,False,20210114,REPUBLICAN
1992,CONNECTICUT,CT,9,16.0,1,US SENATE,statewide,gen,False,BROOK JOHNSON,REPUBLICAN,False,total,572036.0,1500661.0,False,20210114,REPUBLICAN
1992,CONNECTICUT,CT,9,16.0,1,US SENATE,statewide,gen,False,CHRISTOPHER J. DODD,A CONNECTICUT PARTY,False,total,304907.0,1500661.0,False,20210114,OTHER
1992,CONNECTICUT,CT,9,16.0,1,US SENATE,statewide,gen,False,CHRISTOPHER J. DODD,DEMOCRAT,False,total,577662.0,1500661.0,False,20210114,DEMOCRAT
1992,CONNECTICUT,CT,9,16.0,1,US SENATE,statewide,gen,False,"HOWARD A. GRAYSON, JR.",LIBERTARIAN,False,total,10741.0,1500661.0,False,20210114,LIBERTARIAN
1992,CONNECTICUT,CT,9,16.0,1,US SENATE,statewide,gen,False,RICHARD D. GREGORY,CONCERNED CITIZENS,False,total,35315.0,1500661.0,False,20210114,OTHER
1992,FLORIDA,FL,12,59.0,43,US SENATE,statewide,gen,False,BILL GRANT,REPUBLICAN,False,total,1716505.0,4962290.0,False,20210114,REPUBLICAN
1992,FLORIDA,FL,12,59.0,43,US SENATE,statewide,gen,False,BOB GRAHAM,DEMOCRAT,False,total,3245565.0,4962290.0,False,20210114,DEMOCRAT
1992,FLORIDA,FL,12,59.0,43,US SENATE,statewide,gen,False,,,True,total,220.0,4962290.0,False,20210114,OTHER
1992,GEORGIA,GA,13,58.0,44,US SENATE,statewide,pre,False,JIM HUDSON,LIBERTARIAN,False,total,69878.0,2251587.0,False,20210114,LIBERTARIAN
1992,GEORGIA,GA,13,58.0,44,US SENATE,statewide,pre,False,PAUL COVERDELL,REPUBLICAN,False,total,1073282.0,2251587.0,False,20210114,REPUBLICAN
1992,GEORGIA,GA,13,58.0,44,US SENATE,statewide,gen,False,PAUL COVERDELL,REPUBLICAN,False,total,635114.0,1253991.0,False,20210114,REPUBLICAN
1992,GEORGIA,GA,13,58.0,44,US SENATE,statewide,gen,False,"WYCHE FOWLER, JR.",DEMOCRAT,False,total,618877.0,1253991.0,False,20210114,DEMOCRAT
1992,GEORGIA,GA,13,58.0,44,US SENATE,statewide,pre,False,"WYCHE FOWLER, JR.",DEMOCRAT,False,total,1108416.0,2251587.0,False,20210114,DEMOCRAT
1992,GEORGIA,GA,13,58.0,44,US SENATE,statewide,pre,False,,,True,total,11.0,2251587.0,False,20210114,OTHER
1992,HAWAII,HI,15,95.0,82,US SENATE,statewide,gen,False,DANIEL K. INOUYE,DEMOCRAT,False,total,208266.0,363662.0,False,20210114,DEMOCRAT
1992,HAWAII,HI,15,95.0,82,US SENATE,statewide,gen,False,LINDA B. MARTIN,GREEN,False,total,49921.0,363662.0,False,20210114,OTHER
1992,HAWAII,HI,15,95.0,82,US SENATE,statewide,gen,False,RICHARD O. ROWLAND,LIBERTARIAN,False,total,7547.0,363662.0,False,20210114,LIBERTARIAN
1992,HAWAII,HI,15,95.0,82,US SENATE,statewide,gen,False,RICK REED,REPUBLICAN,False,total,97928.0,363662.0,False,20210114,REPUBLICAN
1992,IDAHO,ID,16,82.0,63,US SENATE,statewide,gen,False,DIRK KEMPTHORNE,REPUBLICAN,False,total,270468.0,478504.0,False,20210114,REPUBLICAN
1992,IDAHO,ID,16,82.0,63,US SENATE,statewide,gen,False,RICHARD H. STALLINGS,DEMOCRAT,False,total,208036.0,478504.0,False,20210114,DEMOCRAT
1992,ILLINOIS,IL,17,33.0,21,US SENATE,statewide,gen,False,ALAN J. PORT,NEW ALLIANCE,False,total,12689.0,4939558.0,False,20210114,OTHER
1992,ILLINOIS,IL,17,33.0,21,US SENATE,statewide,gen,False,ANDREW B. SPIEGEL,LIBERTARIAN,False,total,34527.0,4939558.0,False,20210114,LIBERTARIAN
1992,ILLINOIS,IL,17,33.0,21,US SENATE,statewide,gen,False,CAROL MOSELEY-BRAUN,DEMOCRAT,False,total,2631229.0,4939558.0,False,20210114,DEMOCRAT
1992,ILLINOIS,IL,17,33.0,21,US SENATE,statewide,gen,False,CHAD KOPPIE,CONSERVATIVE,False,total,100422.0,4939558.0,False,20210114,OTHER
1992,ILLINOIS,IL,17,33.0,21,US SENATE,statewide,gen,False,CHARLES A. WINTER,NATURAL LAW,False,total,15118.0,4939558.0,False,20210114,OTHER
1992,ILLINOIS,IL,17,33.0,21,US SENATE,statewide,gen,False,JOHN JUSTICE,POPULIST,False,total,8656.0,4939558.0,False,20210114,OTHER
1992,ILLINOIS,IL,17,33.0,21,US SENATE,statewide,gen,False,KATHLEEN KAKU,SOCIALIST WORKERS,False,total,10056.0,4939558.0,False,20210114,OTHER
1992,ILLINOIS,IL,17,33.0,21,US SENATE,statewide,gen,False,RICHARD S. WILLIAMSON,REPUBLICAN,False,total,2126833.0,4939558.0,False,20210114,REPUBLICAN
1992,ILLINOIS,IL,17,33.0,21,US SENATE,statewide,gen,False,,,True,total,28.0,4939558.0,False,20210114,OTHER
1992,INDIANA,IN,18,32.0,22,US SENATE,statewide,gen,False,DAN COATS,REPUBLICAN,False,total,1267972.0,2211426.0,False,20210114,REPUBLICAN
1992,INDIANA,IN,18,32.0,22,US SENATE,statewide,gen,False,JOSEPH H. HOGSETT,DEMOCRAT,False,total,900148.0,2211426.0,False,20210114,DEMOCRAT
1992,INDIANA,IN,18,32.0,22,US SENATE,statewide,gen,False,RAYMOND TIRADO,NEW ALLIANCE,False,total,7474.0,2211426.0,False,20210114,OTHER
1992,INDIANA,IN,18,32.0,22,US SENATE,statewide,gen,False,STEVE DILLON,LIBERTARIAN,False,total,35733.0,2211426.0,False,20210114,LIBERTARIAN
1992,INDIANA,IN,18,32.0,22,US SENATE,statewide,gen,False,,,True,total,99.0,2211426.0,False,20210114,OTHER
1992,IOWA,IA,19,42.0,31,US SENATE,statewide,gen,False,BLANK VOTE/SCATTERING,,False,total,293.0,1292494.0,False,20210114,OTHER
1992,IOWA,IA,19,42.0,31,US SENATE,statewide,gen,False,CARL ERIC OLSEN,GRASSROOTS,False,total,3404.0,1292494.0,False,20210114,OTHER
1992,IOWA,IA,19,42.0,31,US SENATE,statewide,gen,False,CHUCK GRASSLEY,REPUBLICAN,False,total,899761.0,1292494.0,False,20210114,REPUBLICAN
1992,IOWA,IA,19,42.0,31,US SENATE,statewide,gen,False,CLEVE ANDREW PULLEY,SOCIALIST WORKERS,False,total,1370.0,1292494.0,False,20210114,OTHER
1992,IOWA,IA,19,42.0,31,US SENATE,statewide,gen,False,JEAN LLOYD-JONES,DEMOCRAT,False,total,351561.0,1292494.0,False,20210114,DEMOCRAT
1992,IOWA,IA,19,42.0,31,US SENATE,statewide,gen,False,MEL BORING,,False,total,5508.0,1292494.0,False,20210114,OTHER
1992,IOWA,IA,19,42.0,31,US SENATE,statewide,gen,False,RICHARD O'DELL HUGHES,,False,total,2918.0,1292494.0,False,20210114,OTHER
1992,IOWA,IA,19,42.0,31,US SENATE,statewide,gen,False,ROSANNE FREEBURG,,False,total,4999.0,1292494.0,False,20210114,OTHER
1992,IOWA,IA,19,42.0,31,US SENATE,statewide,gen,False,STUART ZIMMERMAN,NATURAL LAW,False,total,16403.0,1292494.0,False,20210114,OTHER
1992,IOWA,IA,19,42.0,31,US SENATE,statewide,gen,False,SUE ATKINSON,,False,total,6277.0,1292494.0,False,20210114,OTHER
1992,KANSAS,KS,20,47.0,32,US SENATE,statewide,gen,False,BOB DOLE,REPUBLICAN,False,total,706246.0,1126447.0,False,20210114,REPUBLICAN
1992,KANSAS,KS,20,47.0,32,US SENATE,statewide,gen,False,CHRISTINA CAMPBELL-CLINE,INDEPENDENT,False,total,45423.0,1126447.0,False,20210114,OTHER
1992,KANSAS,KS,20,47.0,32,US SENATE,statewide,gen,False,GLORIA O'DELL,DEMOCRAT,False,total,349525.0,1126447.0,False,20210114,DEMOCRAT
1992,KANSAS,KS,20,47.0,32,US SENATE,statewide,gen,False,MARK B. KIRK,LIBERTARIAN,False,total,25253.0,1126447.0,False,20210114,LIBERTARIAN
1992,KENTUCKY,KY,21,61.0,51,US SENATE,statewide,gen,False,DAVID L. WILLIAMS,REPUBLICAN,False,total,476604.0,1330858.0,False,20210114,REPUBLICAN
1992,KENTUCKY,KY,21,61.0,51,US SENATE,statewide,gen,False,JAMES RIDENOUR,LIBERTARIAN,False,total,17366.0,1330858.0,False,20210114,LIBERTARIAN
1992,KENTUCKY,KY,21,61.0,51,US SENATE,statewide,gen,False,WENDELL H. FORD,DEMOCRAT,False,total,836888.0,1330858.0,False,20210114,DEMOCRAT
1992,LOUISIANA,LA,22,72.0,45,US SENATE,statewide,gen,False,JOHN B. BREAUX,DEMOCRAT,False,total,1.0,1.0,False,20210114,DEMOCRAT
1992,MARYLAND,MD,24,52.0,52,US SENATE,statewide,gen,False,ALAN L. KEYES,REPUBLICAN,False,total,533688.0,1841298.0,False,20210114,REPUBLICAN
1992,MARYLAND,MD,24,52.0,52,US SENATE,statewide,gen,False,BARBARA A. MIKULSKI,DEMOCRAT,False,total,1307610.0,1841298.0,False,20210114,DEMOCRAT
1992,MISSOURI,MO,29,43.0,34,US SENATE,statewide,gen,False,CHRISTOPHER S. BOND,REPUBLICAN,False,total,1221901.0,2354916.0,False,20210114,REPUBLICAN
1992,MISSOURI,MO,29,43.0,34,US SENATE,statewide,gen,False,GERI ROTHMAN-SEROT,DEMOCRAT,False,total,1057967.0,2354916.0,False,20210114,DEMOCRAT
1992,MISSOURI,MO,29,43.0,34,US SENATE,statewide,gen,False,JEANNE F. BOJARSKI,LIBERTARIAN,False,total,75048.0,2354916.0,False,20210114,LIBERTARIAN
1992,NEVADA,NV,32,88.0,65,US SENATE,statewide,gen,False,DEMAR DAHL,REPUBLICAN,False,total,199413.0,495887.0,False,20210114,REPUBLICAN
1992,NEVADA,NV,32,88.0,65,US SENATE,statewide,gen,False,H. KENT CROMWELL,LIBERTARIAN,False,total,7222.0,495887.0,False,20210114,LIBERTARIAN
1992,NEVADA,NV,32,88.0,65,US SENATE,statewide,gen,False,HARRY REID,DEMOCRAT,False,total,253150.0,495887.0,False,20210114,DEMOCRAT
1992,NEVADA,NV,32,88.0,65,US SENATE,statewide,gen,False,HARRY TOOTLE,POPULIST,False,total,4429.0,495887.0,False,20210114,OTHER
1992,NEVADA,NV,32,88.0,65,US SENATE,statewide,gen,False,"JOE S. GARCIA, JR.",INDEPENDENT AMERICAN,False,total,11240.0,495887.0,False,20210114,OTHER
1992,NEVADA,NV,32,88.0,65,US SENATE,statewide,gen,False,LOIS AVERY,NATURAL LAW,False,total,7279.0,495887.0,False,20210114,OTHER
1992,NEVADA,NV,32,88.0,65,US SENATE,statewide,gen,False,OTHER,,False,total,13154.0,495887.0,False,20210114,OTHER
1992,NEW HAMPSHIRE,NH,33,12.0,4,US SENATE,statewide,gen,False,DAVID HAIGHT,NATURAL LAW,False,total,1291.0,518170.0,False,20210114,OTHER
1992,NEW HAMPSHIRE,NH,33,12.0,4,US SENATE,statewide,gen,False,JOHN RAUH,DEMOCRAT,False,total,234982.0,518170.0,False,20210114,DEMOCRAT
1992,NEW HAMPSHIRE,NH,33,12.0,4,US SENATE,statewide,gen,False,JUDD GREGG,REPUBLICAN,False,total,249591.0,518170.0,False,20210114,REPUBLICAN
1992,NEW HAMPSHIRE,NH,33,12.0,4,US SENATE,statewide,gen,False,KATHERINE M. ALEXANDER,LIBERTARIAN,False,total,18214.0,518170.0,False,20210114,LIBERTARIAN
1992,NEW HAMPSHIRE,NH,33,12.0,4,US SENATE,statewide,gen,False,"KENNETH E. BLEVENS, SR.",INDEPENDENT,False,total,4752.0,518170.0,False,20210114,OTHER
1992,NEW HAMPSHIRE,NH,33,12.0,4,US SENATE,statewide,gen,False,LARRY BRADY,INDEPENDENT,False,total,9340.0,518170.0,False,20210114,OTHER
1992,NEW YORK,NY,36,21.0,13,US SENATE,statewide,gen,False,ALFONSE D'AMATO,RIGHT TO LIFE,False,total,224914.0,7078805.0,False,20210114,OTHER
1992,NEW YORK,NY,36,21.0,13,US SENATE,statewide,gen,False,ALFONSE D'AMATO,CONSERVATIVE,False,total,289258.0,7078805.0,False,20210114,OTHER
1992,NEW YORK,NY,36,21.0,13,US SENATE,statewide,gen,False,ALFONSE D'AMATO,REPUBLICAN,False,total,2652822.0,7078805.0,False,20210114,REPUBLICAN
1992,NEW YORK,NY,36,21.0,13,US SENATE,statewide,gen,False,BLANK VOTE/SCATTERING,,False,total,619979.0,7078805.0,False,20210114,OTHER
1992,NEW YORK,NY,36,21.0,13,US SENATE,statewide,gen,False,ED WARREN,SOCIALIST WORKERS,False,total,16724.0,7078805.0,False,20210114,OTHER
1992,NEW YORK,NY,36,21.0,13,US SENATE,statewide,gen,False,MOHAMMAD T. MEHDI,NEW ALLIANCE,False,total,56631.0,7078805.0,False,20210114,OTHER
1992,NEW YORK,NY,36,21.0,13,US SENATE,statewide,gen,False,NORMA SEGAL,LIBERTARIAN,False,total,108530.0,7078805.0,False,20210114,LIBERTARIAN
1992,NEW YORK,NY,36,21.0,13,US SENATE,statewide,gen,False,ROBERT ABRAMS,LIBERAL,False,total,143199.0,7078805.0,False,20210114,OTHER
1992,NEW YORK,NY,36,21.0,13,US SENATE,statewide,gen,False,ROBERT ABRAMS,DEMOCRAT,False,total,2943001.0,7078805.0,False,20210114,DEMOCRAT
1992,NEW YORK,NY,36,21.0,13,US SENATE,statewide,gen,False,STANLEY NELSON,NATURAL LAW,False,total,23747.0,7078805.0,False,20210114,OTHER
1992,NORTH CAROLINA,NC,37,56.0,47,US SENATE,statewide,gen,False,BOBBY YATES EMORY,LIBERTARIAN,False,total,85948.0,2577891.0,False,20210114,LIBERTARIAN
1992,NORTH CAROLINA,NC,37,56.0,47,US SENATE,statewide,gen,False,BRUCE KIMBALL,SOCIALIST WORKERS,False,total,23.0,2577891.0,False,20210114,OTHER
1992,NORTH CAROLINA,NC,37,56.0,47,US SENATE,statewide,gen,False,LAUCH FAIRCLOTH,REPUBLICAN,False,total,1297892.0,2577891.0,False,20210114,REPUBLICAN
1992,NORTH CAROLINA,NC,37,56.0,47,US SENATE,statewide,gen,False,MARY ANN ZAKUTNEY,NATURAL LAW,False,total,13.0,2577891.0,False,20210114,OTHER
1992,NORTH CAROLINA,NC,37,56.0,47,US SENATE,statewide,gen,False,TERRY SANFORD,DEMOCRAT,False,total,1194015.0,2577891.0,False,20210114,DEMOCRAT
1992,NORTH DAKOTA,ND,38,44.0,36,US SENATE,statewide,gen,False,BYRON L. DORGAN,DEMOCRAT,False,total,179347.0,303957.0,False,20210114,DEMOCRAT
1992,NORTH DAKOTA,ND,38,44.0,36,US SENATE,statewide,gen,False,STEVE SYDNESS,REPUBLICAN,False,total,118162.0,303957.0,False,20210114,REPUBLICAN
1992,NORTH DAKOTA,ND,38,44.0,36,US SENATE,statewide,gen,False,TOM ASBRIDGE,INDEPENDENT,False,total,6448.0,303957.0,False,20210114,OTHER
1992,OHIO,OH,39,31.0,24,US SENATE,statewide,gen,False,JOHN GLENN,DEMOCRAT,False,total,2444419.0,4793953.0,False,20210114,DEMOCRAT
1992,OHIO,OH,39,31.0,24,US SENATE,statewide,gen,False,MARTHA GREVATT,INDEPENDENT,False,total,321234.0,4793953.0,False,20210114,OTHER
1992,OHIO,OH,39,31.0,24,US SENATE,statewide,gen,False,MICHAEL DEWINE,REPUBLICAN,False,total,2028300.0,4793953.0,False,20210114,REPUBLICAN
1992,OKLAHOMA,OK,40,73.0,53,US SENATE,statewide,gen,False,DON NICKLES,REPUBLICAN,False,total,757876.0,1294423.0,False,20210114,REPUBLICAN
1992,OKLAHOMA,OK,40,73.0,53,US SENATE,statewide,gen,False,ROY V. EDWARDS,INDEPENDENT,False,total,21225.0,1294423.0,False,20210114,OTHER
1992,OKLAHOMA,OK,40,73.0,53,US SENATE,statewide,gen,False,STEVE LEWIS,DEMOCRAT,False,total,494350.0,1294423.0,False,20210114,DEMOCRAT
1992,OKLAHOMA,OK,40,73.0,53,US SENATE,statewide,gen,False,THOMAS D. LEDGERWOOD II,INDEPENDENT,False,total,20972.0,1294423.0,False,20210114,OTHER
1992,OREGON,OR,41,92.0,72,US SENATE,statewide,gen,False,BOB PACKWOOD,REPUBLICAN,False,total,717455.0,1376033.0,False,20210114,REPUBLICAN
1992,OREGON,OR,41,92.0,72,US SENATE,statewide,gen,False,LES AUCOIN,DEMOCRAT,False,total,639851.0,1376033.0,False,20210114,DEMOCRAT
1992,OREGON,OR,41,92.0,72,US SENATE,statewide,gen,False,OTHER,,False,total,12934.0,1376033.0,False,20210114,OTHER
1992,OREGON,OR,41,92.0,72,US SENATE,statewide,gen,False,,,True,total,5793.0,1376033.0,False,20210114,OTHER
1992,PENNSYLVANIA,PA,42,23.0,14,US SENATE,statewide,gen,False,ARLEN SPECTER,REPUBLICAN,False,total,2358125.0,4802410.0,False,20210114,REPUBLICAN
1992,PENNSYLVANIA,PA,42,23.0,14,US SENATE,statewide,gen,False,JOHN F PERRY III,LIBERTARIAN,False,total,219319.0,4802410.0,False,20210114,LIBERTARIAN
1992,PENNSYLVANIA,PA,42,23.0,14,US SENATE,statewide,gen,False,LYNN YEAKEL,DEMOCRAT,False,total,2224966.0,4802410.0,False,20210114,DEMOCRAT
1992,SOUTH CAROLINA,SC,45,57.0,48,US SENATE,statewide,gen,False,ERNEST F. HOLLINGS,DEMOCRAT,False,total,591030.0,1180438.0,False,20210114,DEMOCRAT
1992,SOUTH CAROLINA,SC,45,57.0,48,US SENATE,statewide,gen,False,MARK JOHNSON,LIBERTARIAN,False,total,22962.0,1180438.0,False,20210114,LIBERTARIAN
1992,SOUTH CAROLINA,SC,45,57.0,48,US SENATE,statewide,gen,False,ROBERT BARNWELL CLARKSON II,AMERICAN,False,total,11568.0,1180438.0,False,20210114,OTHER
1992,SOUTH CAROLINA,SC,45,57.0,48,US SENATE,statewide,gen,False,TOMMY HARTNETT,REPUBLICAN,False,total,554175.0,1180438.0,False,20210114,REPUBLICAN
1992,SOUTH CAROLINA,SC,45,57.0,48,US SENATE,statewide,gen,False,,,True,total,703.0,1180438.0,False,20210114,OTHER
1992,SOUTH DAKOTA,SD,46,45.0,37,US SENATE,statewide,gen,False,CHARLENE HAAR,REPUBLICAN,False,total,108733.0,334495.0,False,20210114,REPUBLICAN
1992,SOUTH DAKOTA,SD,46,45.0,37,US SENATE,statewide,gen,False,GUS HERCULES,LIBERTARIAN,False,total,4353.0,334495.0,False,20210114,LIBERTARIAN
1992,SOUTH DAKOTA,SD,46,45.0,37,US SENATE,statewide,gen,False,KENT HYDE,INDEPENDENT,False,total,4314.0,334495.0,False,20210114,OTHER
1992,SOUTH DAKOTA,SD,46,45.0,37,US SENATE,statewide,gen,False,THOMAS A. DASCHLE,DEMOCRAT,False,total,217095.0,334495.0,False,20210114,DEMOCRAT
1992,UTAH,UT,49,87.0,67,US SENATE,statewide,gen,False,ANITA R. MORROW,POPULIST,False,total,17549.0,758479.0,False,20210114,OTHER
1992,UTAH,UT,49,87.0,67,US SENATE,statewide,gen,False,MAURY MODINE,LIBERTARIAN,False,total,14341.0,758479.0,False,20210114,LIBERTARIAN
1992,UTAH,UT,49,87.0,67,US SENATE,statewide,gen,False,PATRICIA GROGAN,SOCIALIST WORKERS,False,total,5292.0,758479.0,False,20210114,OTHER
1992,UTAH,UT,49,87.0,67,US SENATE,statewide,gen,False,ROBERT F. BENNETT,REPUBLICAN,False,total,420069.0,758479.0,False,20210114,REPUBLICAN
1992,UTAH,UT,49,87.0,67,US SENATE,statewide,gen,False,WAYNE OWENS,DEMOCRAT,False,total,301228.0,758479.0,False,20210114,DEMOCRAT
1992,VERMONT,VT,50,13.0,6,US SENATE,statewide,gen,False,JAMES H. DOUGLAS,REPUBLICAN,False,total,123854.0,285739.0,False,20210114,REPUBLICAN
1992,VERMONT,VT,50,13.0,6,US SENATE,statewide,gen,False,JERRY LEVY,LIBERTY UNION,False,total,5121.0,285739.0,False,20210114,OTHER
1992,VERMONT,VT,50,13.0,6,US SENATE,statewide,gen,False,MICHAEL B. GODECK,FREEDOM FOR LAROUCHE,False,total,1780.0,285739.0,False,20210114,OTHER
1992,VERMONT,VT,50,13.0,6,US SENATE,statewide,gen,False,PATRICK J. LEAHY,DEMOCRAT,False,total,154762.0,285739.0,False,20210114,DEMOCRAT
1992,VERMONT,VT,50,13.0,6,US SENATE,statewide,gen,False,,,True,total,222.0,285739.0,False,20210114,OTHER
1992,WASHINGTON,WA,53,91.0,73,US SENATE,statewide,gen,False,PATTY MURRAY,DEMOCRAT,False,total,1197973.0,2218802.0,False,20210114,DEMOCRAT
1992,WASHINGTON,WA,53,91.0,73,US SENATE,statewide,gen,False,ROD CHANDLER,REPUBLICAN,False,total,1020829.0,2218802.0,False,20210114,REPUBLICAN
1992,WISCONSIN,WI,55,35.0,25,US SENATE,statewide,gen,False,BLANK VOTE/SCATTERING,,False,total,459.0,2455124.0,False,20210114,OTHER
1992,WISCONSIN,WI,55,35.0,25,US SENATE,statewide,gen,False,JOSEPH SELLIKEN,INDEPENDENT,False,total,2733.0,2455124.0,False,20210114,OTHER
1992,WISCONSIN,WI,55,35.0,25,US SENATE,statewide,gen,False,"MERVIN A. HANSON, SR.",INDEPENDENT,False,total,3264.0,2455124.0,False,20210114,OTHER
1992,WISCONSIN,WI,55,35.0,25,US SENATE,statewide,gen,False,PATRICK W. JOHNSON,INDEPENDENT,False,total,16513.0,2455124.0,False,20210114,OTHER
1992,WISCONSIN,WI,55,35.0,25,US SENATE,statewide,gen,False,ROBERT L. KUNDERT,INDEPENDENT,False,total,2747.0,2455124.0,False,20210114,OTHER
1992,WISCONSIN,WI,55,35.0,25,US SENATE,statewide,gen,False,"ROBERT W. KASTEN, JR.",REPUBLICAN,False,total,1129599.0,2455124.0,False,20210114,REPUBLICAN
1992,WISCONSIN,WI,55,35.0,25,US SENATE,statewide,gen,False,RUSSELL D. FEINGOLD,DEMOCRAT,False,total,1290662.0,2455124.0,False,20210114,DEMOCRAT
1992,WISCONSIN,WI,55,35.0,25,US SENATE,statewide,gen,False,WILLIAM BITTNER,LIBERTARIAN,False,total,9147.0,2455124.0,False,20210114,LIBERTARIAN
1994,ARIZONA,AZ,4,86.0,61,US SENATE,statewide,gen,False,JON KYL,REPUBLICAN,False,total,600999.0,1119060.0,False,20210114,REPUBLICAN
1994,ARIZONA,AZ,4,86.0,61,US SENATE,statewide,gen,False,SAM COPPERSMITH,DEMOCRAT,False,total,442510.0,1119060.0,False,20210114,DEMOCRAT
1994,ARIZONA,AZ,4,86.0,61,US SENATE,statewide,gen,False,SCOTT GRAINGER,LIBERTARIAN,False,total,75493.0,1119060.0,False,20210114,LIBERTARIAN
1994,ARIZONA,AZ,4,86.0,61,US SENATE,statewide,gen,False,,,True,total,58.0,1119060.0,False,20210114,OTHER
1994,CALIFORNIA,CA,6,93.0,71,US SENATE,statewide,gen,False,BARBARA BLONG,GREEN,False,total,140567.0,8514089.0,False,20210114,OTHER
1994,CALIFORNIA,CA,6,93.0,71,US SENATE,statewide,gen,False,DIANNE FEINSTEIN,DEMOCRAT,False,total,3979152.0,8514089.0,False,20210114,DEMOCRAT
1994,CALIFORNIA,CA,6,93.0,71,US SENATE,statewide,gen,False,ELIZABETH CERVANTES BARRON,PEACE AND FREEDOM,False,total,255301.0,8514089.0,False,20210114,OTHER
1994,CALIFORNIA,CA,6,93.0,71,US SENATE,statewide,gen,False,MICHAEL HUFFINGTON,REPUBLICAN,False,total,3817025.0,8514089.0,False,20210114,REPUBLICAN
1994,CALIFORNIA,CA,6,93.0,71,US SENATE,statewide,gen,False,PAUL MEEUWENBERG,AMERICAN INDEPENDENT,False,total,142771.0,8514089.0,False,20210114,OTHER
1994,CALIFORNIA,CA,6,93.0,71,US SENATE,statewide,gen,False,RICHARD BENJAMIN BODDIE,LIBERTARIAN,False,total,179100.0,8514089.0,False,20210114,LIBERTARIAN
1994,CALIFORNIA,CA,6,93.0,71,US SENATE,statewide,gen,False,,,True,total,173.0,8514089.0,False,20210114,OTHER
1994,CONNECTICUT,CT,9,16.0,1,US SENATE,statewide,gen,False,GARY R. GARNEAU,CONCERNED CITIZENS,False,total,20989.0,1079664.0,False,20210114,OTHER
1994,CONNECTICUT,CT,9,16.0,1,US SENATE,statewide,gen,False,JERRY LABRIOLA,REPUBLICAN,False,total,334833.0,1079664.0,False,20210114,REPUBLICAN
1994,CONNECTICUT,CT,9,16.0,1,US SENATE,statewide,gen,False,JOSEPH I. LIEBERMAN,A CONNECTICUT PARTY,False,total,280049.0,1079664.0,False,20210114,OTHER
1994,CONNECTICUT,CT,9,16.0,1,US SENATE,statewide,gen,False,JOSEPH I. LIEBERMAN,DEMOCRAT,False,total,443793.0,1079664.0,False,20210114,DEMOCRAT
1994,DELAWARE,DE,10,51.0,11,US SENATE,statewide,gen,False,CHARLES M. OBERLY,DEMOCRAT,False,total,84540.0,199000.0,False,20210114,DEMOCRAT
1994,DELAWARE,DE,10,51.0,11,US SENATE,statewide,gen,False,JOHN C. DIERICKX,LIBERTARIAN,False,total,3386.0,199000.0,False,20210114,LIBERTARIAN
1994,DELAWARE,DE,10,51.0,11,US SENATE,statewide,gen,False,"WILLIAM V. ROTH, JR.",REPUBLICAN,False,total,111074.0,199000.0,False,20210114,REPUBLICAN
1994,FLORIDA,FL,12,59.0,43,US SENATE,statewide,gen,False,CONNIE MACK,REPUBLICAN,False,total,2895200.0,4106816.0,False,20210114,REPUBLICAN
1994,FLORIDA,FL,12,59.0,43,US SENATE,statewide,gen,False,HUGH E. RODHAM,DEMOCRAT,False,total,1210577.0,4106816.0,False,20210114,DEMOCRAT
1994,FLORIDA,FL,12,59.0,43,US SENATE,statewide,gen,False,,,True,total,1039.0,4106816.0,False,20210114,OTHER
1994,HAWAII,HI,15,95.0,82,US SENATE,statewide,gen,False,DANIEL K. AKAKA,DEMOCRAT,False,total,256189.0,356902.0,False,20210114,DEMOCRAT
1994,HAWAII,HI,15,95.0,82,US SENATE,statewide,gen,False,MARIA M. HUSTACE,REPUBLICAN,False,total,86320.0,356902.0,False,20210114,REPUBLICAN
1994,HAWAII,HI,15,95.0,82,US SENATE,statewide,gen,False,RICHARD (DICK) ROWLAND,LIBERTARIAN,False,total,14393.0,356902.0,False,20210114,LIBERTARIAN
1994,INDIANA,IN,18,32.0,22,US SENATE,statewide,gen,False,BARBARA BOURLAND,LIBERTARIAN,False,total,17343.0,1543568.0,False,20210114,LIBERTARIAN
1994,INDIANA,IN,18,32.0,22,US SENATE,statewide,gen,False,JAMES JONTZ,DEMOCRAT,False,total,470799.0,1543568.0,False,20210114,DEMOCRAT
1994,INDIANA,IN,18,32.0,22,US SENATE,statewide,gen,False,MARY CATHERINE BARTON,NEW ALLIANCE,False,total,15801.0,1543568.0,False,20210114,OTHER
1994,INDIANA,IN,18,32.0,22,US SENATE,statewide,gen,False,RICHARD G. LUGAR,REPUBLICAN,False,total,1039625.0,1543568.0,False,20210114,REPUBLICAN
1994,MAINE,ME,23,11.0,2,US SENATE,statewide,gen,False,OLYMPIA J. SNOWE,REPUBLICAN,False,total,308244.0,511733.0,False,20210114,REPUBLICAN
1994,MAINE,ME,23,11.0,2,US SENATE,statewide,gen,False,OTHER,,False,total,242.0,511733.0,False,20210114,OTHER
1994,MAINE,ME,23,11.0,2,US SENATE,statewide,gen,False,PLATO TRUMAN,UNENROLLED,False,total,17205.0,511733.0,False,20210114,OTHER
1994,MAINE,ME,23,11.0,2,US SENATE,statewide,gen,False,THOMAS H. ANDREWS,DEMOCRAT,False,total,186042.0,511733.0,False,20210114,DEMOCRAT
1994,MARYLAND,MD,24,52.0,52,US SENATE,statewide,gen,False,PAUL S. SARBANES,DEMOCRAT,False,total,809125.0,1369101.0,False,20210114,DEMOCRAT
1994,MARYLAND,MD,24,52.0,52,US SENATE,statewide,gen,False,WILLIAM BROCK,REPUBLICAN,False,total,559908.0,1369101.0,False,20210114,REPUBLICAN
1994,MARYLAND,MD,24,52.0,52,US SENATE,statewide,gen,False,,,True,total,68.0,1369101.0,False,20210114,OTHER
1994,MASSACHUSETTS,MA,25,14.0,3,US SENATE,statewide,gen,False,EDWARD M. KENNEDY,DEMOCRAT,False,total,1265997.0,2179945.0,False,20210114,DEMOCRAT
1994,MASSACHUSETTS,MA,25,14.0,3,US SENATE,statewide,gen,False,LAURALEIGH DOZIER,LIBERTARIAN,False,total,14484.0,2179945.0,False,20210114,LIBERTARIAN
1994,MASSACHUSETTS,MA,25,14.0,3,US SENATE,statewide,gen,False,OTHER,,False,total,688.0,2179945.0,False,20210114,OTHER
1994,MASSACHUSETTS,MA,25,14.0,3,US SENATE,statewide,gen,False,W. MITT ROMNEY,REPUBLICAN,False,total,894000.0,2179945.0,False,20210114,REPUBLICAN
1994,MASSACHUSETTS,MA,25,14.0,3,US SENATE,statewide,gen,False,"WILLIAM A. FERGUSON, JR.",LAROUCHE WAS RIGHT,False,total,4776.0,2179945.0,False,20210114,OTHER
1994,MICHIGAN,MI,26,34.0,23,US SENATE,statewide,gen,False,BOBB CARR,DEMOCRAT,False,total,1300960.0,3043385.0,False,20210114,DEMOCRAT
1994,MICHIGAN,MI,26,34.0,23,US SENATE,statewide,gen,False,CHRIS WEGE,NATURAL LAW,False,total,14746.0,3043385.0,False,20210114,OTHER
1994,MICHIGAN,MI,26,34.0,23,US SENATE,statewide,gen,False,JON COON,LIBERTARIAN,False,total,128393.0,3043385.0,False,20210114,LIBERTARIAN
1994,MICHIGAN,MI,26,34.0,23,US SENATE,statewide,gen,False,SCATTER,,False,total,506.0,3043385.0,False,20210114,OTHER
1994,MICHIGAN,MI,26,34.0,23,US SENATE,statewide,gen,False,SPENCER ABRAHAM,REPUBLICAN,False,total,1578770.0,3043385.0,False,20210114,REPUBLICAN
1994,MICHIGAN,MI,26,34.0,23,US SENATE,statewide,gen,False,WILLIAM ROUNDTREE,WORKERS WORLD,False,total,20010.0,3043385.0,False,20210114,OTHER
1994,MINNESOTA,MN,27,41.0,33,US SENATE,statewide,gen,False,ANN WYNIA,DEMOCRATIC-FARMER-LABOR,False,total,781860.0,1772929.0,False,20210114,DEMOCRAT
1994,MINNESOTA,MN,27,41.0,33,US SENATE,statewide,gen,False,CANDICE E. SJOSTROM,GRASSROOTS,False,total,15920.0,1772929.0,False,20210114,OTHER
1994,MINNESOTA,MN,27,41.0,33,US SENATE,statewide,gen,False,DEAN M. BARKLEY,INDEPENDENCE,False,total,95400.0,1772929.0,False,20210114,OTHER
1994,MINNESOTA,MN,27,41.0,33,US SENATE,statewide,gen,False,MAREA HIMELGRIN,SOCIALIST WORKERS,False,total,2428.0,1772929.0,False,20210114,OTHER
1994,MINNESOTA,MN,27,41.0,33,US SENATE,statewide,gen,False,ROD GRAMS,REPUBLICAN,False,total,869653.0,1772929.0,False,20210114,REPUBLICAN
1994,MINNESOTA,MN,27,41.0,33,US SENATE,statewide,gen,False,STEPHEN JOHNSON,NATURAL LAW,False,total,5054.0,1772929.0,False,20210114,OTHER
1994,MINNESOTA,MN,27,41.0,33,US SENATE,statewide,gen,False,,,True,total,2614.0,1772929.0,False,20210114,OTHER
1994,MISSISSIPPI,MS,28,64.0,46,US SENATE,statewide,gen,False,KEN HARPER,DEMOCRAT,False,total,189752.0,608085.0,False,20210114,DEMOCRAT
1994,MISSISSIPPI,MS,28,64.0,46,US SENATE,statewide,gen,False,TRENT LOTT,REPUBLICAN,False,total,418333.0,608085.0,False,20210114,REPUBLICAN
1994,MISSOURI,MO,29,43.0,34,US SENATE,statewide,gen,False,ALAN WHEAT,DEMOCRAT,False,total,633697.0,1775116.0,False,20210114,DEMOCRAT
1994,MISSOURI,MO,29,43.0,34,US SENATE,statewide,gen,False,BILL JOHNSON,LIBERTARIAN,False,total,81264.0,1775116.0,False,20210114,LIBERTARIAN
1994,MISSOURI,MO,29,43.0,34,US SENATE,statewide,gen,False,CYRILL KOLOCOTRONIS,INDEPENDENT,False,total,1.0,1775116.0,False,20210114,OTHER
1994,MISSOURI,MO,29,43.0,34,US SENATE,statewide,gen,False,JOCK PEACOCK,INDEPENDENT,False,total,5.0,1775116.0,False,20210114,OTHER
1994,MISSOURI,MO,29,43.0,34,US SENATE,statewide,gen,False,JOHN ASHCROFT,REPUBLICAN,False,total,1060149.0,1775116.0,False,20210114,REPUBLICAN
1994,MONTANA,MT,30,81.0,64,US SENATE,statewide,gen,False,CONRAD R. BURNS,REPUBLICAN,False,total,218542.0,350387.0,False,20210114,REPUBLICAN
1994,MONTANA,MT,30,81.0,64,US SENATE,statewide,gen,False,JACK MUDD,DEMOCRAT,False,total,131845.0,350387.0,False,20210114,DEMOCRAT
1994,NEBRASKA,NE,31,46.0,35,US SENATE,statewide,gen,False,J. ROBERT KERREY,DEMOCRAT,False,total,317297.0,579205.0,False,20210114,DEMOCRAT
1994,NEBRASKA,NE,31,46.0,35,US SENATE,statewide,gen,False,JAN STONEY,REPUBLICAN,False,total,260668.0,579205.0,False,20210114,REPUBLICAN
1994,NEBRASKA,NE,31,46.0,35,US SENATE,statewide,gen,False,,,True,total,1240.0,579205.0,False,20210114,OTHER
1994,NEVADA,NV,32,88.0,65,US SENATE,statewide,gen,False,ANNA NEVENICH,INDEPENDENT,False,total,6666.0,380530.0,False,20210114,OTHER
1994,NEVADA,NV,32,88.0,65,US SENATE,statewide,gen,False,BOB DAYS,LIBERTARIAN,False,total,5964.0,380530.0,False,20210114,LIBERTARIAN
1994,NEVADA,NV,32,88.0,65,US SENATE,statewide,gen,False,HAL FURMAN,REPUBLICAN,False,total,156020.0,380530.0,False,20210114,REPUBLICAN
1994,NEVADA,NV,32,88.0,65,US SENATE,statewide,gen,False,NEAL A. GRASTEIT,INDEPENDENT AMERICAN,False,total,5450.0,380530.0,False,20210114,OTHER
1994,NEVADA,NV,32,88.0,65,US SENATE,statewide,gen,False,OTHER,,False,total,12626.0,380530.0,False,20210114,OTHER
1994,NEVADA,NV,32,88.0,65,US SENATE,statewide,gen,False,RICHARD H. BRYAN,DEMOCRAT,False,total,193804.0,380530.0,False,20210114,DEMOCRAT
1994,NEW JERSEY,NJ,34,22.0,12,US SENATE,statewide,gen,False,ANDREWA LIPPI,PROPERTY RIGHTS,False,total,6303.0,2054887.0,False,20210114,OTHER
1994,NEW JERSEY,NJ,34,22.0,12,US SENATE,statewide,gen,False,ARLENE GOLD,NATURAL LAW,False,total,3249.0,2054887.0,False,20210114,OTHER
1994,NEW JERSEY,NJ,34,22.0,12,US SENATE,statewide,gen,False,BEN GRINDLINGER,LIBERTARIAN,False,total,14042.0,2054887.0,False,20210114,LIBERTARIAN
1994,NEW JERSEY,NJ,34,22.0,12,US SENATE,statewide,gen,False,FRANK R. LAUTENBERG,DEMOCRAT,False,total,1033487.0,2054887.0,False,20210114,DEMOCRAT
1994,NEW JERSEY,NJ,34,22.0,12,US SENATE,statewide,gen,False,"GARABED ""CHUCK"" HAYTAIAN",REPUBLICAN,False,total,966244.0,2054887.0,False,20210114,REPUBLICAN
1994,NEW JERSEY,NJ,34,22.0,12,US SENATE,statewide,gen,False,GEORGE PATRICK PREDHAM,DAMN DRUG DEALERS,False,total,4226.0,2054887.0,False,20210114,OTHER
1994,NEW JERSEY,NJ,34,22.0,12,US SENATE,statewide,gen,False,JOANNE KUNIANSKY,SOCIALIST WORKERS,False,total,3606.0,2054887.0,False,20210114,OTHER
1994,NEW JERSEY,NJ,34,22.0,12,US SENATE,statewide,gen,False,MICHAEL P. KELLY,KEEP AMERICA FIRST,False,total,14343.0,2054887.0,False,20210114,OTHER
1994,NEW JERSEY,NJ,34,22.0,12,US SENATE,statewide,gen,False,RICHARD J. PEZZULLO,CONSERVATIVE,False,total,9387.0,2054887.0,False,20210114,OTHER
1994,NEW MEXICO,NM,35,85.0,66,US SENATE,statewide,gen,False,COLIN R. MCMILLAN,REPUBLICAN,False,total,213025.0,463196.0,False,20210114,REPUBLICAN
1994,NEW MEXICO,NM,35,85.0,66,US SENATE,statewide,gen,False,JEFF BINGAMAN,DEMOCRAT,False,total,249989.0,463196.0,False,20210114,DEMOCRAT
1994,NEW MEXICO,NM,35,85.0,66,US SENATE,statewide,gen,False,,,True,total,182.0,463196.0,False,20210114,OTHER
1994,NEW YORK,NY,36,21.0,13,US SENATE,statewide,gen,False,BERNADETTE CASTRO,CONSERVATIVE,False,total,276548.0,5328486.0,False,20210114,OTHER
1994,NEW YORK,NY,36,21.0,13,US SENATE,statewide,gen,False,BERNADETTE CASTRO,REPUBLICAN,False,total,1711760.0,5328486.0,False,20210114,REPUBLICAN
1994,NEW YORK,NY,36,21.0,13,US SENATE,statewide,gen,False,DANIEL PATRICK MOYNIHAN,LIBERAL,False,total,118154.0,5328486.0,False,20210114,OTHER
1994,NEW YORK,NY,36,21.0,13,US SENATE,statewide,gen,False,DANIEL PATRICK MOYNIHAN,DEMOCRAT,False,total,2528387.0,5328486.0,False,20210114,DEMOCRAT
1994,NEW YORK,NY,36,21.0,13,US SENATE,statewide,gen,False,HENRY F. HEWES,RIGHT TO LIFE,False,total,95954.0,5328486.0,False,20210114,OTHER
1994,NEW YORK,NY,36,21.0,13,US SENATE,statewide,gen,False,"ISMAEL BETANCOURT, JR.",INDEPENDENCE FUSION,False,total,26650.0,5328486.0,False,20210114,OTHER
1994,NEW YORK,NY,36,21.0,13,US SENATE,statewide,gen,False,NAOMI L. CRAINE,SOCIALIST WORKERS,False,total,14892.0,5328486.0,False,20210114,OTHER
1994,NEW YORK,NY,36,21.0,13,US SENATE,statewide,gen,False,NORMA SEGAL,LIBERTARIAN,False,total,17991.0,5328486.0,False,20210114,LIBERTARIAN
1994,NEW YORK,NY,36,21.0,13,US SENATE,statewide,gen,False,SCATTER,,False,total,538150.0,5328486.0,False,20210114,OTHER
1994,NORTH DAKOTA,ND,38,44.0,36,US SENATE,statewide,gen,False,BEN CLAYBURGH,REPUBLICAN,False,total,99390.0,236547.0,False,20210114,REPUBLICAN
1994,NORTH DAKOTA,ND,38,44.0,36,US SENATE,statewide,gen,False,KENT CONRAD,DEMOCRAT,False,total,137157.0,236547.0,False,20210114,DEMOCRAT
1994,OHIO,OH,39,31.0,24,US SENATE,statewide,gen,False,JOEL HYATT,DEMOCRAT,False,total,1348213.0,3436884.0,False,20210114,DEMOCRAT
1994,OHIO,OH,39,31.0,24,US SENATE,statewide,gen,False,JOSEPH J. SLOVENEC,INDEPENDENT,False,total,252031.0,3436884.0,False,20210114,OTHER
1994,OHIO,OH,39,31.0,24,US SENATE,statewide,gen,False,MIKE DEWINE,REPUBLICAN,False,total,1836556.0,3436884.0,False,20210114,REPUBLICAN
1994,OHIO,OH,39,31.0,24,US SENATE,statewide,gen,False,,,True,total,84.0,3436884.0,False,20210114,OTHER
1994,OKLAHOMA,OK,40,73.0,53,US SENATE,statewide,gen,True,DANNY CORN,INDEPENDENT,False,total,47552.0,982430.0,False,20210114,OTHER
1994,OKLAHOMA,OK,40,73.0,53,US SENATE,statewide,gen,True,DAVE MCCURDY,DEMOCRAT,False,total,392488.0,982430.0,False,20210114,DEMOCRAT
1994,OKLAHOMA,OK,40,73.0,53,US SENATE,statewide,gen,True,JAMES M. INHOFE,REPUBLICAN,False,total,542390.0,982430.0,False,20210114,REPUBLICAN
1994,PENNSYLVANIA,PA,42,23.0,14,US SENATE,statewide,gen,False,DIANE BLOUGH,PATRIOT,False,total,69825.0,3513361.0,False,20210114,OTHER
1994,PENNSYLVANIA,PA,42,23.0,14,US SENATE,statewide,gen,False,DONALD C. ERNSBERGER,LIBERTARIAN,False,total,59115.0,3513361.0,False,20210114,LIBERTARIAN
1994,PENNSYLVANIA,PA,42,23.0,14,US SENATE,statewide,gen,False,HARRIS WOFFORD,DEMOCRAT,False,total,1648481.0,3513361.0,False,20210114,DEMOCRAT
1994,PENNSYLVANIA,PA,42,23.0,14,US SENATE,statewide,gen,False,RICK SANTORUM,REPUBLICAN,False,total,1735691.0,3513361.0,False,20210114,REPUBLICAN
1994,PENNSYLVANIA,PA,42,23.0,14,US SENATE,statewide,gen,False,,,True,total,249.0,3513361.0,False,20210114,OTHER
1994,RHODE ISLAND,RI,44,15.0,5,US SENATE,statewide,gen,False,JOHN H. CHAFEE,REPUBLICAN,False,total,222856.0,345388.0,False,20210114,REPUBLICAN
1994,RHODE ISLAND,RI,44,15.0,5,US SENATE,statewide,gen,False,LINDA J. KUSHNER,DEMOCRAT,False,total,122532.0,345388.0,False,20210114,DEMOCRAT
1994,TENNESSEE,TN,47,62.0,54,US SENATE,statewide,gen,False,BILL FRIST,REPUBLICAN,False,total,834226.0,1480391.0,False,20210114,REPUBLICAN
1994,TENNESSEE,TN,47,62.0,54,US SENATE,statewide,gen,False,CHARLES F. JOHNSON,INDEPENDENT,False,total,6631.0,1480391.0,False,20210114,OTHER
1994,TENNESSEE,TN,47,62.0,54,US SENATE,statewide,gen,False,JIM SASSER,DEMOCRAT,False,total,623164.0,1480391.0,False,20210114,DEMOCRAT
1994,TENNESSEE,TN,47,62.0,54,US SENATE,statewide,gen,False,JOHN JAY HOOKER,INDEPENDENT,False,total,13244.0,1480391.0,False,20210114,OTHER
1994,TENNESSEE,TN,47,62.0,54,US SENATE,statewide,gen,False,PHILIP L. KIENLEN,INDEPENDENT,False,total,3087.0,1480391.0,False,20210114,OTHER
1994,TENNESSEE,TN,47,62.0,54,US SENATE,statewide,gen,False,,,True,total,39.0,1480391.0,False,20210114,OTHER
1994,TENNESSEE,TN,47,62.0,54,US SENATE,statewide,gen,True,CHARLES M. MOORE,INDEPENDENT,False,total,2219.0,1465862.0,False,20210114,OTHER
1994,TENNESSEE,TN,47,62.0,54,US SENATE,statewide,gen,True,CHARLES N. HANCOCK,INDEPENDENT,False,total,4169.0,1465862.0,False,20210114,OTHER
1994,TENNESSEE,TN,47,62.0,54,US SENATE,statewide,gen,True,DON SCHNELLER,INDEPENDENT,False,total,1150.0,1465862.0,False,20210114,OTHER
1994,TENNESSEE,TN,47,62.0,54,US SENATE,statewide,gen,True,FRED THOMPSON,REPUBLICAN,False,total,885998.0,1465862.0,False,20210114,REPUBLICAN
1994,TENNESSEE,TN,47,62.0,54,US SENATE,statewide,gen,True,HOBART R. LUMPKIN,INDEPENDENT,False,total,1184.0,1465862.0,False,20210114,OTHER
1994,TENNESSEE,TN,47,62.0,54,US SENATE,statewide,gen,True,JIM COOPER,DEMOCRAT,False,total,565930.0,1465862.0,False,20210114,DEMOCRAT
1994,TENNESSEE,TN,47,62.0,54,US SENATE,statewide,gen,True,JON WALLS,INDEPENDENT,False,total,1532.0,1465862.0,False,20210114,OTHER
1994,TENNESSEE,TN,47,62.0,54,US SENATE,statewide,gen,True,KERRY MARTIN,INDEPENDENT,False,total,1719.0,1465862.0,False,20210114,OTHER
1994,TENNESSEE,TN,47,62.0,54,US SENATE,statewide,gen,True,TERRY L. LYTLE,INDEPENDENT,False,total,1934.0,1465862.0,False,20210114,OTHER
1994,TENNESSEE,TN,47,62.0,54,US SENATE,statewide,gen,True,,,True,total,27.0,1465862.0,False,20210114,OTHER
1994,TEXAS,TX,48,74.0,49,US SENATE,statewide,gen,False,KAY BAILEY HUTCHISON,REPUBLICAN,False,total,2604218.0,4279940.0,False,20210114,REPUBLICAN
1994,TEXAS,TX,48,74.0,49,US SENATE,statewide,gen,False,PIERRE BLONDEAU,LIBERTARIAN,False,total,36107.0,4279940.0,False,20210114,LIBERTARIAN
1994,TEXAS,TX,48,74.0,49,US SENATE,statewide,gen,False,RICHARD FISHER,DEMOCRAT,False,total,1639615.0,4279940.0,False,20210114,DEMOCRAT
1994,UTAH,UT,49,87.0,67,US SENATE,statewide,gen,False,CRAIG OLIVER,INDEPENDENT,False,total,9550.0,519304.0,False,20210114,OTHER
1994,UTAH,UT,49,87.0,67,US SENATE,statewide,gen,False,GARY R. VAN HORN,AMERICAN,False,total,2543.0,519304.0,False,20210114,OTHER
1994,UTAH,UT,49,87.0,67,US SENATE,statewide,gen,False,LAWRENCE REY TOPHAM,INDEPENDENT AMERICAN,False,total,1462.0,519304.0,False,20210114,OTHER
1994,UTAH,UT,49,87.0,67,US SENATE,statewide,gen,False,NELSON GONZALEZ,SOCIALIST WORKERS,False,total,1514.0,519304.0,False,20210114,OTHER
1994,UTAH,UT,49,87.0,67,US SENATE,statewide,gen,False,ORRIN G. HATCH,REPUBLICAN,False,total,357297.0,519304.0,False,20210114,REPUBLICAN
1994,UTAH,UT,49,87.0,67,US SENATE,statewide,gen,False,PATRICK A. SHEA,DEMOCRAT,False,total,146938.0,519304.0,False,20210114,DEMOCRAT
1994,VERMONT,VT,50,13.0,6,US SENATE,statewide,gen,False,BOB MELAMEDE,GRASSROOTS,False,total,1416.0,211672.0,False,20210114,OTHER
1994,VERMONT,VT,50,13.0,6,US SENATE,statewide,gen,False,GAVIN T. MILLS,INDEPENDENT,False,total,12465.0,211672.0,False,20210114,OTHER
1994,VERMONT,VT,50,13.0,6,US SENATE,statewide,gen,False,JAMES M. JEFFORDS,REPUBLICAN,False,total,106505.0,211672.0,False,20210114,REPUBLICAN
1994,VERMONT,VT,50,13.0,6,US SENATE,statewide,gen,False,JAN BACKUS,DEMOCRAT,False,total,85868.0,211672.0,False,20210114,DEMOCRAT
1994,VERMONT,VT,50,13.0,6,US SENATE,statewide,gen,False,JERRY LEVY,LIBERTY UNION,False,total,1376.0,211672.0,False,20210114,OTHER
1994,VERMONT,VT,50,13.0,6,US SENATE,statewide,gen,False,JOSEPH VICTOR PARDO,NATURAL LAW,False,total,709.0,211672.0,False,20210114,OTHER
1994,VERMONT,VT,50,13.0,6,US SENATE,statewide,gen,False,MATTHEW S. MULLIGAN,INDEPENDENT,False,total,3141.0,211672.0,False,20210114,OTHER
1994,VERMONT,VT,50,13.0,6,US SENATE,statewide,gen,False,,,True,total,192.0,211672.0,False,20210114,OTHER
1994,VIRGINIA,VA,51,54.0,40,US SENATE,statewide,gen,False,CHARLES S. ROBB,DEMOCRAT,False,total,938376.0,2057463.0,False,20210114,DEMOCRAT
1994,VIRGINIA,VA,51,54.0,40,US SENATE,statewide,gen,False,J. MARSHALL COLEMAN,INDEPENDENT,False,total,235324.0,2057463.0,False,20210114,OTHER
1994,VIRGINIA,VA,51,54.0,40,US SENATE,statewide,gen,False,L. DOUGLAS WILDER,INDEPENDENT,False,total,113.0,2057463.0,False,20210114,OTHER
1994,VIRGINIA,VA,51,54.0,40,US SENATE,statewide,gen,False,"OLIVER L. ""OLLIE"" NORTH",REPUBLICAN,False,total,882213.0,2057463.0,False,20210114,REPUBLICAN
1994,VIRGINIA,VA,51,54.0,40,US SENATE,statewide,gen,False,,,True,total,1437.0,2057463.0,False,20210114,OTHER
1994,WASHINGTON,WA,53,91.0,73,US SENATE,statewide,gen,False,RON SIMS,DEMOCRAT,False,total,752352.0,1700173.0,False,20210114,DEMOCRAT
1994,WASHINGTON,WA,53,91.0,73,US SENATE,statewide,gen,False,SLADE GORTON,REPUBLICAN,False,total,947821.0,1700173.0,False,20210114,REPUBLICAN
1994,WEST VIRGINIA,WV,54,55.0,56,US SENATE,statewide,gen,False,ROBERT C. BYRD,DEMOCRAT,False,total,290495.0,420936.0,False,20210114,DEMOCRAT
1994,WEST VIRGINIA,WV,54,55.0,56,US SENATE,statewide,gen,False,STAN KLOS,REPUBLICAN,False,total,130441.0,420936.0,False,20210114,REPUBLICAN
1994,WISCONSIN,WI,55,35.0,25,US SENATE,statewide,gen,False,HERB KOHL,DEMOCRAT,False,total,912662.0,1565628.0,False,20210114,DEMOCRAT
1994,WISCONSIN,WI,55,35.0,25,US SENATE,statewide,gen,False,JAMES DEAN,LIBERTARIAN,False,total,15439.0,1565628.0,False,20210114,LIBERTARIAN
1994,WISCONSIN,WI,55,35.0,25,US SENATE,statewide,gen,False,ROBERT T. WELCH,REPUBLICAN,False,total,636989.0,1565628.0,False,20210114,REPUBLICAN
1994,WISCONSIN,WI,55,35.0,25,US SENATE,statewide,gen,False,SCATTER,,False,total,538.0,1565628.0,False,20210114,OTHER
1994,WYOMING,WY,56,83.0,68,US SENATE,statewide,gen,False,CRAIG ALAN MCCUNE,LIBERTARIAN,False,total,3669.0,201710.0,False,20210114,LIBERTARIAN
1994,WYOMING,WY,56,83.0,68,US SENATE,statewide,gen,False,CRAIG THOMAS,REPUBLICAN,False,total,118754.0,201710.0,False,20210114,REPUBLICAN
1994,WYOMING,WY,56,83.0,68,US SENATE,statewide,gen,False,MIKE SULLIVAN,DEMOCRAT,False,total,79287.0,201710.0,False,20210114,DEMOCRAT
1996,ALABAMA,AL,1,63.0,41,US SENATE,statewide,gen,False,CHARLES R. HEBNER,NATURAL LAW,False,total,9123.0,1499393.0,False,20210114,OTHER
1996,ALABAMA,AL,1,63.0,41,US SENATE,statewide,gen,False,JEFF SESSIONS,REPUBLICAN,False,total,786436.0,1499393.0,False,20210114,REPUBLICAN
1996,ALABAMA,AL,1,63.0,41,US SENATE,statewide,gen,False,MARK THORNTON,LIBERTARIAN,False,total,21550.0,1499393.0,False,20210114,LIBERTARIAN
1996,ALABAMA,AL,1,63.0,41,US SENATE,statewide,gen,False,ROGER BEDFORD,DEMOCRAT,False,total,681651.0,1499393.0,False,20210114,DEMOCRAT
1996,ALABAMA,AL,1,63.0,41,US SENATE,statewide,gen,False,,,True,total,633.0,1499393.0,False,20210114,OTHER
1996,ALASKA,AK,2,94.0,81,US SENATE,statewide,gen,False,JED WHITTAKER,GREEN,False,total,29037.0,231916.0,False,20210114,OTHER
1996,ALASKA,AK,2,94.0,81,US SENATE,statewide,gen,False,TED STEVENS,REPUBLICAN,False,total,177893.0,231916.0,False,20210114,REPUBLICAN
1996,ALASKA,AK,2,94.0,81,US SENATE,statewide,gen,False,THERESA NANGLE OBERMEYER,DEMOCRAT,False,total,23977.0,231916.0,False,20210114,DEMOCRAT
1996,ALASKA,AK,2,94.0,81,US SENATE,statewide,gen,False,,,True,total,1009.0,231916.0,False,20210114,OTHER
1996,ARKANSAS,AR,5,71.0,42,US SENATE,statewide,gen,False,WINSTON BRYANT,DEMOCRAT,False,total,400241.0,846183.0,False,20210114,DEMOCRAT
1996,ARKANSAS,AR,5,71.0,42,US SENATE,statewide,gen,False,Y. TIM HUTCHINSON,REPUBLICAN,False,total,445942.0,846183.0,False,20210114,REPUBLICAN
1996,COLORADO,CO,8,84.0,62,US SENATE,statewide,gen,False,RANDY MACKENZIE,NATURAL LAW,False,total,41620.0,1459601.0,False,20210114,OTHER
1996,COLORADO,CO,8,84.0,62,US SENATE,statewide,gen,False,TOM STRICKLAND,DEMOCRAT,False,total,667600.0,1459601.0,False,20210114,DEMOCRAT
1996,COLORADO,CO,8,84.0,62,US SENATE,statewide,gen,False,WAYNE ALLARD,REPUBLICAN,False,total,750315.0,1459601.0,False,20210114,REPUBLICAN
1996,COLORADO,CO,8,84.0,62,US SENATE,statewide,gen,False,,,True,total,66.0,1459601.0,False,20210114,OTHER
1996,DELAWARE,DE,10,51.0,11,US SENATE,statewide,gen,False,JACQUELINE KOSSOFF,NATURAL LAW,False,total,1698.0,275591.0,False,20210114,OTHER
1996,DELAWARE,DE,10,51.0,11,US SENATE,statewide,gen,False,JOSEPH R. BIDEN JR.,DEMOCRAT,False,total,165465.0,275591.0,False,20210114,DEMOCRAT
1996,DELAWARE,DE,10,51.0,11,US SENATE,statewide,gen,False,MARK JONES,LIBERTARIAN,False,total,3340.0,275591.0,False,20210114,LIBERTARIAN
1996,DELAWARE,DE,10,51.0,11,US SENATE,statewide,gen,False,RAYMOND J. CLATWORTHY,REPUBLICAN,False,total,105088.0,275591.0,False,20210114,REPUBLICAN
1996,GEORGIA,GA,13,58.0,44,US SENATE,statewide,gen,False,GUY W. MILLNER,REPUBLICAN,False,total,1073969.0,2259224.0,False,20210114,REPUBLICAN
1996,GEORGIA,GA,13,58.0,44,US SENATE,statewide,gen,False,JOHN GREGORY CASHIN,LIBERTARIAN,False,total,81262.0,2259224.0,False,20210114,LIBERTARIAN
1996,GEORGIA,GA,13,58.0,44,US SENATE,statewide,gen,False,MAX CLELAND,DEMOCRAT,False,total,1103993.0,2259224.0,False,20210114,DEMOCRAT
1996,IDAHO,ID,16,82.0,63,US SENATE,statewide,gen,False,LARRY E. CRAIG,REPUBLICAN,False,total,283532.0,497233.0,False,20210114,REPUBLICAN
1996,IDAHO,ID,16,82.0,63,US SENATE,statewide,gen,False,MARY J. CHARBONNEAU,INDEPENDENT,False,total,10137.0,497233.0,False,20210114,OTHER
1996,IDAHO,ID,16,82.0,63,US SENATE,statewide,gen,False,SUSAN VEGORS,NATURAL LAW,False,total,5142.0,497233.0,False,20210114,OTHER
1996,IDAHO,ID,16,82.0,63,US SENATE,statewide,gen,False,WALT MINNICK,DEMOCRAT,False,total,198422.0,497233.0,False,20210114,DEMOCRAT
1996,ILLINOIS,IL,17,33.0,21,US SENATE,statewide,gen,False,AL SALVI,REPUBLICAN,False,total,1728824.0,4250722.0,False,20210114,REPUBLICAN
1996,ILLINOIS,IL,17,33.0,21,US SENATE,statewide,gen,False,CHAD KOPPIE,U.S. TAXPAYERS,False,total,17563.0,4250722.0,False,20210114,OTHER
1996,ILLINOIS,IL,17,33.0,21,US SENATE,statewide,gen,False,JAMES E. DAVIS,NATURAL LAW,False,total,13838.0,4250722.0,False,20210114,OTHER
1996,ILLINOIS,IL,17,33.0,21,US SENATE,statewide,gen,False,RICHARD J. DURBIN,DEMOCRAT,False,total,2384028.0,4250722.0,False,20210114,DEMOCRAT
1996,ILLINOIS,IL,17,33.0,21,US SENATE,statewide,gen,False,ROBIN J. MILLER,LIBERTARIAN,False,total,41218.0,4250722.0,False,20210114,LIBERTARIAN
1996,ILLINOIS,IL,17,33.0,21,US SENATE,statewide,gen,False,STEVEN H. PERRY,REFORM,False,total,61023.0,4250722.0,False,20210114,OTHER
1996,ILLINOIS,IL,17,33.0,21,US SENATE,statewide,gen,False,,,True,total,4228.0,4250722.0,False,20210114,OTHER
1996,IOWA,IA,19,42.0,31,US SENATE,statewide,gen,False,FRED GRATSON,NATURAL LAW,False,total,4248.0,1224054.0,False,20210114,OTHER
1996,IOWA,IA,19,42.0,31,US SENATE,statewide,gen,False,JIM LIGHTFOOT,REPUBLICAN,False,total,571807.0,1224054.0,False,20210114,REPUBLICAN
1996,IOWA,IA,19,42.0,31,US SENATE,statewide,gen,False,JOE SULENTIC,NOMINATED BY PETITION,False,total,1941.0,1224054.0,False,20210114,OTHER
1996,IOWA,IA,19,42.0,31,US SENATE,statewide,gen,False,SCATTER,,False,total,280.0,1224054.0,False,20210114,OTHER
1996,IOWA,IA,19,42.0,31,US SENATE,statewide,gen,False,SHIRLEY E. PENA,SOCIALIST WORKERS,False,total,1844.0,1224054.0,False,20210114,OTHER
1996,IOWA,IA,19,42.0,31,US SENATE,statewide,gen,False,SUE ATKINSON,NOMINATED BY PETITION,False,total,9768.0,1224054.0,False,20210114,OTHER
1996,IOWA,IA,19,42.0,31,US SENATE,statewide,gen,False,TOM HARKIN,DEMOCRAT,False,total,634166.0,1224054.0,False,20210114,DEMOCRAT
1996,KANSAS,KS,20,47.0,32,US SENATE,statewide,gen,False,MARK S. MARNEY,REFORM,False,total,24145.0,1052300.0,False,20210114,OTHER
1996,KANSAS,KS,20,47.0,32,US SENATE,statewide,gen,False,PAT ROBERTS,REPUBLICAN,False,total,652677.0,1052300.0,False,20210114,REPUBLICAN
1996,KANSAS,KS,20,47.0,32,US SENATE,statewide,gen,False,SALLY THOMPSON,DEMOCRAT,False,total,362380.0,1052300.0,False,20210114,DEMOCRAT
1996,KANSAS,KS,20,47.0,32,US SENATE,statewide,gen,False,STEVEN ROSILE,LIBERTARIAN,False,total,13098.0,1052300.0,False,20210114,LIBERTARIAN
1996,KANSAS,KS,20,47.0,32,US SENATE,statewide,gen,True,DONALD R. KLAASSEN,REFORM,False,total,29351.0,1064716.0,False,20210114,OTHER
1996,KANSAS,KS,20,47.0,32,US SENATE,statewide,gen,True,JILL DOCKING,DEMOCRAT,False,total,461344.0,1064716.0,False,20210114,DEMOCRAT
1996,KANSAS,KS,20,47.0,32,US SENATE,statewide,gen,True,SAM BROWNBACK,REPUBLICAN,False,total,574021.0,1064716.0,False,20210114,REPUBLICAN
1996,KENTUCKY,KY,21,61.0,51,US SENATE,statewide,gen,False,DENNIS L. LACY,LIBERTARIAN,False,total,8595.0,1307046.0,False,20210114,LIBERTARIAN
1996,KENTUCKY,KY,21,61.0,51,US SENATE,statewide,gen,False,MAC MCELROY,U.S. TAXPAYERS,False,total,5284.0,1307046.0,False,20210114,OTHER
1996,KENTUCKY,KY,21,61.0,51,US SENATE,statewide,gen,False,MITCH MCCONNELL,REPUBLICAN,False,total,724794.0,1307046.0,False,20210114,REPUBLICAN
1996,KENTUCKY,KY,21,61.0,51,US SENATE,statewide,gen,False,PATRICIA JO METTEN,NATURAL LAW,False,total,8344.0,1307046.0,False,20210114,OTHER
1996,KENTUCKY,KY,21,61.0,51,US SENATE,statewide,gen,False,STEVEN L. BESHEAR,DEMOCRAT,False,total,560012.0,1307046.0,False,20210114,DEMOCRAT
1996,KENTUCKY,KY,21,61.0,51,US SENATE,statewide,gen,False,,,True,total,17.0,1307046.0,False,20210114,OTHER
1996,LOUISIANA,LA,22,72.0,45,US SENATE,statewide,gen,False,"LOUIS ""WOODY"" JENKINS",REPUBLICAN,False,total,847157.0,1700102.0,False,20210114,REPUBLICAN
1996,LOUISIANA,LA,22,72.0,45,US SENATE,statewide,gen,False,MARY L. LANDRIEU,DEMOCRAT,False,total,852945.0,1700102.0,False,20210114,DEMOCRAT
1996,MAINE,ME,23,11.0,2,US SENATE,statewide,gen,False,JOHN C. RENSENBRINK,INDEPENDENT,False,total,23441.0,606777.0,False,20210114,OTHER
1996,MAINE,ME,23,11.0,2,US SENATE,statewide,gen,False,JOSEPH E. BRENNAN,DEMOCRAT,False,total,266226.0,606777.0,False,20210114,DEMOCRAT
1996,MAINE,ME,23,11.0,2,US SENATE,statewide,gen,False,OTHER,,False,total,70.0,606777.0,False,20210114,OTHER
1996,MAINE,ME,23,11.0,2,US SENATE,statewide,gen,False,SUSAN M. COLLINS,REPUBLICAN,False,total,298422.0,606777.0,False,20210114,REPUBLICAN
1996,MAINE,ME,23,11.0,2,US SENATE,statewide,gen,False,WILLIAM P. CLARKE,U.S. TAXPAYERS,False,total,18618.0,606777.0,False,20210114,OTHER
1996,MASSACHUSETTS,MA,25,14.0,3,US SENATE,statewide,gen,False,JOHN F. KERRY,DEMOCRAT,False,total,1334135.0,2555942.0,False,20210114,DEMOCRAT
1996,MASSACHUSETTS,MA,25,14.0,3,US SENATE,statewide,gen,False,OTHER,,False,total,1511.0,2555942.0,False,20210114,OTHER
1996,MASSACHUSETTS,MA,25,14.0,3,US SENATE,statewide,gen,False,ROBERT C. STOWE,NATURAL LAW,False,total,7169.0,2555942.0,False,20210114,OTHER
1996,MASSACHUSETTS,MA,25,14.0,3,US SENATE,statewide,gen,False,SUSAN C. GALLAGHER,CONSERVATIVE,False,total,70007.0,2555942.0,False,20210114,OTHER
1996,MASSACHUSETTS,MA,25,14.0,3,US SENATE,statewide,gen,False,WILLIAM F. WELD,REPUBLICAN,False,total,1143120.0,2555942.0,False,20210114,REPUBLICAN
1996,MICHIGAN,MI,26,34.0,23,US SENATE,statewide,gen,False,CARL LEVIN,DEMOCRAT,False,total,2195738.0,3762575.0,False,20210114,DEMOCRAT
1996,MICHIGAN,MI,26,34.0,23,US SENATE,statewide,gen,False,JOSEPH S. MATTINGLY,NATURAL LAW,False,total,11306.0,3762575.0,False,20210114,OTHER
1996,MICHIGAN,MI,26,34.0,23,US SENATE,statewide,gen,False,KENNETH L. PROCTOR,LIBERTARIAN,False,total,36911.0,3762575.0,False,20210114,LIBERTARIAN
1996,MICHIGAN,MI,26,34.0,23,US SENATE,statewide,gen,False,MARTIN P. MCLAUGHLIN,SOCIALIST EQUALITY,False,total,5975.0,3762575.0,False,20210114,OTHER
1996,MICHIGAN,MI,26,34.0,23,US SENATE,statewide,gen,False,RONNA ROMNEY,REPUBLICAN,False,total,1500106.0,3762575.0,False,20210114,REPUBLICAN
1996,MICHIGAN,MI,26,34.0,23,US SENATE,statewide,gen,False,WILLIAM ROUNDTREE,WORKERS WORLD,False,total,12235.0,3762575.0,False,20210114,OTHER
1996,MICHIGAN,MI,26,34.0,23,US SENATE,statewide,gen,False,,,True,total,304.0,3762575.0,False,20210114,OTHER
1996,MINNESOTA,MN,27,41.0,33,US SENATE,statewide,gen,False,DEAN BARKLEY,REFORM,False,total,152328.0,2182905.0,False,20210114,OTHER
1996,MINNESOTA,MN,27,41.0,33,US SENATE,statewide,gen,False,HOWARD B. HANSON,RESOURCE,False,total,4381.0,2182905.0,False,20210114,OTHER
1996,MINNESOTA,MN,27,41.0,33,US SENATE,statewide,gen,False,PAUL WELLSTONE,DEMOCRATIC-FARMER-LABOR,False,total,1098430.0,2182905.0,False,20210114,DEMOCRAT
1996,MINNESOTA,MN,27,41.0,33,US SENATE,statewide,gen,False,ROY EZRA CARLTON,LIBERTARIAN,False,total,5428.0,2182905.0,False,20210114,LIBERTARIAN
1996,MINNESOTA,MN,27,41.0,33,US SENATE,statewide,gen,False,RUDY BOSCHWITZ,REPUBLICAN,False,total,901194.0,2182905.0,False,20210114,REPUBLICAN
1996,MINNESOTA,MN,27,41.0,33,US SENATE,statewide,gen,False,STEVE JOHNSON,NATURAL LAW,False,total,4321.0,2182905.0,False,20210114,OTHER
1996,MINNESOTA,MN,27,41.0,33,US SENATE,statewide,gen,False,THOMAS A. FISKE,SOCIALIST WORKERS,False,total,1554.0,2182905.0,False,20210114,OTHER
1996,MINNESOTA,MN,27,41.0,33,US SENATE,statewide,gen,False,TIM DAVIS,GRASSROOTS,False,total,14139.0,2182905.0,False,20210114,OTHER
1996,MINNESOTA,MN,27,41.0,33,US SENATE,statewide,gen,False,,,True,total,1130.0,2182905.0,False,20210114,OTHER
1996,MISSISSIPPI,MS,28,64.0,46,US SENATE,statewide,gen,False,JAMES W. (BOOTIE) HUNT,DEMOCRAT,False,total,240647.0,878662.0,False,20210114,DEMOCRAT
1996,MISSISSIPPI,MS,28,64.0,46,US SENATE,statewide,gen,False,TED C. WEILL,INDEPENDENCE,False,total,13861.0,878662.0,False,20210114,OTHER
1996,MISSISSIPPI,MS,28,64.0,46,US SENATE,statewide,gen,False,THAD COCHRAN,REPUBLICAN,False,total,624154.0,878662.0,False,20210114,REPUBLICAN
1996,MONTANA,MT,30,81.0,64,US SENATE,statewide,gen,False,BECKY SHAW,REFORM,False,total,19276.0,407490.0,False,20210114,OTHER
1996,MONTANA,MT,30,81.0,64,US SENATE,statewide,gen,False,DENNIS REHBERG,REPUBLICAN,False,total,182111.0,407490.0,False,20210114,REPUBLICAN
1996,MONTANA,MT,30,81.0,64,US SENATE,statewide,gen,False,MAX BAUCUS,DEMOCRAT,False,total,201935.0,407490.0,False,20210114,DEMOCRAT
1996,MONTANA,MT,30,81.0,64,US SENATE,statewide,gen,False,STEPHEN HEATON,NATURAL LAW,False,total,4168.0,407490.0,False,20210114,OTHER
1996,NEBRASKA,NE,31,46.0,35,US SENATE,statewide,gen,False,BEN NELSON,DEMOCRAT,False,total,281904.0,661837.0,False,20210114,DEMOCRAT
1996,NEBRASKA,NE,31,46.0,35,US SENATE,statewide,gen,False,CHUCK HAGEL,REPUBLICAN,False,total,379933.0,661837.0,False,20210114,REPUBLICAN
1996,NEW HAMPSHIRE,NH,33,12.0,4,US SENATE,statewide,gen,False,BOB SMITH,REPUBLICAN,False,total,242257.0,491873.0,False,20210114,REPUBLICAN
1996,NEW HAMPSHIRE,NH,33,12.0,4,US SENATE,statewide,gen,False,DICK SWETT,DEMOCRAT,False,total,227355.0,491873.0,False,20210114,DEMOCRAT
1996,NEW HAMPSHIRE,NH,33,12.0,4,US SENATE,statewide,gen,False,KEN BLEVENS,LIBERTARIAN,False,total,22261.0,491873.0,False,20210114,LIBERTARIAN
1996,NEW JERSEY,NJ,34,22.0,12,US SENATE,statewide,gen,False,DICK ZIMMER,REPUBLICAN,False,total,1227351.0,2883466.0,False,20210114,REPUBLICAN
1996,NEW JERSEY,NJ,34,22.0,12,US SENATE,statewide,gen,False,MARK WISE,INDEPENDENT,False,total,13683.0,2883466.0,False,20210114,OTHER
1996,NEW JERSEY,NJ,34,22.0,12,US SENATE,statewide,gen,False,MARY JO CHRISTIAN,INDEPENDENT,False,total,23949.0,2883466.0,False,20210114,OTHER
1996,NEW JERSEY,NJ,34,22.0,12,US SENATE,statewide,gen,False,OLGA L. RODRIGUEZ,INDEPENDENT,False,total,14319.0,2883466.0,False,20210114,OTHER
1996,NEW JERSEY,NJ,34,22.0,12,US SENATE,statewide,gen,False,PAUL A. WOOMER,INDEPENDENT,False,total,15183.0,2883466.0,False,20210114,OTHER
1996,NEW JERSEY,NJ,34,22.0,12,US SENATE,statewide,gen,False,RICHARD J. PEZZULLO,INDEPENDENT,False,total,50971.0,2883466.0,False,20210114,OTHER
1996,NEW JERSEY,NJ,34,22.0,12,US SENATE,statewide,gen,False,ROBERT G. TORRICELLI,DEMOCRAT,False,total,1519154.0,2883466.0,False,20210114,DEMOCRAT
1996,NEW JERSEY,NJ,34,22.0,12,US SENATE,statewide,gen,False,STEVEN J. BAELI,INDEPENDENT,False,total,7749.0,2883466.0,False,20210114,OTHER
1996,NEW JERSEY,NJ,34,22.0,12,US SENATE,statewide,gen,False,WILBURT KORNEGAY,INDEPENDENT,False,total,11107.0,2883466.0,False,20210114,OTHER
1996,NEW MEXICO,NM,35,85.0,66,US SENATE,statewide,gen,False,ABRAHAM J. GUTMANN,GREEN,False,total,24230.0,551821.0,False,20210114,OTHER
1996,NEW MEXICO,NM,35,85.0,66,US SENATE,statewide,gen,False,ART TRUJILLO,DEMOCRAT,False,total,164356.0,551821.0,False,20210114,DEMOCRAT
1996,NEW MEXICO,NM,35,85.0,66,US SENATE,statewide,gen,False,BRUCE M. BUSH,LIBERTARIAN,False,total,6064.0,551821.0,False,20210114,LIBERTARIAN
1996,NEW MEXICO,NM,35,85.0,66,US SENATE,statewide,gen,False,PETE V. DOMENICI,REPUBLICAN,False,total,357171.0,551821.0,False,20210114,REPUBLICAN
1996,NORTH CAROLINA,NC,37,56.0,47,US SENATE,statewide,gen,False,HARVEY B. GANTT,DEMOCRAT,False,total,1173875.0,2556456.0,False,20210114,DEMOCRAT
1996,NORTH CAROLINA,NC,37,56.0,47,US SENATE,statewide,gen,False,J. VICTOR PARDO,NATURAL LAW,False,total,11209.0,2556456.0,False,20210114,OTHER
1996,NORTH CAROLINA,NC,37,56.0,47,US SENATE,statewide,gen,False,JESSE HELMS,REPUBLICAN,False,total,1345833.0,2556456.0,False,20210114,REPUBLICAN
1996,NORTH CAROLINA,NC,37,56.0,47,US SENATE,statewide,gen,False,RAY UBINGER,LIBERTARIAN,False,total,25396.0,2556456.0,False,20210114,LIBERTARIAN
1996,NORTH CAROLINA,NC,37,56.0,47,US SENATE,statewide,gen,False,,,True,total,143.0,2556456.0,False,20210114,OTHER
1996,OKLAHOMA,OK,40,73.0,53,US SENATE,statewide,gen,False,AGNES MARIE REGIER,LIBERTARIAN,False,total,14595.0,1183150.0,False,20210114,LIBERTARIAN
1996,OKLAHOMA,OK,40,73.0,53,US SENATE,statewide,gen,False,BILL MAGUIRE,INDEPENDENT,False,total,15092.0,1183150.0,False,20210114,OTHER
1996,OKLAHOMA,OK,40,73.0,53,US SENATE,statewide,gen,False,CHRIS NEDBALEK,INDEPENDENT,False,total,8691.0,1183150.0,False,20210114,OTHER
1996,OKLAHOMA,OK,40,73.0,53,US SENATE,statewide,gen,False,JAMES M. INHOFE,REPUBLICAN,False,total,670610.0,1183150.0,False,20210114,REPUBLICAN
1996,OKLAHOMA,OK,40,73.0,53,US SENATE,statewide,gen,False,JIM BOREN,DEMOCRAT,False,total,474162.0,1183150.0,False,20210114,DEMOCRAT
1996,OREGON,OR,41,92.0,72,US SENATE,statewide,gen,False,BRENT THOMPSON,REFORM,False,total,20381.0,1360230.0,False,20210114,OTHER
1996,OREGON,OR,41,92.0,72,US SENATE,statewide,gen,False,CHRISTOPHER PHELPS,SOCIALIST,False,total,5426.0,1360230.0,False,20210114,OTHER
1996,OREGON,OR,41,92.0,72,US SENATE,statewide,gen,False,GARY KUTCHER,GREEN,False,total,14193.0,1360230.0,False,20210114,OTHER
1996,OREGON,OR,41,92.0,72,US SENATE,statewide,gen,False,GORDON SMITH,REPUBLICAN,False,total,677336.0,1360230.0,False,20210114,REPUBLICAN
1996,OREGON,OR,41,92.0,72,US SENATE,statewide,gen,False,MICHAEL L. HOYES,NATURAL LAW,False,total,4425.0,1360230.0,False,20210114,OTHER
1996,OREGON,OR,41,92.0,72,US SENATE,statewide,gen,False,OTHER,,False,total,1402.0,1360230.0,False,20210114,OTHER
1996,OREGON,OR,41,92.0,72,US SENATE,statewide,gen,False,PAUL (STORMY) MOHN,LIBERTARIAN,False,total,12697.0,1360230.0,False,20210114,LIBERTARIAN
1996,OREGON,OR,41,92.0,72,US SENATE,statewide,gen,False,TOM BRUGGERE,DEMOCRAT,False,total,624370.0,1360230.0,False,20210114,DEMOCRAT
1996,RHODE ISLAND,RI,44,15.0,5,US SENATE,statewide,gen,False,DONALD W. LOVEJOY,INDEPENDENT,False,total,6327.0,364371.0,False,20210114,OTHER
1996,RHODE ISLAND,RI,44,15.0,5,US SENATE,statewide,gen,False,JACK REED,DEMOCRAT,False,total,230676.0,364371.0,False,20210114,DEMOCRAT
1996,RHODE ISLAND,RI,44,15.0,5,US SENATE,statewide,gen,False,NANCY J. MAYER,REPUBLICAN,False,total,127368.0,364371.0,False,20210114,REPUBLICAN
1996,SOUTH CAROLINA,SC,45,57.0,48,US SENATE,statewide,gen,False,ANNETTE C. ESTES,NATURAL LAW,False,total,7693.0,1161231.0,False,20210114,OTHER
1996,SOUTH CAROLINA,SC,45,57.0,48,US SENATE,statewide,gen,False,ELLIOT SPRINGS CLOSE,DEMOCRAT,False,total,510951.0,1161231.0,False,20210114,DEMOCRAT
1996,SOUTH CAROLINA,SC,45,57.0,48,US SENATE,statewide,gen,False,PETER J. ASHY,REFORM,False,total,9740.0,1161231.0,False,20210114,OTHER
1996,SOUTH CAROLINA,SC,45,57.0,48,US SENATE,statewide,gen,False,RICHARD T. QUILLIAN,LIBERTARIAN,False,total,12988.0,1161231.0,False,20210114,LIBERTARIAN
1996,SOUTH CAROLINA,SC,45,57.0,48,US SENATE,statewide,gen,False,STROM THURMOND,REPUBLICAN,False,total,619859.0,1161231.0,False,20210114,REPUBLICAN
1996,SOUTH DAKOTA,SD,46,45.0,37,US SENATE,statewide,gen,False,LARRY PRESSLER,REPUBLICAN,False,total,157954.0,324487.0,False,20210114,REPUBLICAN
1996,SOUTH DAKOTA,SD,46,45.0,37,US SENATE,statewide,gen,False,TIM JOHNSON,DEMOCRAT,False,total,166533.0,324487.0,False,20210114,DEMOCRAT
1996,TENNESSEE,TN,47,62.0,54,US SENATE,statewide,gen,False,BRUCE GOLD,INDEPENDENT,False,total,5865.0,1778664.0,False,20210114,OTHER
1996,TENNESSEE,TN,47,62.0,54,US SENATE,statewide,gen,False,FRED THOMPSON,REPUBLICAN,False,total,1091554.0,1778664.0,False,20210114,REPUBLICAN
1996,TENNESSEE,TN,47,62.0,54,US SENATE,statewide,gen,False,GREG SAMPLES,INDEPENDENT,False,total,4104.0,1778664.0,False,20210114,OTHER
1996,TENNESSEE,TN,47,62.0,54,US SENATE,statewide,gen,False,HOUSTON GORDON,DEMOCRAT,False,total,654937.0,1778664.0,False,20210114,DEMOCRAT
1996,TENNESSEE,TN,47,62.0,54,US SENATE,statewide,gen,False,JOHN JAY HOOKER,INDEPENDENT,False,total,14401.0,1778664.0,False,20210114,OTHER
1996,TENNESSEE,TN,47,62.0,54,US SENATE,statewide,gen,False,PHILIP L. KIENLEN,INDEPENDENT,False,total,2173.0,1778664.0,False,20210114,OTHER
1996,TENNESSEE,TN,47,62.0,54,US SENATE,statewide,gen,False,ROBERT O. WATSON,INDEPENDENT,False,total,5569.0,1778664.0,False,20210114,OTHER
1996,TENNESSEE,TN,47,62.0,54,US SENATE,statewide,gen,False,,,True,total,61.0,1778664.0,False,20210114,OTHER
1996,TEXAS,TX,48,74.0,49,US SENATE,statewide,gen,False,JOHN HUFF,NATURAL LAW,False,total,19469.0,5527441.0,False,20210114,OTHER
1996,TEXAS,TX,48,74.0,49,US SENATE,statewide,gen,False,MICHAEL BIRD,LIBERTARIAN,False,total,51516.0,5527441.0,False,20210114,LIBERTARIAN
1996,TEXAS,TX,48,74.0,49,US SENATE,statewide,gen,False,PHIL GRAMM,REPUBLICAN,False,total,3027680.0,5527441.0,False,20210114,REPUBLICAN
1996,TEXAS,TX,48,74.0,49,US SENATE,statewide,gen,False,VICTOR M. MORALES,DEMOCRAT,False,total,2428776.0,5527441.0,False,20210114,DEMOCRAT
1996,VIRGINIA,VA,51,54.0,40,US SENATE,statewide,gen,False,JOHN W. WARNER,REPUBLICAN,False,total,1235744.0,2354715.0,False,20210114,REPUBLICAN
1996,VIRGINIA,VA,51,54.0,40,US SENATE,statewide,gen,False,MARK R. WARNER,DEMOCRAT,False,total,1115982.0,2354715.0,False,20210114,DEMOCRAT
1996,VIRGINIA,VA,51,54.0,40,US SENATE,statewide,gen,False,,,True,total,2989.0,2354715.0,False,20210114,OTHER
1996,WEST VIRGINIA,WV,54,55.0,56,US SENATE,statewide,gen,False,BETTY A. BURKS,REPUBLICAN,False,total,139088.0,595614.0,False,20210114,REPUBLICAN
1996,WEST VIRGINIA,WV,54,55.0,56,US SENATE,statewide,gen,False,JOHN D. ROCKEFELLER IV,DEMOCRAT,False,total,456526.0,595614.0,False,20210114,DEMOCRAT
1996,WYOMING,WY,56,83.0,68,US SENATE,statewide,gen,False,KATHY KARPAN,DEMOCRAT,False,total,89103.0,211077.0,False,20210114,DEMOCRAT
1996,WYOMING,WY,56,83.0,68,US SENATE,statewide,gen,False,LLOYD MARSDEN,NATURAL LAW,False,total,2569.0,211077.0,False,20210114,OTHER
1996,WYOMING,WY,56,83.0,68,US SENATE,statewide,gen,False,MICHAEL B. ENZI,REPUBLICAN,False,total,114116.0,211077.0,False,20210114,REPUBLICAN
1996,WYOMING,WY,56,83.0,68,US SENATE,statewide,gen,False,W. DAVID HERBERT,LIBERTARIAN,False,total,5289.0,211077.0,False,20210114,LIBERTARIAN
1998,ALABAMA,AL,1,63.0,41,US SENATE,statewide,gen,False,CLAYTON SUDDITH,DEMOCRAT,False,total,474568.0,1293405.0,False,20210114,DEMOCRAT
1998,ALABAMA,AL,1,63.0,41,US SENATE,statewide,gen,False,RICHARD C. SHELBY,REPUBLICAN,False,total,817973.0,1293405.0,False,20210114,REPUBLICAN
1998,ALABAMA,AL,1,63.0,41,US SENATE,statewide,gen,False,,,True,total,864.0,1293405.0,False,20210114,OTHER
1998,ALASKA,AK,2,94.0,81,US SENATE,statewide,gen,False,FRANK H. MURKOWSKI,REPUBLICAN,False,total,165227.0,221807.0,False,20210114,REPUBLICAN
1998,ALASKA,AK,2,94.0,81,US SENATE,statewide,gen,False,JEFFREY GOTTLIEB,GREEN,False,total,7126.0,221807.0,False,20210114,OTHER
1998,ALASKA,AK,2,94.0,81,US SENATE,statewide,gen,False,"JOSEPH A. ""JOE"" SONNEMAN",DEMOCRAT,False,total,43743.0,221807.0,False,20210114,DEMOCRAT
1998,ALASKA,AK,2,94.0,81,US SENATE,statewide,gen,False,SCOTT A. KOHLHAAS,LIBERTARIAN,False,total,5046.0,221807.0,False,20210114,LIBERTARIAN
1998,ALASKA,AK,2,94.0,81,US SENATE,statewide,gen,False,,,True,total,665.0,221807.0,False,20210114,OTHER
1998,ARIZONA,AZ,4,86.0,61,US SENATE,statewide,gen,False,BOB PARK,REFORM,False,total,18288.0,1013280.0,False,20210114,OTHER
1998,ARIZONA,AZ,4,86.0,61,US SENATE,statewide,gen,False,ED RANGER,DEMOCRAT,False,total,275224.0,1013280.0,False,20210114,DEMOCRAT
1998,ARIZONA,AZ,4,86.0,61,US SENATE,statewide,gen,False,JOHN C. ZAJAC,LIBERTARIAN,False,total,23004.0,1013280.0,False,20210114,LIBERTARIAN
1998,ARIZONA,AZ,4,86.0,61,US SENATE,statewide,gen,False,JOHN MCCAIN,REPUBLICAN,False,total,696577.0,1013280.0,False,20210114,REPUBLICAN
1998,ARIZONA,AZ,4,86.0,61,US SENATE,statewide,gen,False,,,True,total,187.0,1013280.0,False,20210114,OTHER
1998,ARKANSAS,AR,5,71.0,42,US SENATE,statewide,gen,False,BLANCHE LAMBERT LINCOLN,DEMOCRAT,False,total,385878.0,700831.0,False,20210114,DEMOCRAT
1998,ARKANSAS,AR,5,71.0,42,US SENATE,statewide,gen,False,CHARLEY E. HEFFLEY,REFORM,False,total,18896.0,700831.0,False,20210114,OTHER
1998,ARKANSAS,AR,5,71.0,42,US SENATE,statewide,gen,False,FAY BOOZMAN,REPUBLICAN,False,total,295870.0,700831.0,False,20210114,REPUBLICAN
1998,ARKANSAS,AR,5,71.0,42,US SENATE,statewide,gen,False,,,True,total,187.0,700831.0,False,20210114,OTHER
1998,CALIFORNIA,CA,6,93.0,71,US SENATE,statewide,gen,False,BARBARA BOXER,DEMOCRAT,False,total,4410056.0,8311905.0,False,20210114,DEMOCRAT
1998,CALIFORNIA,CA,6,93.0,71,US SENATE,statewide,gen,False,BRIAN M. REES,NATURAL LAW,False,total,46543.0,8311905.0,False,20210114,OTHER
1998,CALIFORNIA,CA,6,93.0,71,US SENATE,statewide,gen,False,"H. JOSEPH PERRIN, SR.",AMERICAN INDEPENDENT,False,total,54699.0,8311905.0,False,20210114,OTHER
1998,CALIFORNIA,CA,6,93.0,71,US SENATE,statewide,gen,False,MATT FONG,REPUBLICAN,False,total,3575078.0,8311905.0,False,20210114,REPUBLICAN
1998,CALIFORNIA,CA,6,93.0,71,US SENATE,statewide,gen,False,OPHIE C. BELTRAN,PEACE AND FREEDOM,False,total,48685.0,8311905.0,False,20210114,OTHER
1998,CALIFORNIA,CA,6,93.0,71,US SENATE,statewide,gen,False,TED BROWN,LIBERTARIAN,False,total,93926.0,8311905.0,False,20210114,LIBERTARIAN
1998,CALIFORNIA,CA,6,93.0,71,US SENATE,statewide,gen,False,TIMOTHY R. ERICH,REFORM,False,total,82918.0,8311905.0,False,20210114,OTHER
1998,COLORADO,CO,8,84.0,62,US SENATE,statewide,gen,False,BEN NIGHTHORSE CAMPBELL,REPUBLICAN,False,total,829370.0,1327235.0,False,20210114,REPUBLICAN
1998,COLORADO,CO,8,84.0,62,US SENATE,statewide,gen,False,DAVID S. SEGAL,LIBERTARIAN,False,total,14024.0,1327235.0,False,20210114,LIBERTARIAN
1998,COLORADO,CO,8,84.0,62,US SENATE,statewide,gen,False,DOTTIE LAMM,DEMOCRAT,False,total,464754.0,1327235.0,False,20210114,DEMOCRAT
1998,COLORADO,CO,8,84.0,62,US SENATE,statewide,gen,False,GARY SWING,U.S. PACIFIST,False,total,1981.0,1327235.0,False,20210114,OTHER
1998,COLORADO,CO,8,84.0,62,US SENATE,statewide,gen,False,JEFFREY PECKMAN,NATURAL LAW,False,total,4101.0,1327235.0,False,20210114,OTHER
1998,COLORADO,CO,8,84.0,62,US SENATE,statewide,gen,False,JOHN HECKMAN,CONCERNS OF PEOPLE,False,total,3230.0,1327235.0,False,20210114,OTHER
1998,COLORADO,CO,8,84.0,62,US SENATE,statewide,gen,False,KEVIN SWANSON,AMERICAN CONSTITUTION,False,total,9775.0,1327235.0,False,20210114,OTHER
1998,CONNECTICUT,CT,9,16.0,1,US SENATE,statewide,gen,False,CHRISTOPHER J. DODD,DEMOCRAT,False,total,628306.0,964457.0,False,20210114,DEMOCRAT
1998,CONNECTICUT,CT,9,16.0,1,US SENATE,statewide,gen,False,GARY FRANKS,REPUBLICAN,False,total,312177.0,964457.0,False,20210114,REPUBLICAN
1998,CONNECTICUT,CT,9,16.0,1,US SENATE,statewide,gen,False,LOIS A. GRASSO,TERM LIMITS,False,total,6517.0,964457.0,False,20210114,OTHER
1998,CONNECTICUT,CT,9,16.0,1,US SENATE,statewide,gen,False,WILDEY J. MOORE,LIBERTARIAN,False,total,5196.0,964457.0,False,20210114,LIBERTARIAN
1998,CONNECTICUT,CT,9,16.0,1,US SENATE,statewide,gen,False,WILLIAM KOZAK,CONCERNED CITIZENS,False,total,12261.0,964457.0,False,20210114,OTHER
1998,FLORIDA,FL,12,59.0,43,US SENATE,statewide,gen,False,BOB GRAHAM,DEMOCRAT,False,total,2436407.0,3900162.0,False,20210114,DEMOCRAT
1998,FLORIDA,FL,12,59.0,43,US SENATE,statewide,gen,False,CHARLIE CRIST,REPUBLICAN,False,total,1463755.0,3900162.0,False,20210114,REPUBLICAN
1998,GEORGIA,GA,13,58.0,44,US SENATE,statewide,gen,False,BERTIL ARMIN LOFTMAN,LIBERTARIAN,False,total,43467.0,1753953.0,False,20210114,LIBERTARIAN
1998,GEORGIA,GA,13,58.0,44,US SENATE,statewide,gen,False,MICHAEL J. COLES,DEMOCRAT,False,total,791904.0,1753953.0,False,20210114,DEMOCRAT
1998,GEORGIA,GA,13,58.0,44,US SENATE,statewide,gen,False,PAUL COVERDELL,REPUBLICAN,False,total,918540.0,1753953.0,False,20210114,REPUBLICAN
1998,GEORGIA,GA,13,58.0,44,US SENATE,statewide,gen,False,,,True,total,42.0,1753953.0,False,20210114,OTHER
1998,HAWAII,HI,15,95.0,82,US SENATE,statewide,gen,False,CRYSTAL YOUNG,REPUBLICAN,False,total,70964.0,398124.0,False,20210114,REPUBLICAN
1998,HAWAII,HI,15,95.0,82,US SENATE,statewide,gen,False,DANIEL K. INOUYE,DEMOCRAT,False,total,315252.0,398124.0,False,20210114,DEMOCRAT
1998,HAWAII,HI,15,95.0,82,US SENATE,statewide,gen,False,LLOYD (JEFF) MALLAN,LIBERTARIAN,False,total,11908.0,398124.0,False,20210114,LIBERTARIAN
1998,IDAHO,ID,16,82.0,63,US SENATE,statewide,gen,False,BILL MAUK,DEMOCRAT,False,total,107375.0,378174.0,False,20210114,DEMOCRAT
1998,IDAHO,ID,16,82.0,63,US SENATE,statewide,gen,False,GEORGE J. MANSFELD,NATURAL LAW,False,total,7833.0,378174.0,False,20210114,OTHER
1998,IDAHO,ID,16,82.0,63,US SENATE,statewide,gen,False,MIKE CRAPO,REPUBLICAN,False,total,262966.0,378174.0,False,20210114,REPUBLICAN
1998,ILLINOIS,IL,17,33.0,21,US SENATE,statewide,gen,False,CAROL MOSELEY-BRAUN,DEMOCRAT,False,total,1610496.0,3394521.0,False,20210114,DEMOCRAT
1998,ILLINOIS,IL,17,33.0,21,US SENATE,statewide,gen,False,DON A. TORGERSEN,REFORM,False,total,74704.0,3394521.0,False,20210114,OTHER
1998,ILLINOIS,IL,17,33.0,21,US SENATE,statewide,gen,False,PETER G. FITZGERALD,REPUBLICAN,False,total,1709041.0,3394521.0,False,20210114,REPUBLICAN
1998,ILLINOIS,IL,17,33.0,21,US SENATE,statewide,gen,False,RAYMOND W. STALKER,U.S. TAXPAYERS,False,total,280.0,3394521.0,False,20210114,OTHER
1998,INDIANA,IN,18,32.0,22,US SENATE,statewide,gen,False,EVAN BAYH,DEMOCRAT,False,total,1012244.0,1588617.0,False,20210114,DEMOCRAT
1998,INDIANA,IN,18,32.0,22,US SENATE,statewide,gen,False,PAUL HELMKE,REPUBLICAN,False,total,552732.0,1588617.0,False,20210114,REPUBLICAN
1998,INDIANA,IN,18,32.0,22,US SENATE,statewide,gen,False,REBECCA SINK-BURRIS,LIBERTARIAN,False,total,23641.0,1588617.0,False,20210114,LIBERTARIAN
1998,IOWA,IA,19,42.0,31,US SENATE,statewide,gen,False,BLANK VOTE/SCATTERING,,False,total,275.0,947907.0,False,20210114,OTHER
1998,IOWA,IA,19,42.0,31,US SENATE,statewide,gen,False,CHARLES E. GRASSLEY,REPUBLICAN,False,total,648480.0,947907.0,False,20210114,REPUBLICAN
1998,IOWA,IA,19,42.0,31,US SENATE,statewide,gen,False,DAVID OSTERBERG,DEMOCRAT,False,total,289049.0,947907.0,False,20210114,DEMOCRAT
1998,IOWA,IA,19,42.0,31,US SENATE,statewide,gen,False,MARGARET TROWE,SOCIALIST WORKERS,False,total,2542.0,947907.0,False,20210114,OTHER
1998,IOWA,IA,19,42.0,31,US SENATE,statewide,gen,False,SUSAN MARCUS,NATURAL LAW,False,total,7561.0,947907.0,False,20210114,OTHER
1998,KANSAS,KS,20,47.0,32,US SENATE,statewide,gen,False,ALVIN BAUMAN,REFORM,False,total,11334.0,727236.0,False,20210114,OTHER
1998,KANSAS,KS,20,47.0,32,US SENATE,statewide,gen,False,"PAUL FELECIANO, JR.",DEMOCRAT,False,total,229718.0,727236.0,False,20210114,DEMOCRAT
1998,KANSAS,KS,20,47.0,32,US SENATE,statewide,gen,False,SAM BROWNBACK,REPUBLICAN,False,total,474639.0,727236.0,False,20210114,REPUBLICAN
1998,KANSAS,KS,20,47.0,32,US SENATE,statewide,gen,False,TOM OYLER,LIBERTARIAN,False,total,11545.0,727236.0,False,20210114,LIBERTARIAN
1998,KENTUCKY,KY,21,61.0,51,US SENATE,statewide,gen,False,CHARLES R. ARBEGUST,REFORM,False,total,12546.0,1145414.0,False,20210114,OTHER
1998,KENTUCKY,KY,21,61.0,51,US SENATE,statewide,gen,False,JIM BUNNING,REPUBLICAN,False,total,569817.0,1145414.0,False,20210114,REPUBLICAN
1998,KENTUCKY,KY,21,61.0,51,US SENATE,statewide,gen,False,SCOTTY BAESLER,DEMOCRAT,False,total,563051.0,1145414.0,False,20210114,DEMOCRAT
1998,LOUISIANA,LA,22,72.0,45,US SENATE,statewide,gen,False,"""JIM"" DONELON",REPUBLICAN,False,total,306616.0,969165.0,False,20210114,REPUBLICAN
1998,LOUISIANA,LA,22,72.0,45,US SENATE,statewide,gen,False,DARRYL PAUL WARD,REPUBLICAN,False,total,7964.0,969165.0,False,20210114,REPUBLICAN
1998,LOUISIANA,LA,22,72.0,45,US SENATE,statewide,gen,False,JEFFREY H. DIKET,OTHER,False,total,3227.0,969165.0,False,20210114,OTHER
1998,LOUISIANA,LA,22,72.0,45,US SENATE,statewide,gen,False,JOHN B. BREAUX,DEMOCRAT,False,total,620502.0,969165.0,False,20210114,DEMOCRAT
1998,LOUISIANA,LA,22,72.0,45,US SENATE,statewide,gen,False,"L. D. ""NOTA"" KNOX, SR.",OTHER,False,total,6366.0,969165.0,False,20210114,OTHER
1998,LOUISIANA,LA,22,72.0,45,US SENATE,statewide,gen,False,MARTIN A. ROSENTHAL,OTHER,False,total,2394.0,969165.0,False,20210114,OTHER
1998,LOUISIANA,LA,22,72.0,45,US SENATE,statewide,gen,False,RAYMOND BROWN,OTHER,False,total,12203.0,969165.0,False,20210114,OTHER
1998,LOUISIANA,LA,22,72.0,45,US SENATE,statewide,gen,False,"SAM HOUSTON MELTON, JR.",DEMOCRAT,False,total,9893.0,969165.0,False,20210114,DEMOCRAT
1998,MARYLAND,MD,24,52.0,52,US SENATE,statewide,gen,False,BARBARA A. MIKULSKI,DEMOCRAT,False,total,1062810.0,1507447.0,False,20210114,DEMOCRAT
1998,MARYLAND,MD,24,52.0,52,US SENATE,statewide,gen,False,ROSS Z. PIERPONT,REPUBLICAN,False,total,444637.0,1507447.0,False,20210114,REPUBLICAN
1998,MISSOURI,MO,29,43.0,34,US SENATE,statewide,gen,False,CHRISTOPHER S. BOND,REPUBLICAN,False,total,830625.0,1576857.0,False,20210114,REPUBLICAN
1998,MISSOURI,MO,29,43.0,34,US SENATE,statewide,gen,False,CURT FRAZIER,TAXPAYERS,False,total,15368.0,1576857.0,False,20210114,OTHER
1998,MISSOURI,MO,29,43.0,34,US SENATE,statewide,gen,False,JAMES F. NEWPORT,REFORM,False,total,8780.0,1576857.0,False,20210114,OTHER
1998,MISSOURI,MO,29,43.0,34,US SENATE,statewide,gen,False,JEREMIAH W. (JAY) NIXON,DEMOCRAT,False,total,690208.0,1576857.0,False,20210114,DEMOCRAT
1998,MISSOURI,MO,29,43.0,34,US SENATE,statewide,gen,False,TAMARA A. MILLAY,LIBERTARIAN,False,total,31876.0,1576857.0,False,20210114,LIBERTARIAN
1998,NEVADA,NV,32,88.0,65,US SENATE,statewide,gen,False,HARRY REID,DEMOCRAT,False,total,208621.0,435864.0,False,20210114,DEMOCRAT
1998,NEVADA,NV,32,88.0,65,US SENATE,statewide,gen,False,JOHN E. ENSIGN,REPUBLICAN,False,total,208220.0,435864.0,False,20210114,REPUBLICAN
1998,NEVADA,NV,32,88.0,65,US SENATE,statewide,gen,False,MICHAEL CLOUD,LIBERTARIAN,False,total,8129.0,435864.0,False,20210114,LIBERTARIAN
1998,NEVADA,NV,32,88.0,65,US SENATE,statewide,gen,False,MICHAEL E. WILLIAMS,NATURAL LAW,False,total,2781.0,435864.0,False,20210114,OTHER
1998,NEVADA,NV,32,88.0,65,US SENATE,statewide,gen,False,OTHER,,False,total,8113.0,435864.0,False,20210114,OTHER
1998,NEW HAMPSHIRE,NH,33,12.0,4,US SENATE,statewide,gen,False,BRIAN CHRISTESON,LIBERTARIAN,False,total,7603.0,314696.0,False,20210114,LIBERTARIAN
1998,NEW HAMPSHIRE,NH,33,12.0,4,US SENATE,statewide,gen,False,GEORGE CONDODEMETRAKY,DEMOCRAT,False,total,88883.0,314696.0,False,20210114,DEMOCRAT
1998,NEW HAMPSHIRE,NH,33,12.0,4,US SENATE,statewide,gen,False,JUDD GREGG,REPUBLICAN,False,total,213477.0,314696.0,False,20210114,REPUBLICAN
1998,NEW HAMPSHIRE,NH,33,12.0,4,US SENATE,statewide,gen,False,ROY KENDEL,INDEPENDENT,False,total,4733.0,314696.0,False,20210114,OTHER
1998,NEW YORK,NY,36,21.0,13,US SENATE,statewide,gen,False,ALFONSE D'AMATO,RIGHT TO LIFE,False,total,104565.0,4989877.0,False,20210114,OTHER
1998,NEW YORK,NY,36,21.0,13,US SENATE,statewide,gen,False,ALFONSE D'AMATO,REPUBLICAN,False,total,1680203.0,4989877.0,False,20210114,REPUBLICAN
1998,NEW YORK,NY,36,21.0,13,US SENATE,statewide,gen,False,ALFONSE D'AMATO,CONSERVATIVE,False,total,274220.0,4989877.0,False,20210114,OTHER
1998,NEW YORK,NY,36,21.0,13,US SENATE,statewide,gen,False,BLANK VOTE/SCATTERING,,False,total,319072.0,4989877.0,False,20210114,OTHER
1998,NEW YORK,NY,36,21.0,13,US SENATE,statewide,gen,False,CHARLES E. SCHUMER,INDEPENDENCE,False,total,109027.0,4989877.0,False,20210114,OTHER
1998,NEW YORK,NY,36,21.0,13,US SENATE,statewide,gen,False,CHARLES E. SCHUMER,DEMOCRAT,False,total,2386314.0,4989877.0,False,20210114,DEMOCRAT
1998,NEW YORK,NY,36,21.0,13,US SENATE,statewide,gen,False,CHARLES E. SCHUMER,LIBERAL,False,total,55724.0,4989877.0,False,20210114,OTHER
1998,NEW YORK,NY,36,21.0,13,US SENATE,statewide,gen,False,CORINNE E. KURTZ,MARIJUANA REFORM,False,total,34281.0,4989877.0,False,20210114,OTHER
1998,NEW YORK,NY,36,21.0,13,US SENATE,statewide,gen,False,JOEL KOVEL,GREEN,False,total,14735.0,4989877.0,False,20210114,OTHER
1998,NEW YORK,NY,36,21.0,13,US SENATE,statewide,gen,False,ROSE ANA BERBEO,SOCIALIST WORKERS,False,total,3513.0,4989877.0,False,20210114,OTHER
1998,NEW YORK,NY,36,21.0,13,US SENATE,statewide,gen,False,WILLIAM P. MCMILLEN,LIBERTARIAN,False,total,8223.0,4989877.0,False,20210114,LIBERTARIAN
1998,NORTH CAROLINA,NC,37,56.0,47,US SENATE,statewide,gen,False,BARBARA HOWE,LIBERTARIAN,False,total,36963.0,2012143.0,False,20210114,LIBERTARIAN
1998,NORTH CAROLINA,NC,37,56.0,47,US SENATE,statewide,gen,False,JOHN EDWARDS,DEMOCRAT,False,total,1029237.0,2012143.0,False,20210114,DEMOCRAT
1998,NORTH CAROLINA,NC,37,56.0,47,US SENATE,statewide,gen,False,LAUCH FAIRCLOTH,REPUBLICAN,False,total,945943.0,2012143.0,False,20210114,REPUBLICAN
1998,NORTH DAKOTA,ND,38,44.0,36,US SENATE,statewide,gen,False,BYRON L. DORGAN,DEMOCRAT,False,total,134747.0,213358.0,False,20210114,DEMOCRAT
1998,NORTH DAKOTA,ND,38,44.0,36,US SENATE,statewide,gen,False,DONNA NALEWAJA,REPUBLICAN,False,total,75013.0,213358.0,False,20210114,REPUBLICAN
1998,NORTH DAKOTA,ND,38,44.0,36,US SENATE,statewide,gen,False,HARLEY MCLAIN,REFORM,False,total,3598.0,213358.0,False,20210114,OTHER
1998,OHIO,OH,39,31.0,24,US SENATE,statewide,gen,False,GEORGE V. VOINOVICH,REPUBLICAN,False,total,1922087.0,3404351.0,False,20210114,REPUBLICAN
1998,OHIO,OH,39,31.0,24,US SENATE,statewide,gen,False,MARY O. BOYLE,DEMOCRAT,False,total,1482054.0,3404351.0,False,20210114,DEMOCRAT
1998,OHIO,OH,39,31.0,24,US SENATE,statewide,gen,False,,,True,total,210.0,3404351.0,False,20210114,OTHER
1998,OKLAHOMA,OK,40,73.0,53,US SENATE,statewide,gen,False,"ARGUS W. YANDELL, JR.",INDEPENDENT,False,total,4617.0,859713.0,False,20210114,OTHER
1998,OKLAHOMA,OK,40,73.0,53,US SENATE,statewide,gen,False,DON E. CARROLL,DEMOCRAT,False,total,268898.0,859713.0,False,20210114,DEMOCRAT
1998,OKLAHOMA,OK,40,73.0,53,US SENATE,statewide,gen,False,DON NICKLES,REPUBLICAN,False,total,570682.0,859713.0,False,20210114,REPUBLICAN
1998,OKLAHOMA,OK,40,73.0,53,US SENATE,statewide,gen,False,MIKE MORRIS,INDEPENDENT,False,total,15516.0,859713.0,False,20210114,OTHER
1998,OREGON,OR,41,92.0,72,US SENATE,statewide,gen,False,DEAN M. BRAA,SOCIALIST,False,total,7553.0,1117747.0,False,20210114,OTHER
1998,OREGON,OR,41,92.0,72,US SENATE,statewide,gen,False,JIM BREWSTER,LIBERTARIAN,False,total,18221.0,1117747.0,False,20210114,LIBERTARIAN
1998,OREGON,OR,41,92.0,72,US SENATE,statewide,gen,False,JOHN LIM,REPUBLICAN,False,total,377739.0,1117747.0,False,20210114,REPUBLICAN
1998,OREGON,OR,41,92.0,72,US SENATE,statewide,gen,False,KARYN MOSKOWITZ,PACIFIC,False,total,22024.0,1117747.0,False,20210114,OTHER
1998,OREGON,OR,41,92.0,72,US SENATE,statewide,gen,False,MICHAEL A. CAMPBELL,NATURAL LAW,False,total,8372.0,1117747.0,False,20210114,OTHER
1998,OREGON,OR,41,92.0,72,US SENATE,statewide,gen,False,OTHER,,False,total,1413.0,1117747.0,False,20210114,OTHER
1998,OREGON,OR,41,92.0,72,US SENATE,statewide,gen,False,RON WYDEN,DEMOCRAT,False,total,682425.0,1117747.0,False,20210114,DEMOCRAT
1998,PENNSYLVANIA,PA,42,23.0,14,US SENATE,statewide,gen,False,ARLEN SPECTER,REPUBLICAN,False,total,1814180.0,2957499.0,False,20210114,REPUBLICAN
1998,PENNSYLVANIA,PA,42,23.0,14,US SENATE,statewide,gen,False,BILL LLOYD,DEMOCRAT,False,total,1028839.0,2957499.0,False,20210114,DEMOCRAT
1998,PENNSYLVANIA,PA,42,23.0,14,US SENATE,statewide,gen,False,DEAN SNYDER,CONSTITUTIONAL,False,total,68377.0,2957499.0,False,20210114,OTHER
1998,PENNSYLVANIA,PA,42,23.0,14,US SENATE,statewide,gen,False,JACK IANNANTUONO,LIBERTARIAN,False,total,46103.0,2957499.0,False,20210114,LIBERTARIAN
1998,SOUTH CAROLINA,SC,45,57.0,48,US SENATE,statewide,gen,False,BOB INGLIS,REPUBLICAN,False,total,488238.0,1069063.0,False,20210114,REPUBLICAN
1998,SOUTH CAROLINA,SC,45,57.0,48,US SENATE,statewide,gen,False,ERNEST F. HOLLINGS,DEMOCRAT,False,total,563377.0,1069063.0,False,20210114,DEMOCRAT
1998,SOUTH CAROLINA,SC,45,57.0,48,US SENATE,statewide,gen,False,RICHARD T. QUILLIAN,LIBERTARIAN,False,total,16991.0,1069063.0,False,20210114,LIBERTARIAN
1998,SOUTH CAROLINA,SC,45,57.0,48,US SENATE,statewide,gen,False,,,True,total,457.0,1069063.0,False,20210114,OTHER
1998,SOUTH DAKOTA,SD,46,45.0,37,US SENATE,statewide,gen,False,BYRON DALE,LIBERTARIAN,False,total,3796.0,262111.0,False,20210114,LIBERTARIAN
1998,SOUTH DAKOTA,SD,46,45.0,37,US SENATE,statewide,gen,False,RON SCHMIDT,REPUBLICAN,False,total,95431.0,262111.0,False,20210114,REPUBLICAN
1998,SOUTH DAKOTA,SD,46,45.0,37,US SENATE,statewide,gen,False,TOM DASCHLE,DEMOCRAT,False,total,162884.0,262111.0,False,20210114,DEMOCRAT
1998,UTAH,UT,49,87.0,67,US SENATE,statewide,gen,False,GARY R. VAN HORN,INDEPENDENT AMERICAN,False,total,15073.0,494909.0,False,20210114,OTHER
1998,UTAH,UT,49,87.0,67,US SENATE,statewide,gen,False,ROBERT F. BENNETT,REPUBLICAN,False,total,316652.0,494909.0,False,20210114,REPUBLICAN
1998,UTAH,UT,49,87.0,67,US SENATE,statewide,gen,False,SCOTT LECKMAN,DEMOCRAT,False,total,163172.0,494909.0,False,20210114,DEMOCRAT
1998,UTAH,UT,49,87.0,67,US SENATE,statewide,gen,False,,,True,total,12.0,494909.0,False,20210114,OTHER
1998,VERMONT,VT,50,13.0,6,US SENATE,statewide,gen,False,BARRY M. NELSON,INDEPENDENT,False,total,2893.0,214036.0,False,20210114,OTHER
1998,VERMONT,VT,50,13.0,6,US SENATE,statewide,gen,False,BOB (DR. BOB) MELAMEDE,VERMONT GRASSROOTS,False,total,2459.0,214036.0,False,20210114,OTHER
1998,VERMONT,VT,50,13.0,6,US SENATE,statewide,gen,False,FRED H. TUTTLE,REPUBLICAN,False,total,48051.0,214036.0,False,20210114,REPUBLICAN
1998,VERMONT,VT,50,13.0,6,US SENATE,statewide,gen,False,HUGH DOUGLAS,LIBERTARIAN,False,total,4199.0,214036.0,False,20210114,LIBERTARIAN
1998,VERMONT,VT,50,13.0,6,US SENATE,statewide,gen,False,JERRY LEVY,LIBERTY UNION,False,total,1238.0,214036.0,False,20210114,OTHER
1998,VERMONT,VT,50,13.0,6,US SENATE,statewide,gen,False,PATRICK J. LEAHY,DEMOCRAT,False,total,154567.0,214036.0,False,20210114,DEMOCRAT
1998,VERMONT,VT,50,13.0,6,US SENATE,statewide,gen,False,,,True,total,629.0,214036.0,False,20210114,OTHER
1998,WASHINGTON,WA,53,91.0,73,US SENATE,statewide,gen,False,LINDA SMITH,REPUBLICAN,False,total,785377.0,1888561.0,False,20210114,REPUBLICAN
1998,WASHINGTON,WA,53,91.0,73,US SENATE,statewide,gen,False,PATTY MURRAY,DEMOCRAT,False,total,1103184.0,1888561.0,False,20210114,DEMOCRAT
1998,WISCONSIN,WI,55,35.0,25,US SENATE,statewide,gen,False,BLANK VOTE/SCATTERING,,False,total,706.0,1760836.0,False,20210114,OTHER
1998,WISCONSIN,WI,55,35.0,25,US SENATE,statewide,gen,False,EUGENE A. HEM,INDEPENDENT,False,total,4266.0,1760836.0,False,20210114,OTHER
1998,WISCONSIN,WI,55,35.0,25,US SENATE,statewide,gen,False,MARK W. NEUMANN,REPUBLICAN,False,total,852272.0,1760836.0,False,20210114,REPUBLICAN
1998,WISCONSIN,WI,55,35.0,25,US SENATE,statewide,gen,False,ROBERT R. RAYMOND,U.S. TAXPAYERS,False,total,7942.0,1760836.0,False,20210114,OTHER
1998,WISCONSIN,WI,55,35.0,25,US SENATE,statewide,gen,False,RUSSELL D. FEINGOLD,DEMOCRAT,False,total,890059.0,1760836.0,False,20210114,DEMOCRAT
1998,WISCONSIN,WI,55,35.0,25,US SENATE,statewide,gen,False,TOM ENDER,LIBERTARIAN,False,total,5591.0,1760836.0,False,20210114,LIBERTARIAN
2000,ARIZONA,AZ,4,86.0,61,US SENATE,statewide,gen,False,BARRY J. HESS II,LIBERTARIAN,False,total,70724.0,1397076.0,False,20210114,LIBERTARIAN
2000,ARIZONA,AZ,4,86.0,61,US SENATE,statewide,gen,False,JON KYL,REPUBLICAN,False,total,1108196.0,1397076.0,False,20210114,REPUBLICAN
2000,ARIZONA,AZ,4,86.0,61,US SENATE,statewide,gen,False,VANCE HANSEN,GREEN,False,total,108926.0,1397076.0,False,20210114,OTHER
2000,ARIZONA,AZ,4,86.0,61,US SENATE,statewide,gen,False,WILLIAM TOEL,INDEPENDENT,False,total,109230.0,1397076.0,False,20210114,OTHER
2000,CALIFORNIA,CA,6,93.0,71,US SENATE,statewide,gen,False,BRIAN M. REES,NATURAL LAW,False,total,58537.0,10623608.0,False,20210114,OTHER
2000,CALIFORNIA,CA,6,93.0,71,US SENATE,statewide,gen,False,DIANE BEALL TEMPLIN,AMERICAN INDEPENDENT,False,total,134598.0,10623608.0,False,20210114,OTHER
2000,CALIFORNIA,CA,6,93.0,71,US SENATE,statewide,gen,False,DIANNE FEINSTEIN,DEMOCRAT,False,total,5932522.0,10623608.0,False,20210114,DEMOCRAT
2000,CALIFORNIA,CA,6,93.0,71,US SENATE,statewide,gen,False,GAIL KATHERINE LIGHTFOOT,LIBERTARIAN,False,total,187718.0,10623608.0,False,20210114,LIBERTARIAN
2000,CALIFORNIA,CA,6,93.0,71,US SENATE,statewide,gen,False,"JOSE LUIS ""JOE"" CAMAHORT",REFORM,False,total,96552.0,10623608.0,False,20210114,OTHER
2000,CALIFORNIA,CA,6,93.0,71,US SENATE,statewide,gen,False,MEDEA SUSAN BENJAMIN,GREEN,False,total,326828.0,10623608.0,False,20210114,OTHER
2000,CALIFORNIA,CA,6,93.0,71,US SENATE,statewide,gen,False,TOM CAMPBELL,REPUBLICAN,False,total,3886853.0,10623608.0,False,20210114,REPUBLICAN
2000,CONNECTICUT,CT,9,16.0,1,US SENATE,statewide,gen,False,JOSEPH I. LIEBERMAN,DEMOCRAT,False,total,828902.0,1311261.0,False,20210114,DEMOCRAT
2000,CONNECTICUT,CT,9,16.0,1,US SENATE,statewide,gen,False,PHIL GIORDANO,REPUBLICAN,False,total,448077.0,1311261.0,False,20210114,REPUBLICAN
2000,CONNECTICUT,CT,9,16.0,1,US SENATE,statewide,gen,False,WILLDEY J. MOORE,LIBERTARIAN,False,total,8773.0,1311261.0,False,20210114,LIBERTARIAN
2000,CONNECTICUT,CT,9,16.0,1,US SENATE,statewide,gen,False,"WILLIAM KOZAK, JR.",CONCERNED CITIZENS,False,total,25509.0,1311261.0,False,20210114,OTHER
2000,DELAWARE,DE,10,51.0,11,US SENATE,statewide,gen,False,J. BURKE MORRISON,LIBERTARIAN,False,total,1103.0,326993.0,False,20210114,LIBERTARIAN
2000,DELAWARE,DE,10,51.0,11,US SENATE,statewide,gen,False,MARK E. DANKOF,CONSTITUTION,False,total,1044.0,326993.0,False,20210114,OTHER
2000,DELAWARE,DE,10,51.0,11,US SENATE,statewide,gen,False,ROBERT MATTSON,NATURAL LAW,False,total,389.0,326993.0,False,20210114,OTHER
2000,DELAWARE,DE,10,51.0,11,US SENATE,statewide,gen,False,THOMAS R. CARPER,DEMOCRAT,False,total,181566.0,326993.0,False,20210114,DEMOCRAT
2000,DELAWARE,DE,10,51.0,11,US SENATE,statewide,gen,False,"WILLIAM V. ROTH, JR.",REPUBLICAN,False,total,142891.0,326993.0,False,20210114,REPUBLICAN
2000,FLORIDA,FL,12,59.0,43,US SENATE,statewide,gen,False,ANDY MARTIN,INDEPENDENT,False,total,15889.0,5856731.0,False,20210114,OTHER
2000,FLORIDA,FL,12,59.0,43,US SENATE,statewide,gen,False,BILL MCCOLLUM,REPUBLICAN,False,total,2705348.0,5856731.0,False,20210114,REPUBLICAN
2000,FLORIDA,FL,12,59.0,43,US SENATE,statewide,gen,False,BILL NELSON,DEMOCRAT,False,total,2989487.0,5856731.0,False,20210114,DEMOCRAT
2000,FLORIDA,FL,12,59.0,43,US SENATE,statewide,gen,False,DARRELL L. MCCORMICK,INDEPENDENT,False,total,21664.0,5856731.0,False,20210114,OTHER
2000,FLORIDA,FL,12,59.0,43,US SENATE,statewide,gen,False,JOE SIMONETTA,NATURAL LAW,False,total,26087.0,5856731.0,False,20210114,OTHER
2000,FLORIDA,FL,12,59.0,43,US SENATE,statewide,gen,False,JOEL DECKARD,REFORM,False,total,17338.0,5856731.0,False,20210114,OTHER
2000,FLORIDA,FL,12,59.0,43,US SENATE,statewide,gen,False,WILLIE LOGAN,INDEPENDENT,False,total,80830.0,5856731.0,False,20210114,OTHER
2000,FLORIDA,FL,12,59.0,43,US SENATE,statewide,gen,False,,,True,total,88.0,5856731.0,False,20210114,OTHER
2000,GEORGIA,GA,13,58.0,44,US SENATE,statewide,gen,True,BEN BALLENGER,NOT IDENTIFIED,False,total,22975.0,2415743.0,False,20210114,OTHER
2000,GEORGIA,GA,13,58.0,44,US SENATE,statewide,gen,True,JEFF GATES,NOT IDENTIFIED,False,total,21249.0,2415743.0,False,20210114,OTHER
2000,GEORGIA,GA,13,58.0,44,US SENATE,statewide,gen,True,MACK F. MATTINGLY,REPUBLICAN (NOT IDENTIFIED ON BALLOT),False,total,920478.0,2415743.0,False,20210114,OTHER
2000,GEORGIA,GA,13,58.0,44,US SENATE,statewide,gen,True,PAUL ROBERT MACGREGOR,NOT IDENTIFIED,False,total,25942.0,2415743.0,False,20210114,OTHER
2000,GEORGIA,GA,13,58.0,44,US SENATE,statewide,gen,True,WINNIE WALSH,NOT IDENTIFIED,False,total,11875.0,2415743.0,False,20210114,OTHER
2000,GEORGIA,GA,13,58.0,44,US SENATE,statewide,gen,True,ZELL MILLER,DEMOCRAT (NOT IDENTIFIED ON BALLOT),False,total,1413224.0,2415743.0,False,20210114,DEMOCRAT
2000,HAWAII,HI,15,95.0,82,US SENATE,statewide,gen,False,DANIEL K. AKAKA,DEMOCRAT,False,total,251215.0,345623.0,False,20210114,DEMOCRAT
2000,HAWAII,HI,15,95.0,82,US SENATE,statewide,gen,False,DAVID PORTER,CONSTITUTION,False,total,2360.0,345623.0,False,20210114,OTHER
2000,HAWAII,HI,15,95.0,82,US SENATE,statewide,gen,False,JOHN CARROLL,REPUBLICAN,False,total,84701.0,345623.0,False,20210114,REPUBLICAN
2000,HAWAII,HI,15,95.0,82,US SENATE,statewide,gen,False,LAURI A. CLEGG,NATURAL LAW,False,total,4220.0,345623.0,False,20210114,OTHER
2000,HAWAII,HI,15,95.0,82,US SENATE,statewide,gen,False,LLOYD JEFFREY MALLAN,LIBERTARIAN,False,total,3127.0,345623.0,False,20210114,LIBERTARIAN
2000,INDIANA,IN,18,32.0,22,US SENATE,statewide,gen,False,DAVID L. JOHNSON,DEMOCRAT,False,total,683273.0,2145209.0,False,20210114,DEMOCRAT
2000,INDIANA,IN,18,32.0,22,US SENATE,statewide,gen,False,PAUL HAGER,LIBERTARIAN,False,total,33992.0,2145209.0,False,20210114,LIBERTARIAN
2000,INDIANA,IN,18,32.0,22,US SENATE,statewide,gen,False,RICHARD G. LUGAR,REPUBLICAN,False,total,1427944.0,2145209.0,False,20210114,REPUBLICAN
2000,MAINE,ME,23,11.0,2,US SENATE,statewide,gen,False,MARK W. LAWRENCE,DEMOCRAT,False,total,197183.0,634872.0,False,20210114,DEMOCRAT
2000,MAINE,ME,23,11.0,2,US SENATE,statewide,gen,False,OLYMPIA J. SNOWE,REPUBLICAN,False,total,437689.0,634872.0,False,20210114,REPUBLICAN
2000,MARYLAND,MD,24,52.0,52,US SENATE,statewide,gen,False,CORROGAN R. VAUGHN,,True,total,113.0,1946898.0,False,20210114,OTHER
2000,MARYLAND,MD,24,52.0,52,US SENATE,statewide,gen,False,OTHER,,False,total,1594.0,1946898.0,False,20210114,OTHER
2000,MARYLAND,MD,24,52.0,52,US SENATE,statewide,gen,False,PAUL H. RAPPAPORT,REPUBLICAN,False,total,715178.0,1946898.0,False,20210114,REPUBLICAN
2000,MARYLAND,MD,24,52.0,52,US SENATE,statewide,gen,False,PAUL S. SARBANES,DEMOCRAT,False,total,1230013.0,1946898.0,False,20210114,DEMOCRAT
2000,MASSACHUSETTS,MA,25,14.0,3,US SENATE,statewide,gen,False,BLANK VOTE/SCATTERING,,False,total,134586.0,2734048.0,False,20210114,OTHER
2000,MASSACHUSETTS,MA,25,14.0,3,US SENATE,statewide,gen,False,CARLA A. HOWELL,LIBERTARIAN,False,total,308860.0,2734048.0,False,20210114,LIBERTARIAN
2000,MASSACHUSETTS,MA,25,14.0,3,US SENATE,statewide,gen,False,DALE E. FRIEDGEN,UNENROLLED,False,total,13687.0,2734048.0,False,20210114,OTHER
2000,MASSACHUSETTS,MA,25,14.0,3,US SENATE,statewide,gen,False,EDWARD M. KENNEDY,DEMOCRAT,False,total,1889494.0,2734048.0,False,20210114,DEMOCRAT
2000,MASSACHUSETTS,MA,25,14.0,3,US SENATE,statewide,gen,False,JACK E. ROBINSON III,REPUBLICAN,False,total,334341.0,2734048.0,False,20210114,REPUBLICAN
2000,MASSACHUSETTS,MA,25,14.0,3,US SENATE,statewide,gen,False,OTHER,,False,total,2473.0,2734048.0,False,20210114,OTHER
2000,MASSACHUSETTS,MA,25,14.0,3,US SENATE,statewide,gen,False,PHILIP F. LAWLER,CONSTITUTION,False,total,42113.0,2734048.0,False,20210114,OTHER
2000,MASSACHUSETTS,MA,25,14.0,3,US SENATE,statewide,gen,False,PHILIP HYDE III,TIMESIZING NOT DOWNSIZING,False,total,8452.0,2734048.0,False,20210114,OTHER
2000,MASSACHUSETTS,MA,25,14.0,3,US SENATE,statewide,gen,False,,,True,total,42.0,2734048.0,False,20210114,OTHER
2000,MICHIGAN,MI,26,34.0,23,US SENATE,statewide,gen,False,DEBBIE STABENOW,DEMOCRAT,False,total,2061952.0,4167685.0,False,20210114,DEMOCRAT
2000,MICHIGAN,MI,26,34.0,23,US SENATE,statewide,gen,False,JOHN MANGOPOULOS,U.S. TAXPAYERS,False,total,11628.0,4167685.0,False,20210114,OTHER
2000,MICHIGAN,MI,26,34.0,23,US SENATE,statewide,gen,False,MARK A. FORTON,REFORM,False,total,26274.0,4167685.0,False,20210114,OTHER
2000,MICHIGAN,MI,26,34.0,23,US SENATE,statewide,gen,False,MATTHEW R. ABEL,GREEN,False,total,37542.0,4167685.0,False,20210114,OTHER
2000,MICHIGAN,MI,26,34.0,23,US SENATE,statewide,gen,False,MICHAEL R. CORLISS,LIBERTARIAN,False,total,29966.0,4167685.0,False,20210114,LIBERTARIAN
2000,MICHIGAN,MI,26,34.0,23,US SENATE,statewide,gen,False,SPENCER ABRAHAM,REPUBLICAN,False,total,1994693.0,4167685.0,False,20210114,REPUBLICAN
2000,MICHIGAN,MI,26,34.0,23,US SENATE,statewide,gen,False,WILLIAM QUARTON,NATURAL LAW,False,total,5630.0,4167685.0,False,20210114,OTHER
2000,MINNESOTA,MN,27,41.0,33,US SENATE,statewide,gen,False,DAVID DANIELS,GRASSROOTS,False,total,21447.0,2419520.0,False,20210114,OTHER
2000,MINNESOTA,MN,27,41.0,33,US SENATE,statewide,gen,False,DAVID SWAN,CONSTITUTION,False,total,8915.0,2419520.0,False,20210114,OTHER
2000,MINNESOTA,MN,27,41.0,33,US SENATE,statewide,gen,False,ERIK D. PAKIESER,LIBERTARIAN,False,total,6588.0,2419520.0,False,20210114,LIBERTARIAN
2000,MINNESOTA,MN,27,41.0,33,US SENATE,statewide,gen,False,JAMES (JIM) GIBSON,INDEPENDENCE,False,total,140583.0,2419520.0,False,20210114,OTHER
2000,MINNESOTA,MN,27,41.0,33,US SENATE,statewide,gen,False,MARK DAYTON,DEMOCRATIC-FARMER-LABOR,False,total,1181553.0,2419520.0,False,20210114,DEMOCRAT
2000,MINNESOTA,MN,27,41.0,33,US SENATE,statewide,gen,False,REBECCA ELLIS,SOCIALIST WORKERS,False,total,12956.0,2419520.0,False,20210114,OTHER
2000,MINNESOTA,MN,27,41.0,33,US SENATE,statewide,gen,False,ROD GRAMS,REPUBLICAN,False,total,1047474.0,2419520.0,False,20210114,REPUBLICAN
2000,MINNESOTA,MN,27,41.0,33,US SENATE,statewide,gen,False,,,True,total,4.0,2419520.0,False,20210114,OTHER
2000,MISSISSIPPI,MS,28,64.0,46,US SENATE,statewide,gen,False,JIM GILES,INDEPENDENT,False,total,9344.0,994144.0,False,20210114,OTHER
2000,MISSISSIPPI,MS,28,64.0,46,US SENATE,statewide,gen,False,LEWIS NAPPER,LIBERTARIAN,False,total,8454.0,994144.0,False,20210114,LIBERTARIAN
2000,MISSISSIPPI,MS,28,64.0,46,US SENATE,statewide,gen,False,SHAWN O'HARA,REFORM,False,total,7315.0,994144.0,False,20210114,OTHER
2000,MISSISSIPPI,MS,28,64.0,46,US SENATE,statewide,gen,False,TRENT LOTT,REPUBLICAN,False,total,654941.0,994144.0,False,20210114,REPUBLICAN
2000,MISSISSIPPI,MS,28,64.0,46,US SENATE,statewide,gen,False,"TROY D. BROWN, SR.",DEMOCRAT,False,total,314090.0,994144.0,False,20210114,DEMOCRAT
2000,MISSOURI,MO,29,43.0,34,US SENATE,statewide,gen,False,CHARLES DOCKINS,NATURAL LAW,False,total,1933.0,2361586.0,False,20210114,OTHER
2000,MISSOURI,MO,29,43.0,34,US SENATE,statewide,gen,False,EVALINE TAYLOR,GREEN,False,total,10612.0,2361586.0,False,20210114,OTHER
2000,MISSOURI,MO,29,43.0,34,US SENATE,statewide,gen,False,GRANT SAMUEL STAUFFER,LIBERTARIAN,False,total,10198.0,2361586.0,False,20210114,LIBERTARIAN
2000,MISSOURI,MO,29,43.0,34,US SENATE,statewide,gen,False,HUGH FOLEY,REFORM,False,total,4166.0,2361586.0,False,20210114,OTHER
2000,MISSOURI,MO,29,43.0,34,US SENATE,statewide,gen,False,JOHN ASHCROFT,REPUBLICAN,False,total,1142852.0,2361586.0,False,20210114,REPUBLICAN
2000,MISSOURI,MO,29,43.0,34,US SENATE,statewide,gen,False,MEL CARNAHAN,DEMOCRAT,False,total,1191812.0,2361586.0,False,20210114,DEMOCRAT
2000,MISSOURI,MO,29,43.0,34,US SENATE,statewide,gen,False,,,True,total,13.0,2361586.0,False,20210114,OTHER
2000,MONTANA,MT,30,81.0,64,US SENATE,statewide,gen,False,BRIAN SCHWEITZER,DEMOCRAT,False,total,194430.0,411601.0,False,20210114,DEMOCRAT
2000,MONTANA,MT,30,81.0,64,US SENATE,statewide,gen,False,CONRAD BURNS,REPUBLICAN,False,total,208082.0,411601.0,False,20210114,REPUBLICAN
2000,MONTANA,MT,30,81.0,64,US SENATE,statewide,gen,False,GARY LEE,REFORM,False,total,9089.0,411601.0,False,20210114,OTHER
2000,NEBRASKA,NE,31,46.0,35,US SENATE,statewide,gen,False,BEN NELSON,DEMOCRAT,False,total,353093.0,692350.0,False,20210114,DEMOCRAT
2000,NEBRASKA,NE,31,46.0,35,US SENATE,statewide,gen,False,DON STENBERG,REPUBLICAN,False,total,337977.0,692350.0,False,20210114,REPUBLICAN
2000,NEBRASKA,NE,31,46.0,35,US SENATE,statewide,gen,False,,,True,total,1280.0,692350.0,False,20210114,OTHER
2000,NEVADA,NV,32,88.0,65,US SENATE,statewide,gen,False,BILL GRUTZMACHER,CITIZENS FIRST,False,total,1579.0,600776.0,False,20210114,OTHER
2000,NEVADA,NV,32,88.0,65,US SENATE,statewide,gen,False,BLANK VOTE,,False,total,457.0,600776.0,False,20210114,OTHER
2000,NEVADA,NV,32,88.0,65,US SENATE,statewide,gen,False,ED BERNSTEIN,DEMOCRAT,False,total,238260.0,600776.0,False,20210114,DEMOCRAT
2000,NEVADA,NV,32,88.0,65,US SENATE,statewide,gen,False,ERNIE BERGHOF,INDEPENDENT AMERICAN,False,total,2540.0,600776.0,False,20210114,OTHER
2000,NEVADA,NV,32,88.0,65,US SENATE,statewide,gen,False,J. J. JOHNSON,LIBERTARIAN,False,total,5395.0,600776.0,False,20210114,LIBERTARIAN
2000,NEVADA,NV,32,88.0,65,US SENATE,statewide,gen,False,JOHN ENSIGN,REPUBLICAN,False,total,330687.0,600776.0,False,20210114,REPUBLICAN
2000,NEVADA,NV,32,88.0,65,US SENATE,statewide,gen,False,KATHRYN RUSCO,GREEN,False,total,10286.0,600776.0,False,20210114,OTHER
2000,NEVADA,NV,32,88.0,65,US SENATE,statewide,gen,False,NONE OF THESE CANDIDATES,,False,total,11503.0,600776.0,False,20210114,OTHER
2000,NEVADA,NV,32,88.0,65,US SENATE,statewide,gen,False,OVER VOTE,,False,total,69.0,600776.0,False,20210114,OTHER
2000,NEW JERSEY,NJ,34,22.0,12,US SENATE,statewide,gen,False,BOB FRANKS,REPUBLICAN,False,total,1420267.0,3015662.0,False,20210114,REPUBLICAN
2000,NEW JERSEY,NJ,34,22.0,12,US SENATE,statewide,gen,False,BRUCE AFRAN,INDEPENDENT,False,total,32841.0,3015662.0,False,20210114,OTHER
2000,NEW JERSEY,NJ,34,22.0,12,US SENATE,statewide,gen,False,DENNIS A. BREEN,INDEPENDENT,False,total,6061.0,3015662.0,False,20210114,OTHER
2000,NEW JERSEY,NJ,34,22.0,12,US SENATE,statewide,gen,False,EMERSON ELLETT,INDEPENDENT,False,total,7241.0,3015662.0,False,20210114,OTHER
2000,NEW JERSEY,NJ,34,22.0,12,US SENATE,statewide,gen,False,GEORGE GOSTIGIAN,INDEPENDENT,False,total,2536.0,3015662.0,False,20210114,OTHER
2000,NEW JERSEY,NJ,34,22.0,12,US SENATE,statewide,gen,False,GREGORY PASON,INDEPENDENT,False,total,3365.0,3015662.0,False,20210114,OTHER
2000,NEW JERSEY,NJ,34,22.0,12,US SENATE,statewide,gen,False,J. M. CARTER,INDEPENDENT,False,total,5657.0,3015662.0,False,20210114,OTHER
2000,NEW JERSEY,NJ,34,22.0,12,US SENATE,statewide,gen,False,JON S. CORZINE,DEMOCRAT,False,total,1511237.0,3015662.0,False,20210114,DEMOCRAT
2000,NEW JERSEY,NJ,34,22.0,12,US SENATE,statewide,gen,False,LORRAINE LANEVE,INDEPENDENT,False,total,3836.0,3015662.0,False,20210114,OTHER
2000,NEW JERSEY,NJ,34,22.0,12,US SENATE,statewide,gen,False,NANCY ROSENSTOCK,INDEPENDENT,False,total,3309.0,3015662.0,False,20210114,OTHER
2000,NEW JERSEY,NJ,34,22.0,12,US SENATE,statewide,gen,False,PAT DINIZIO,INDEPENDENT,False,total,19312.0,3015662.0,False,20210114,OTHER
2000,NEW MEXICO,NM,35,85.0,66,US SENATE,statewide,gen,False,BILL REDMOND,REPUBLICAN,False,total,225517.0,589526.0,False,20210114,REPUBLICAN
2000,NEW MEXICO,NM,35,85.0,66,US SENATE,statewide,gen,False,JEFF BINGAMAN,DEMOCRAT,False,total,363744.0,589526.0,False,20210114,DEMOCRAT
2000,NEW MEXICO,NM,35,85.0,66,US SENATE,statewide,gen,False,,,True,total,265.0,589526.0,False,20210114,OTHER
2000,NEW YORK,NY,36,21.0,13,US SENATE,statewide,gen,False,BLANK VOTE/SCATTERING,,False,total,179823.0,6959662.0,False,20210114,OTHER
2000,NEW YORK,NY,36,21.0,13,US SENATE,statewide,gen,False,HILLARY RODHAM CLINTON,LIBERAL,False,total,82801.0,6959662.0,False,20210114,OTHER
2000,NEW YORK,NY,36,21.0,13,US SENATE,statewide,gen,False,HILLARY RODHAM CLINTON,WORKING FAMILIES,False,total,102094.0,6959662.0,False,20210114,OTHER
2000,NEW YORK,NY,36,21.0,13,US SENATE,statewide,gen,False,HILLARY RODHAM CLINTON,DEMOCRAT,False,total,3562415.0,6959662.0,False,20210114,DEMOCRAT
2000,NEW YORK,NY,36,21.0,13,US SENATE,statewide,gen,False,JACOB J. PERASSO,SOCIALIST WORKERS,False,total,3040.0,6959662.0,False,20210114,OTHER
2000,NEW YORK,NY,36,21.0,13,US SENATE,statewide,gen,False,JEFFREY E. GRAHAM,INDEPENDENCE,False,total,43181.0,6959662.0,False,20210114,OTHER
2000,NEW YORK,NY,36,21.0,13,US SENATE,statewide,gen,False,JOHN CLIFTON,LIBERTARIAN,False,total,4734.0,6959662.0,False,20210114,LIBERTARIAN
2000,NEW YORK,NY,36,21.0,13,US SENATE,statewide,gen,False,JOHN O. ADEFOPE,RIGHT TO LIFE,False,total,21439.0,6959662.0,False,20210114,OTHER
2000,NEW YORK,NY,36,21.0,13,US SENATE,statewide,gen,False,LOUIS P. WEIN,CONSTITUTION,False,total,3414.0,6959662.0,False,20210114,OTHER
2000,NEW YORK,NY,36,21.0,13,US SENATE,statewide,gen,False,MARK J. DUNAU,GREEN,False,total,40991.0,6959662.0,False,20210114,OTHER
2000,NEW YORK,NY,36,21.0,13,US SENATE,statewide,gen,False,RICK LAZIO,CONSERVATIVE,False,total,191141.0,6959662.0,False,20210114,OTHER
2000,NEW YORK,NY,36,21.0,13,US SENATE,statewide,gen,False,RICK LAZIO,REPUBLICAN,False,total,2724589.0,6959662.0,False,20210114,REPUBLICAN
2000,NORTH DAKOTA,ND,38,44.0,36,US SENATE,statewide,gen,False,DUANE SAND,REPUBLICAN,False,total,111069.0,287539.0,False,20210114,REPUBLICAN
2000,NORTH DAKOTA,ND,38,44.0,36,US SENATE,statewide,gen,False,KENT CONRAD,DEMOCRATIC-NONPARTISAN LEAGUE,False,total,176470.0,287539.0,False,20210114,DEMOCRAT
2000,OHIO,OH,39,31.0,24,US SENATE,statewide,gen,False,JOHN A. EASTMAN,NATURAL LAW,False,total,70713.0,4448801.0,False,20210114,OTHER
2000,OHIO,OH,39,31.0,24,US SENATE,statewide,gen,False,JOHN R. MCALISTER,LIBERTARIAN,False,total,116724.0,4448801.0,False,20210114,LIBERTARIAN
2000,OHIO,OH,39,31.0,24,US SENATE,statewide,gen,False,MIKE DEWINE,REPUBLICAN,False,total,2665512.0,4448801.0,False,20210114,REPUBLICAN
2000,OHIO,OH,39,31.0,24,US SENATE,statewide,gen,False,TED CELESTE,DEMOCRAT,False,total,1595066.0,4448801.0,False,20210114,DEMOCRAT
2000,OHIO,OH,39,31.0,24,US SENATE,statewide,gen,False,,,True,total,786.0,4448801.0,False,20210114,OTHER
2000,PENNSYLVANIA,PA,42,23.0,14,US SENATE,statewide,gen,False,JOHN J. FEATHERMAN,LIBERTARIAN,False,total,45775.0,4735116.0,False,20210114,LIBERTARIAN
2000,PENNSYLVANIA,PA,42,23.0,14,US SENATE,statewide,gen,False,LESTER B. SEARER,CONSTITUTION,False,total,28382.0,4735116.0,False,20210114,OTHER
2000,PENNSYLVANIA,PA,42,23.0,14,US SENATE,statewide,gen,False,RICK SANTORUM,REPUBLICAN,False,total,2481962.0,4735116.0,False,20210114,REPUBLICAN
2000,PENNSYLVANIA,PA,42,23.0,14,US SENATE,statewide,gen,False,ROBERT E. DOMSKE,REFORM,False,total,24089.0,4735116.0,False,20210114,OTHER
2000,PENNSYLVANIA,PA,42,23.0,14,US SENATE,statewide,gen,False,RON KLINK,DEMOCRAT,False,total,2154908.0,4735116.0,False,20210114,DEMOCRAT
2000,RHODE ISLAND,RI,44,15.0,5,US SENATE,statewide,gen,False,CHRISTOPHER YOUNG,REFORM,False,total,4107.0,391353.0,False,20210114,OTHER
2000,RHODE ISLAND,RI,44,15.0,5,US SENATE,statewide,gen,False,KENNETH P. PROULX,INDEPENDENT,False,total,3635.0,391353.0,False,20210114,OTHER
2000,RHODE ISLAND,RI,44,15.0,5,US SENATE,statewide,gen,False,LINCOLN D. CHAFEE,REPUBLICAN,False,total,222588.0,391353.0,False,20210114,REPUBLICAN
2000,RHODE ISLAND,RI,44,15.0,5,US SENATE,statewide,gen,False,ROBERT A. WEYGAND,DEMOCRAT,False,total,161023.0,391353.0,False,20210114,DEMOCRAT
2000,TENNESSEE,TN,47,62.0,54,US SENATE,statewide,gen,False,BILL FRIST,REPUBLICAN,False,total,1255444.0,1928613.0,False,20210114,REPUBLICAN
2000,TENNESSEE,TN,47,62.0,54,US SENATE,statewide,gen,False,CHARLES F. JOHNSON,INDEPENDENT,False,total,10004.0,1928613.0,False,20210114,OTHER
2000,TENNESSEE,TN,47,62.0,54,US SENATE,statewide,gen,False,DAVID JARROD OWNBY,INDEPENDENT,False,total,4388.0,1928613.0,False,20210114,OTHER
2000,TENNESSEE,TN,47,62.0,54,US SENATE,statewide,gen,False,JEFF CLARK,DEMOCRAT,False,total,621152.0,1928613.0,False,20210114,DEMOCRAT
2000,TENNESSEE,TN,47,62.0,54,US SENATE,statewide,gen,False,JOEL KINSTLE,INDEPENDENT,False,total,3135.0,1928613.0,False,20210114,OTHER
2000,TENNESSEE,TN,47,62.0,54,US SENATE,statewide,gen,False,ROBERT WATSON,INDEPENDENT,False,total,8416.0,1928613.0,False,20210114,OTHER
2000,TENNESSEE,TN,47,62.0,54,US SENATE,statewide,gen,False,TOM BURRELL,GREEN,False,total,25815.0,1928613.0,False,20210114,OTHER
2000,TENNESSEE,TN,47,62.0,54,US SENATE,statewide,gen,False,,,True,total,259.0,1928613.0,False,20210114,OTHER
2000,TEXAS,TX,48,74.0,49,US SENATE,statewide,gen,False,DOUGLAS S. SANDAGE,GREEN,False,total,91329.0,6267964.0,False,20210114,OTHER
2000,TEXAS,TX,48,74.0,49,US SENATE,statewide,gen,False,GENE KELLY,DEMOCRAT,False,total,2025024.0,6267964.0,False,20210114,DEMOCRAT
2000,TEXAS,TX,48,74.0,49,US SENATE,statewide,gen,False,KAY BAILEY HUTCHISON,REPUBLICAN,False,total,4078954.0,6267964.0,False,20210114,REPUBLICAN
2000,TEXAS,TX,48,74.0,49,US SENATE,statewide,gen,False,MARY J. RUWART,LIBERTARIAN,False,total,72657.0,6267964.0,False,20210114,LIBERTARIAN
2000,UTAH,UT,49,87.0,67,US SENATE,statewide,gen,False,CARLTON EDWARD BOWEN,INDEPENDENT AMERICAN,False,total,11938.0,769704.0,False,20210114,OTHER
2000,UTAH,UT,49,87.0,67,US SENATE,statewide,gen,False,JIM DEXTER,LIBERTARIAN,False,total,10394.0,769704.0,False,20210114,LIBERTARIAN
2000,UTAH,UT,49,87.0,67,US SENATE,statewide,gen,False,ORRIN G. HATCH,REPUBLICAN,False,total,504803.0,769704.0,False,20210114,REPUBLICAN
2000,UTAH,UT,49,87.0,67,US SENATE,statewide,gen,False,SCOTT N. HOWELL,DEMOCRAT,False,total,242569.0,769704.0,False,20210114,DEMOCRAT
2000,VERMONT,VT,50,13.0,6,US SENATE,statewide,gen,False,BILLY GREER,VERMONT GRASSROOTS,False,total,4889.0,288500.0,False,20210114,OTHER
2000,VERMONT,VT,50,13.0,6,US SENATE,statewide,gen,False,CHARLES W. RUSSELL,CONSTITUTION,False,total,10079.0,288500.0,False,20210114,OTHER
2000,VERMONT,VT,50,13.0,6,US SENATE,statewide,gen,False,ED FLANAGAN,DEMOCRAT,False,total,73352.0,288500.0,False,20210114,DEMOCRAT
2000,VERMONT,VT,50,13.0,6,US SENATE,statewide,gen,False,HUGH DOUGLAS,LIBERTARIAN,False,total,3843.0,288500.0,False,20210114,LIBERTARIAN
2000,VERMONT,VT,50,13.0,6,US SENATE,statewide,gen,False,JAMES M. JEFFORDS,REPUBLICAN,False,total,189133.0,288500.0,False,20210114,REPUBLICAN
2000,VERMONT,VT,50,13.0,6,US SENATE,statewide,gen,False,JERRY LEVY,LIBERTY UNION,False,total,1477.0,288500.0,False,20210114,OTHER
2000,VERMONT,VT,50,13.0,6,US SENATE,statewide,gen,False,RICK HUBBARD,INDEPENDENT,False,total,5366.0,288500.0,False,20210114,OTHER
2000,VERMONT,VT,50,13.0,6,US SENATE,statewide,gen,False,,,True,total,361.0,288500.0,False,20210114,OTHER
2000,VIRGINIA,VA,51,54.0,40,US SENATE,statewide,gen,False,CHARLES S. ROBB,DEMOCRAT,False,total,1296093.0,2718301.0,False,20210114,DEMOCRAT
2000,VIRGINIA,VA,51,54.0,40,US SENATE,statewide,gen,False,GEORGE F. ALLEN,REPUBLICAN,False,total,1420460.0,2718301.0,False,20210114,REPUBLICAN
2000,VIRGINIA,VA,51,54.0,40,US SENATE,statewide,gen,False,,,True,total,1748.0,2718301.0,False,20210114,OTHER
2000,WASHINGTON,WA,53,91.0,73,US SENATE,statewide,gen,False,JEFF JARED,LIBERTARIAN,False,total,64734.0,2461379.0,False,20210114,LIBERTARIAN
2000,WASHINGTON,WA,53,91.0,73,US SENATE,statewide,gen,False,MARIA CANTWELL,DEMOCRAT,False,total,1199437.0,2461379.0,False,20210114,DEMOCRAT
2000,WASHINGTON,WA,53,91.0,73,US SENATE,statewide,gen,False,SLADE GORTON,REPUBLICAN,False,total,1197208.0,2461379.0,False,20210114,REPUBLICAN
2000,WEST VIRGINIA,WV,54,55.0,56,US SENATE,statewide,gen,False,DAVID T. GALLAHER,REPUBLICAN,False,total,121635.0,603477.0,False,20210114,REPUBLICAN
2000,WEST VIRGINIA,WV,54,55.0,56,US SENATE,statewide,gen,False,JOE WHELAN,LIBERTARIAN,False,total,12627.0,603477.0,False,20210114,LIBERTARIAN
2000,WEST VIRGINIA,WV,54,55.0,56,US SENATE,statewide,gen,False,ROBERT C. BYRD,DEMOCRAT,False,total,469215.0,603477.0,False,20210114,DEMOCRAT
2000,WISCONSIN,WI,55,35.0,25,US SENATE,statewide,gen,False,EUGENE A. HEM,INDEPENDENT,False,total,9555.0,2540083.0,False,20210114,OTHER
2000,WISCONSIN,WI,55,35.0,25,US SENATE,statewide,gen,False,HERB KOHL,DEMOCRAT,False,total,1563238.0,2540083.0,False,20210114,DEMOCRAT
2000,WISCONSIN,WI,55,35.0,25,US SENATE,statewide,gen,False,JOHN GILLESPIE,REPUBLICAN,False,total,940744.0,2540083.0,False,20210114,REPUBLICAN
2000,WISCONSIN,WI,55,35.0,25,US SENATE,statewide,gen,False,ROBERT R. RAYMOND,CONSTITUTION,False,total,4296.0,2540083.0,False,20210114,OTHER
2000,WISCONSIN,WI,55,35.0,25,US SENATE,statewide,gen,False,SCATTER,,False,total,902.0,2540083.0,False,20210114,OTHER
2000,WISCONSIN,WI,55,35.0,25,US SENATE,statewide,gen,False,TIM PETERSON,LIBERTARIAN,False,total,21348.0,2540083.0,False,20210114,LIBERTARIAN
2000,WYOMING,WY,56,83.0,68,US SENATE,statewide,gen,False,CRAIG THOMAS,REPUBLICAN,False,total,157622.0,213659.0,False,20210114,REPUBLICAN
2000,WYOMING,WY,56,83.0,68,US SENATE,statewide,gen,False,MARGARET DAWSON,LIBERTARIAN,False,total,8950.0,213659.0,False,20210114,LIBERTARIAN
2000,WYOMING,WY,56,83.0,68,US SENATE,statewide,gen,False,MEL LOGAN,DEMOCRAT,False,total,47087.0,213659.0,False,20210114,DEMOCRAT
2002,ALABAMA,AL,1,63.0,41,US SENATE,statewide,gen,False,JEFF ALLEN,LIBERTARIAN,False,total,20234.0,1353023.0,False,20210114,LIBERTARIAN
2002,ALABAMA,AL,1,63.0,41,US SENATE,statewide,gen,False,JEFF SESSIONS,REPUBLICAN,False,total,792561.0,1353023.0,False,20210114,REPUBLICAN
2002,ALABAMA,AL,1,63.0,41,US SENATE,statewide,gen,False,SUSAN PARKER,DEMOCRAT,False,total,538878.0,1353023.0,False,20210114,DEMOCRAT
2002,ALABAMA,AL,1,63.0,41,US SENATE,statewide,gen,False,,,True,total,1350.0,1353023.0,False,20210114,OTHER
2002,ALASKA,AK,2,94.0,81,US SENATE,statewide,gen,False,FRANK VONDERSAAR,DEMOCRAT,False,total,24133.0,229548.0,False,20210114,DEMOCRAT
2002,ALASKA,AK,2,94.0,81,US SENATE,statewide,gen,False,JIM DORE,ALASKAN INDEPENDENCE,False,total,6724.0,229548.0,False,20210114,OTHER
2002,ALASKA,AK,2,94.0,81,US SENATE,statewide,gen,False,JIM SYKES,GREEN,False,total,16608.0,229548.0,False,20210114,OTHER
2002,ALASKA,AK,2,94.0,81,US SENATE,statewide,gen,False,LEONARD KARPINSKI,LIBERTARIAN,False,total,2354.0,229548.0,False,20210114,LIBERTARIAN
2002,ALASKA,AK,2,94.0,81,US SENATE,statewide,gen,False,TED STEVENS,REPUBLICAN,False,total,179438.0,229548.0,False,20210114,REPUBLICAN
2002,ALASKA,AK,2,94.0,81,US SENATE,statewide,gen,False,,,True,total,291.0,229548.0,False,20210114,OTHER
2002,ARKANSAS,AR,5,71.0,42,US SENATE,statewide,gen,False,MARK PRYOR,DEMOCRAT,False,total,433386.0,804121.0,False,20210114,DEMOCRAT
2002,ARKANSAS,AR,5,71.0,42,US SENATE,statewide,gen,False,TIM HUTCHINSON,REPUBLICAN,False,total,370735.0,804121.0,False,20210114,REPUBLICAN
2002,COLORADO,CO,8,84.0,62,US SENATE,statewide,gen,False,"DOULGAS ""DAYHORSE"" CAMPBELL",AMERICAN CONSTITUTION,False,total,21547.0,1416082.0,False,20210114,OTHER
2002,COLORADO,CO,8,84.0,62,US SENATE,statewide,gen,False,JOHN HECKMAN,CONCERNS OF PEOPLE,False,total,7140.0,1416082.0,False,20210114,OTHER
2002,COLORADO,CO,8,84.0,62,US SENATE,statewide,gen,False,RICK STANLEY,LIBERTARIAN,False,total,20776.0,1416082.0,False,20210114,LIBERTARIAN
2002,COLORADO,CO,8,84.0,62,US SENATE,statewide,gen,False,TOM STRICKLAND,DEMOCRAT,False,total,648130.0,1416082.0,False,20210114,DEMOCRAT
2002,COLORADO,CO,8,84.0,62,US SENATE,statewide,gen,False,WAYNE ALLARD,REPUBLICAN,False,total,717893.0,1416082.0,False,20210114,REPUBLICAN
2002,COLORADO,CO,8,84.0,62,US SENATE,statewide,gen,False,,,True,total,596.0,1416082.0,False,20210114,OTHER
2002,DELAWARE,DE,10,51.0,11,US SENATE,statewide,gen,False,JOSEPH R. BIDEN JR.,DEMOCRAT,False,total,135253.0,232314.0,False,20210114,DEMOCRAT
2002,DELAWARE,DE,10,51.0,11,US SENATE,statewide,gen,False,MAURICE BARROS,INDEPENDENT PARTY OF DELAWARE,False,total,996.0,232314.0,False,20210114,OTHER
2002,DELAWARE,DE,10,51.0,11,US SENATE,statewide,gen,False,RAYMOND J. CLATWORTHY,REPUBLICAN,False,total,94793.0,232314.0,False,20210114,REPUBLICAN
2002,DELAWARE,DE,10,51.0,11,US SENATE,statewide,gen,False,RAYMOND T. BURANELLO,LIBERTARIAN,False,total,922.0,232314.0,False,20210114,LIBERTARIAN
2002,DELAWARE,DE,10,51.0,11,US SENATE,statewide,gen,False,ROBERT E. MATTSON,NATURAL LAW,False,total,350.0,232314.0,False,20210114,OTHER
2002,GEORGIA,GA,13,58.0,44,US SENATE,statewide,gen,False,"CLAUDE ""SANDY"" THOMAS",LIBERTARIAN,False,total,27830.0,2031604.0,False,20210114,LIBERTARIAN
2002,GEORGIA,GA,13,58.0,44,US SENATE,statewide,gen,False,MAX CLELAND,DEMOCRAT,False,total,932422.0,2031604.0,False,20210114,DEMOCRAT
2002,GEORGIA,GA,13,58.0,44,US SENATE,statewide,gen,False,SAXBY CHAMBLISS,REPUBLICAN,False,total,1071352.0,2031604.0,False,20210114,REPUBLICAN
2002,IDAHO,ID,16,82.0,63,US SENATE,statewide,gen,False,ALAN BLINKEN,DEMOCRAT,False,total,132975.0,408544.0,False,20210114,DEMOCRAT
2002,IDAHO,ID,16,82.0,63,US SENATE,statewide,gen,False,DONOVAN BRAMWELL,LIBERTARIAN,False,total,9354.0,408544.0,False,20210114,LIBERTARIAN
2002,IDAHO,ID,16,82.0,63,US SENATE,statewide,gen,False,LARRY E. CRAIG,REPUBLICAN,False,total,266215.0,408544.0,False,20210114,REPUBLICAN
2002,ILLINOIS,IL,17,33.0,21,US SENATE,statewide,gen,False,JIM DURKIN,REPUBLICAN,False,total,1325703.0,3486851.0,False,20210114,REPUBLICAN
2002,ILLINOIS,IL,17,33.0,21,US SENATE,statewide,gen,False,RICHARD J. DURBIN,DEMOCRAT,False,total,2103766.0,3486851.0,False,20210114,DEMOCRAT
2002,ILLINOIS,IL,17,33.0,21,US SENATE,statewide,gen,False,STEVEN BURGAUER,LIBERTARIAN,False,total,57382.0,3486851.0,False,20210114,LIBERTARIAN
2002,IOWA,IA,19,42.0,31,US SENATE,statewide,gen,False,GREG GANSKE,REPUBLICAN,False,total,447892.0,1023075.0,False,20210114,REPUBLICAN
2002,IOWA,IA,19,42.0,31,US SENATE,statewide,gen,False,RICHARD J. MOORE,LIBERTARIAN,False,total,8864.0,1023075.0,False,20210114,LIBERTARIAN
2002,IOWA,IA,19,42.0,31,US SENATE,statewide,gen,False,TIMOTHY A. HARTHAN,GREEN,False,total,11340.0,1023075.0,False,20210114,OTHER
2002,IOWA,IA,19,42.0,31,US SENATE,statewide,gen,False,TOM HARKIN,DEMOCRAT,False,total,554278.0,1023075.0,False,20210114,DEMOCRAT
2002,IOWA,IA,19,42.0,31,US SENATE,statewide,gen,False,,,True,total,701.0,1023075.0,False,20210114,OTHER
2002,KANSAS,KS,20,47.0,32,US SENATE,statewide,gen,False,GEORGE COOK,REFORM,False,total,65050.0,776850.0,False,20210114,OTHER
2002,KANSAS,KS,20,47.0,32,US SENATE,statewide,gen,False,PAT ROBERTS,REPUBLICAN,False,total,641075.0,776850.0,False,20210114,REPUBLICAN
2002,KANSAS,KS,20,47.0,32,US SENATE,statewide,gen,False,STEVEN A. ROSILE,LIBERTARIAN,False,total,70725.0,776850.0,False,20210114,LIBERTARIAN
2002,KENTUCKY,KY,21,61.0,51,US SENATE,statewide,gen,False,LOIS COMBS WEINBERG,DEMOCRAT,False,total,399634.0,1131313.0,False,20210114,DEMOCRAT
2002,KENTUCKY,KY,21,61.0,51,US SENATE,statewide,gen,False,MITCH MCCONNELL,REPUBLICAN,False,total,731679.0,1131313.0,False,20210114,REPUBLICAN
2002,LOUISIANA,LA,22,72.0,45,US SENATE,statewide,gen,False,"""TONY"" PERKINS",REPUBLICAN,False,total,119776.0,2481629.0,False,20210114,REPUBLICAN
2002,LOUISIANA,LA,22,72.0,45,US SENATE,statewide,gen,False,ERNEST EDWARD SKILLMAN JR.,REPUBLICAN,False,total,1668.0,2481629.0,False,20210114,REPUBLICAN
2002,LOUISIANA,LA,22,72.0,45,US SENATE,statewide,gen,False,GARY D. ROBBINS,OTHER,False,total,2423.0,2481629.0,False,20210114,OTHER
2002,LOUISIANA,LA,22,72.0,45,US SENATE,statewide,gen,False,JAMES LEMANN,OTHER,False,total,3866.0,2481629.0,False,20210114,OTHER
2002,LOUISIANA,LA,22,72.0,45,US SENATE,statewide,gen,False,JOHN COOKSEY,REPUBLICAN,False,total,171752.0,2481629.0,False,20210114,REPUBLICAN
2002,LOUISIANA,LA,22,72.0,45,US SENATE,statewide,gen,False,MARY L. LANDRIEU,DEMOCRAT,False,total,638654.0,2481629.0,False,20210114,DEMOCRAT
2002,LOUISIANA,LA,22,72.0,45,US SENATE,statewide,gen,False,MARY L. LANDRIEU,DEMOCRAT,False,total,573347.0,2481629.0,False,20210114,DEMOCRAT
2002,LOUISIANA,LA,22,72.0,45,US SENATE,statewide,gen,False,"PATRICK E. ""LIVE WIRE"" LANDRY",OTHER,False,total,10442.0,2481629.0,False,20210114,OTHER
2002,LOUISIANA,LA,22,72.0,45,US SENATE,statewide,gen,False,RAYMOND BROWN,DEMOCRAT,False,total,23553.0,2481629.0,False,20210114,DEMOCRAT
2002,LOUISIANA,LA,22,72.0,45,US SENATE,statewide,gen,False,SUZANNE HAIK TERRELL,REPUBLICAN,False,total,596642.0,2481629.0,False,20210114,REPUBLICAN
2002,LOUISIANA,LA,22,72.0,45,US SENATE,statewide,gen,False,SUZANNE HAIK TERRELL,REPUBLICAN,False,total,339506.0,2481629.0,False,20210114,REPUBLICAN
2002,MAINE,ME,23,11.0,2,US SENATE,statewide,gen,False,CHELLIE PINGREE,DEMOCRAT,False,total,209858.0,504899.0,False,20210114,DEMOCRAT
2002,MAINE,ME,23,11.0,2,US SENATE,statewide,gen,False,SUSAN M. COLLINS,REPUBLICAN,False,total,295041.0,504899.0,False,20210114,REPUBLICAN
2002,MASSACHUSETTS,MA,25,14.0,3,US SENATE,statewide,gen,False,BLANK VOTE/SCATTERING,,False,total,213543.0,2220301.0,False,20210114,OTHER
2002,MASSACHUSETTS,MA,25,14.0,3,US SENATE,statewide,gen,False,JOHN F. KERRY,DEMOCRAT,False,total,1605976.0,2220301.0,False,20210114,DEMOCRAT
2002,MASSACHUSETTS,MA,25,14.0,3,US SENATE,statewide,gen,False,MICHAEL E. CLOUD,LIBERTARIAN,False,total,369807.0,2220301.0,False,20210114,LIBERTARIAN
2002,MASSACHUSETTS,MA,25,14.0,3,US SENATE,statewide,gen,False,OTHER,,False,total,6077.0,2220301.0,False,20210114,OTHER
2002,MASSACHUSETTS,MA,25,14.0,3,US SENATE,statewide,gen,False,,,True,total,24898.0,2220301.0,False,20210114,OTHER
2002,MICHIGAN,MI,26,34.0,23,US SENATE,statewide,gen,False,ANDREW RACZKOWSKI,REPUBLICAN,False,total,1185545.0,3129287.0,False,20210114,REPUBLICAN
2002,MICHIGAN,MI,26,34.0,23,US SENATE,statewide,gen,False,CARL LEVIN,DEMOCRAT,False,total,1896614.0,3129287.0,False,20210114,DEMOCRAT
2002,MICHIGAN,MI,26,34.0,23,US SENATE,statewide,gen,False,DOUG DERN,NATURAL LAW,False,total,10366.0,3129287.0,False,20210114,OTHER
2002,MICHIGAN,MI,26,34.0,23,US SENATE,statewide,gen,False,ERIC BORREGARD,GREEN,False,total,23931.0,3129287.0,False,20210114,OTHER
2002,MICHIGAN,MI,26,34.0,23,US SENATE,statewide,gen,False,JOHN S. MANGOPOULOS,REFORM,False,total,12831.0,3129287.0,False,20210114,OTHER
2002,MINNESOTA,MN,27,41.0,33,US SENATE,statewide,gen,False,JIM MOORE,INDEPENDENCE,False,total,45139.0,2254636.0,False,20210114,OTHER
2002,MINNESOTA,MN,27,41.0,33,US SENATE,statewide,gen,False,MIRO DRAGO,CONSTITUTION,False,total,2254.0,2254636.0,False,20210114,OTHER
2002,MINNESOTA,MN,27,41.0,33,US SENATE,statewide,gen,False,NORM COLEMAN,REPUBLICAN,False,total,1116697.0,2254636.0,False,20210114,REPUBLICAN
2002,MINNESOTA,MN,27,41.0,33,US SENATE,statewide,gen,False,PAUL WELLSTONE,DEMOCRATIC-FARMER-LABOR,False,total,11381.0,2254636.0,False,20210114,DEMOCRAT
2002,MINNESOTA,MN,27,41.0,33,US SENATE,statewide,gen,False,RAY TRICOMO,GREEN,False,total,10119.0,2254636.0,False,20210114,OTHER
2002,MINNESOTA,MN,27,41.0,33,US SENATE,statewide,gen,False,WALTER F. MONDALE,DEMOCRAT,False,total,1067246.0,2254636.0,False,20210114,DEMOCRAT
2002,MINNESOTA,MN,27,41.0,33,US SENATE,statewide,gen,False,,,True,total,7.0,2254636.0,False,20210114,OTHER
2002,MINNESOTA,MN,27,41.0,33,US SENATE,statewide,gen,False,,,True,total,3.0,2254636.0,False,20210114,OTHER
2002,MINNESOTA,MN,27,41.0,33,US SENATE,statewide,gen,False,,,True,total,1790.0,2254636.0,False,20210114,OTHER
2002,MISSISSIPPI,MS,28,64.0,46,US SENATE,statewide,gen,False,SHAWN O'HARA,REFORM,False,total,97226.0,630495.0,False,20210114,OTHER
2002,MISSISSIPPI,MS,28,64.0,46,US SENATE,statewide,gen,False,THAD COCHRAN,REPUBLICAN,False,total,533269.0,630495.0,False,20210114,REPUBLICAN
2002,MISSOURI,MO,29,43.0,34,US SENATE,statewide,gen,True,DANIEL (DIGGER) ROMANO,GREEN,False,total,10465.0,1877620.0,False,20210114,OTHER
2002,MISSOURI,MO,29,43.0,34,US SENATE,statewide,gen,True,JEAN CARNAHAN,DEMOCRAT,False,total,913778.0,1877620.0,False,20210114,DEMOCRAT
2002,MISSOURI,MO,29,43.0,34,US SENATE,statewide,gen,True,JIM TALENT,REPUBLICAN,False,total,935032.0,1877620.0,False,20210114,REPUBLICAN
2002,MISSOURI,MO,29,43.0,34,US SENATE,statewide,gen,True,TAMARA A. MILLAY,LIBERTARIAN,False,total,18345.0,1877620.0,False,20210114,LIBERTARIAN
2002,MONTANA,MT,30,81.0,64,US SENATE,statewide,gen,False,BOB KELLEHER,GREEN,False,total,7653.0,326537.0,False,20210114,OTHER
2002,MONTANA,MT,30,81.0,64,US SENATE,statewide,gen,False,MAX BAUCUS,DEMOCRAT,False,total,204853.0,326537.0,False,20210114,DEMOCRAT
2002,MONTANA,MT,30,81.0,64,US SENATE,statewide,gen,False,MIKE TAYLOR,REPUBLICAN,False,total,103611.0,326537.0,False,20210114,REPUBLICAN
2002,MONTANA,MT,30,81.0,64,US SENATE,statewide,gen,False,STAN JONES,LIBERTARIAN,False,total,10420.0,326537.0,False,20210114,LIBERTARIAN
2002,NEBRASKA,NE,31,46.0,35,US SENATE,statewide,gen,False,CHARLIE A. MATULKA,DEMOCRAT,False,total,70290.0,480217.0,False,20210114,DEMOCRAT
2002,NEBRASKA,NE,31,46.0,35,US SENATE,statewide,gen,False,CHUCK HAGEL,REPUBLICAN,False,total,397438.0,480217.0,False,20210114,REPUBLICAN
2002,NEBRASKA,NE,31,46.0,35,US SENATE,statewide,gen,False,JOHN J. GRAZIANO,LIBERTARIAN,False,total,7423.0,480217.0,False,20210114,LIBERTARIAN
2002,NEBRASKA,NE,31,46.0,35,US SENATE,statewide,gen,False,PHIL CHASE,INDEPENDENT,False,total,5066.0,480217.0,False,20210114,OTHER
2002,NEW HAMPSHIRE,NH,33,12.0,4,US SENATE,statewide,gen,False,JEANNE SHAHEEN,DEMOCRAT,False,total,207478.0,447135.0,False,20210114,DEMOCRAT
2002,NEW HAMPSHIRE,NH,33,12.0,4,US SENATE,statewide,gen,False,JOHN E. SUNUNU,REPUBLICAN,False,total,227229.0,447135.0,False,20210114,REPUBLICAN
2002,NEW HAMPSHIRE,NH,33,12.0,4,US SENATE,statewide,gen,False,KEN BLEVENS,LIBERTARIAN,False,total,9835.0,447135.0,False,20210114,LIBERTARIAN
2002,NEW HAMPSHIRE,NH,33,12.0,4,US SENATE,statewide,gen,False,SCATTER,,False,total,197.0,447135.0,False,20210114,OTHER
2002,NEW HAMPSHIRE,NH,33,12.0,4,US SENATE,statewide,gen,False,,,True,total,2396.0,447135.0,False,20210114,OTHER
2002,NEW JERSEY,NJ,34,22.0,12,US SENATE,statewide,gen,False,DOUGLAS R. FORRESTER,REPUBLICAN,False,total,928439.0,2112604.0,False,20210114,REPUBLICAN
2002,NEW JERSEY,NJ,34,22.0,12,US SENATE,statewide,gen,False,ELIZABETH MACRON,LIBERTARIAN,False,total,12558.0,2112604.0,False,20210114,LIBERTARIAN
2002,NEW JERSEY,NJ,34,22.0,12,US SENATE,statewide,gen,False,FRANK R. LAUTENBERG,DEMOCRAT,False,total,1138193.0,2112604.0,False,20210114,DEMOCRAT
2002,NEW JERSEY,NJ,34,22.0,12,US SENATE,statewide,gen,False,GREGORY PASON,SOCIALIST,False,total,2702.0,2112604.0,False,20210114,OTHER
2002,NEW JERSEY,NJ,34,22.0,12,US SENATE,statewide,gen,False,NORMAN E. WAHNER,CONSERVATIVE,False,total,6404.0,2112604.0,False,20210114,OTHER
2002,NEW JERSEY,NJ,34,22.0,12,US SENATE,statewide,gen,False,TED GLICK,GREEN,False,total,24308.0,2112604.0,False,20210114,OTHER
2002,NEW MEXICO,NM,35,85.0,66,US SENATE,statewide,gen,False,GLORIA TRISTANI,DEMOCRAT,False,total,168863.0,483056.0,False,20210114,DEMOCRAT
2002,NEW MEXICO,NM,35,85.0,66,US SENATE,statewide,gen,False,PETE V. DOMENICI,REPUBLICAN,False,total,314193.0,483056.0,False,20210114,REPUBLICAN
2002,NORTH CAROLINA,NC,37,56.0,47,US SENATE,statewide,gen,False,ELIZABETH H. DOLE,REPUBLICAN,False,total,1248664.0,2331181.0,False,20210114,REPUBLICAN
2002,NORTH CAROLINA,NC,37,56.0,47,US SENATE,statewide,gen,False,ERSKINE B. BOWLES,DEMOCRAT,False,total,1047983.0,2331181.0,False,20210114,DEMOCRAT
2002,NORTH CAROLINA,NC,37,56.0,47,US SENATE,statewide,gen,False,SEAN HAUGH,LIBERTARIAN,False,total,33807.0,2331181.0,False,20210114,LIBERTARIAN
2002,NORTH CAROLINA,NC,37,56.0,47,US SENATE,statewide,gen,False,,,True,total,727.0,2331181.0,False,20210114,OTHER
2002,OKLAHOMA,OK,40,73.0,53,US SENATE,statewide,gen,False,DAVID WALTERS,DEMOCRAT,False,total,369789.0,1018424.0,False,20210114,DEMOCRAT
2002,OKLAHOMA,OK,40,73.0,53,US SENATE,statewide,gen,False,JAMES GERMALIC,INDEPENDENT,False,total,65056.0,1018424.0,False,20210114,OTHER
2002,OKLAHOMA,OK,40,73.0,53,US SENATE,statewide,gen,False,JAMES M. INHOFE,REPUBLICAN,False,total,583579.0,1018424.0,False,20210114,REPUBLICAN
2002,OREGON,OR,41,92.0,72,US SENATE,statewide,gen,False,BILL BRADBURY,DEMOCRAT,False,total,501898.0,1267221.0,False,20210114,DEMOCRAT
2002,OREGON,OR,41,92.0,72,US SENATE,statewide,gen,False,DAN FITZGERALD,LIBERTARIAN,False,total,29979.0,1267221.0,False,20210114,LIBERTARIAN
2002,OREGON,OR,41,92.0,72,US SENATE,statewide,gen,False,GORDON SMITH,REPUBLICAN,False,total,712287.0,1267221.0,False,20210114,REPUBLICAN
2002,OREGON,OR,41,92.0,72,US SENATE,statewide,gen,False,LON MABON,CONSTITUTION,False,total,21703.0,1267221.0,False,20210114,OTHER
2002,OREGON,OR,41,92.0,72,US SENATE,statewide,gen,False,OTHER,,False,total,1354.0,1267221.0,False,20210114,OTHER
2002,RHODE ISLAND,RI,44,15.0,5,US SENATE,statewide,gen,False,JACK REED,DEMOCRAT,False,total,253774.0,323582.0,False,20210114,DEMOCRAT
2002,RHODE ISLAND,RI,44,15.0,5,US SENATE,statewide,gen,False,ROBERT G. TINGLE,REPUBLICAN,False,total,69808.0,323582.0,False,20210114,REPUBLICAN
2002,SOUTH CAROLINA,SC,45,57.0,48,US SENATE,statewide,gen,False,ALEX SANDERS,DEMOCRAT,False,total,487359.0,1102912.0,False,20210114,DEMOCRAT
2002,SOUTH CAROLINA,SC,45,57.0,48,US SENATE,statewide,gen,False,LINDSEY O. GRAHAM,REPUBLICAN,False,total,600010.0,1102912.0,False,20210114,REPUBLICAN
2002,SOUTH CAROLINA,SC,45,57.0,48,US SENATE,statewide,gen,False,TED ADAMS,CONSTITUTION,False,total,8228.0,1102912.0,False,20210114,OTHER
2002,SOUTH CAROLINA,SC,45,57.0,48,US SENATE,statewide,gen,False,VICTOR KOCHER,LIBERTARIAN,False,total,6648.0,1102912.0,False,20210114,LIBERTARIAN
2002,SOUTH CAROLINA,SC,45,57.0,48,US SENATE,statewide,gen,False,,,True,total,667.0,1102912.0,False,20210114,OTHER
2002,SOUTH DAKOTA,SD,46,45.0,37,US SENATE,statewide,gen,False,JOHN THUNE,REPUBLICAN,False,total,166949.0,337501.0,False,20210114,REPUBLICAN
2002,SOUTH DAKOTA,SD,46,45.0,37,US SENATE,statewide,gen,False,KURT EVANS,LIBERTARIAN,False,total,3071.0,337501.0,False,20210114,LIBERTARIAN
2002,SOUTH DAKOTA,SD,46,45.0,37,US SENATE,statewide,gen,False,TIM JOHNSON,DEMOCRAT,False,total,167481.0,337501.0,False,20210114,DEMOCRAT
2002,TENNESSEE,TN,47,62.0,54,US SENATE,statewide,gen,False,BASIL J. MARCEAUX,INDEPENDENT,False,total,1170.0,1642432.0,False,20210114,OTHER
2002,TENNESSEE,TN,47,62.0,54,US SENATE,statewide,gen,False,BOB CLEMENT,DEMOCRAT,False,total,728232.0,1642432.0,False,20210114,DEMOCRAT
2002,TENNESSEE,TN,47,62.0,54,US SENATE,statewide,gen,False,CONNIE GAMMON,INDEPENDENT,False,total,5349.0,1642432.0,False,20210114,OTHER
2002,TENNESSEE,TN,47,62.0,54,US SENATE,statewide,gen,False,H. GARY KEPLINGER,INDEPENDENT,False,total,1103.0,1642432.0,False,20210114,OTHER
2002,TENNESSEE,TN,47,62.0,54,US SENATE,statewide,gen,False,JOHN JAY HOOKER,INDEPENDENT,False,total,6401.0,1642432.0,False,20210114,OTHER
2002,TENNESSEE,TN,47,62.0,54,US SENATE,statewide,gen,False,KARL STANLEY DAVIDSON,INDEPENDENT,False,total,2217.0,1642432.0,False,20210114,OTHER
2002,TENNESSEE,TN,47,62.0,54,US SENATE,statewide,gen,False,LAMAR ALEXANDER,REPUBLICAN,False,total,891498.0,1642432.0,False,20210114,REPUBLICAN
2002,TENNESSEE,TN,47,62.0,54,US SENATE,statewide,gen,False,WESLEY M. BAKER,INDEPENDENT,False,total,6106.0,1642432.0,False,20210114,OTHER
2002,TENNESSEE,TN,47,62.0,54,US SENATE,statewide,gen,False,,,True,total,356.0,1642432.0,False,20210114,OTHER
2002,TEXAS,TX,48,74.0,49,US SENATE,statewide,gen,False,JOHN CORNYN,REPUBLICAN,False,total,2496243.0,4514012.0,False,20210114,REPUBLICAN
2002,TEXAS,TX,48,74.0,49,US SENATE,statewide,gen,False,RON KIRK,DEMOCRAT,False,total,1955758.0,4514012.0,False,20210114,DEMOCRAT
2002,TEXAS,TX,48,74.0,49,US SENATE,statewide,gen,False,ROY H. WILLIAMS,GREEN,False,total,25051.0,4514012.0,False,20210114,OTHER
2002,TEXAS,TX,48,74.0,49,US SENATE,statewide,gen,False,SCOTT LANIER JAMESON,LIBERTARIAN,False,total,35538.0,4514012.0,False,20210114,LIBERTARIAN
2002,TEXAS,TX,48,74.0,49,US SENATE,statewide,gen,False,,,True,total,1422.0,4514012.0,False,20210114,OTHER
2002,VIRGINIA,VA,51,54.0,40,US SENATE,statewide,gen,False,JACOB G. HORNBERGER JR.,INDEPENDENT,False,total,106055.0,1489422.0,False,20210114,OTHER
2002,VIRGINIA,VA,51,54.0,40,US SENATE,statewide,gen,False,JOHN W. WARNER,REPUBLICAN,False,total,1229894.0,1489422.0,False,20210114,REPUBLICAN
2002,VIRGINIA,VA,51,54.0,40,US SENATE,statewide,gen,False,NANCY B. SPANNAUS,INDEPENDENT,False,total,145102.0,1489422.0,False,20210114,OTHER
2002,VIRGINIA,VA,51,54.0,40,US SENATE,statewide,gen,False,,,True,total,8371.0,1489422.0,False,20210114,OTHER
2002,WEST VIRGINIA,WV,54,55.0,56,US SENATE,statewide,gen,False,JAY WOLFE,REPUBLICAN,False,total,160902.0,436183.0,False,20210114,REPUBLICAN
2002,WEST VIRGINIA,WV,54,55.0,56,US SENATE,statewide,gen,False,JOHN D. ROCKEFELLER IV,DEMOCRAT,False,total,275281.0,436183.0,False,20210114,DEMOCRAT
2002,WYOMING,WY,56,83.0,68,US SENATE,statewide,gen,False,JOYCE JANSA CORCORAN,DEMOCRAT,False,total,49570.0,183280.0,False,20210114,DEMOCRAT
2002,WYOMING,WY,56,83.0,68,US SENATE,statewide,gen,False,MICHAEL B. ENZI,REPUBLICAN,False,total,133710.0,183280.0,False,20210114,REPUBLICAN
2004,ALABAMA,AL,1,63.0,41,US SENATE,statewide,gen,False,RICHARD C. SHELBY,REPUBLICAN,False,total,1242200.0,1839066.0,False,20210114,REPUBLICAN
2004,ALABAMA,AL,1,63.0,41,US SENATE,statewide,gen,False,WAYNE SOWELL,DEMOCRAT,False,total,595018.0,1839066.0,False,20210114,DEMOCRAT
2004,ALABAMA,AL,1,63.0,41,US SENATE,statewide,gen,False,,,True,total,1848.0,1839066.0,False,20210114,OTHER
2004,ALASKA,AK,2,94.0,81,US SENATE,statewide,gen,False,JERRY SANDERS,ALASKAN INDEPENDENCE,False,total,3785.0,308315.0,False,20210114,OTHER
2004,ALASKA,AK,2,94.0,81,US SENATE,statewide,gen,False,JIM SKYES,GREEN,False,total,3053.0,308315.0,False,20210114,OTHER
2004,ALASKA,AK,2,94.0,81,US SENATE,statewide,gen,False,LISA MURKOWSKI,REPUBLICAN,False,total,149773.0,308315.0,False,20210114,REPUBLICAN
2004,ALASKA,AK,2,94.0,81,US SENATE,statewide,gen,False,MARC J. MILLICAN,NONPARTISAN,False,total,8885.0,308315.0,False,20210114,OTHER
2004,ALASKA,AK,2,94.0,81,US SENATE,statewide,gen,False,SCOTT A. KOHLHAAS,ALASKA LIBERTARIAN,False,total,1240.0,308315.0,False,20210114,OTHER
2004,ALASKA,AK,2,94.0,81,US SENATE,statewide,gen,False,"TED ""BIG"" GIANOUTSOS",NONPARTISAN,False,total,732.0,308315.0,False,20210114,OTHER
2004,ALASKA,AK,2,94.0,81,US SENATE,statewide,gen,False,TONY KNOWLES,DEMOCRAT,False,total,140424.0,308315.0,False,20210114,DEMOCRAT
2004,ALASKA,AK,2,94.0,81,US SENATE,statewide,gen,False,,,True,total,423.0,308315.0,False,20210114,OTHER
2004,ARIZONA,AZ,4,86.0,61,US SENATE,statewide,gen,False,ERNEST HANCOCK,LIBERTARIAN,False,total,51798.0,1961677.0,False,20210114,LIBERTARIAN
2004,ARIZONA,AZ,4,86.0,61,US SENATE,statewide,gen,False,JOHN MCCAIN,REPUBLICAN,False,total,1505372.0,1961677.0,False,20210114,REPUBLICAN
2004,ARIZONA,AZ,4,86.0,61,US SENATE,statewide,gen,False,STUART STARKY,DEMOCRAT,False,total,404507.0,1961677.0,False,20210114,DEMOCRAT
2004,ARKANSAS,AR,5,71.0,42,US SENATE,statewide,gen,False,BLANCHE L. LINCOLN,DEMOCRAT,False,total,580973.0,1039349.0,False,20210114,DEMOCRAT
2004,ARKANSAS,AR,5,71.0,42,US SENATE,statewide,gen,False,GLEN A. SCHWARZ,,True,total,212.0,1039349.0,False,20210114,OTHER
2004,ARKANSAS,AR,5,71.0,42,US SENATE,statewide,gen,False,JIM HOLT,REPUBLICAN,False,total,458036.0,1039349.0,False,20210114,REPUBLICAN
2004,ARKANSAS,AR,5,71.0,42,US SENATE,statewide,gen,False,,,True,total,128.0,1039349.0,False,20210114,OTHER
2004,CALIFORNIA,CA,6,93.0,71,US SENATE,statewide,gen,False,BARBARA BOXER,DEMOCRAT,False,total,6955728.0,12053295.0,False,20210114,DEMOCRAT
2004,CALIFORNIA,CA,6,93.0,71,US SENATE,statewide,gen,False,BILL JONES,REPUBLICAN,False,total,4555922.0,12053295.0,False,20210114,REPUBLICAN
2004,CALIFORNIA,CA,6,93.0,71,US SENATE,statewide,gen,False,DON J. GRUNDMANN,AMERICAN INDEPENDENT,False,total,81224.0,12053295.0,False,20210114,OTHER
2004,CALIFORNIA,CA,6,93.0,71,US SENATE,statewide,gen,False,"JAMES P. ""JIM"" GRAY",LIBERTARIAN,False,total,216522.0,12053295.0,False,20210114,LIBERTARIAN
2004,CALIFORNIA,CA,6,93.0,71,US SENATE,statewide,gen,False,MARSHA FEINLAND,PEACE AND FREEDOM,False,total,243846.0,12053295.0,False,20210114,OTHER
2004,CALIFORNIA,CA,6,93.0,71,US SENATE,statewide,gen,False,,,True,total,53.0,12053295.0,False,20210114,OTHER
2004,COLORADO,CO,8,84.0,62,US SENATE,statewide,gen,False,"DOUGLAS ""DAYHORSE"" CAMPBELL",AMERICAN CONSTITUTION,False,total,18783.0,2107472.0,False,20210114,OTHER
2004,COLORADO,CO,8,84.0,62,US SENATE,statewide,gen,False,FINN GOTAAS,UNAFFILIATED,False,total,1750.0,2107472.0,False,20210114,OTHER
2004,COLORADO,CO,8,84.0,62,US SENATE,statewide,gen,False,JOHN R. HARRIS,INDEPENDENT,False,total,8442.0,2107472.0,False,20210114,OTHER
2004,COLORADO,CO,8,84.0,62,US SENATE,statewide,gen,False,KEN SALAZAR,DEMOCRAT,False,total,1081188.0,2107472.0,False,20210114,DEMOCRAT
2004,COLORADO,CO,8,84.0,62,US SENATE,statewide,gen,False,PETE COORS,REPUBLICAN,False,total,980668.0,2107472.0,False,20210114,REPUBLICAN
2004,COLORADO,CO,8,84.0,62,US SENATE,statewide,gen,False,RICHARD RANDALL,LIBERTARIAN,False,total,10160.0,2107472.0,False,20210114,LIBERTARIAN
2004,COLORADO,CO,8,84.0,62,US SENATE,statewide,gen,False,VICTOR GOOD,REFORM,False,total,6481.0,2107472.0,False,20210114,OTHER
2004,CONNECTICUT,CT,9,16.0,1,US SENATE,statewide,gen,False,CHRISTOPHER J. DODD,DEMOCRAT,False,total,945347.0,1424726.0,False,20210114,DEMOCRAT
2004,CONNECTICUT,CT,9,16.0,1,US SENATE,statewide,gen,False,JACK C. ORCHULLI,REPUBLICAN,False,total,457749.0,1424726.0,False,20210114,REPUBLICAN
2004,CONNECTICUT,CT,9,16.0,1,US SENATE,statewide,gen,False,LEONARD H. RASCH,LIBERTARIAN,False,total,9188.0,1424726.0,False,20210114,LIBERTARIAN
2004,CONNECTICUT,CT,9,16.0,1,US SENATE,statewide,gen,False,TIMOTHY A. KNIBBS,CONCERNED CITIZENS,False,total,12442.0,1424726.0,False,20210114,OTHER
2004,FLORIDA,FL,12,59.0,43,US SENATE,statewide,gen,False,BETTY CASTOR,DEMOCRAT,False,total,3590201.0,7429894.0,False,20210114,DEMOCRAT
2004,FLORIDA,FL,12,59.0,43,US SENATE,statewide,gen,False,DENNIS F. BRADLEY,VETERANS PARTY OF AMERICA,False,total,166642.0,7429894.0,False,20210114,OTHER
2004,FLORIDA,FL,12,59.0,43,US SENATE,statewide,gen,False,MEL MARTINEZ,REPUBLICAN,False,total,3672864.0,7429894.0,False,20210114,REPUBLICAN
2004,FLORIDA,FL,12,59.0,43,US SENATE,statewide,gen,False,,,True,total,16.0,7429894.0,False,20210114,OTHER
2004,FLORIDA,FL,12,59.0,43,US SENATE,statewide,gen,False,,,True,total,27.0,7429894.0,False,20210114,OTHER
2004,FLORIDA,FL,12,59.0,43,US SENATE,statewide,gen,False,,,True,total,119.0,7429894.0,False,20210114,OTHER
2004,FLORIDA,FL,12,59.0,43,US SENATE,statewide,gen,False,,,True,total,25.0,7429894.0,False,20210114,OTHER
2004,GEORGIA,GA,13,58.0,44,US SENATE,statewide,gen,False,ALLEN BUCKLEY,LIBERTARIAN,False,total,69051.0,3220981.0,False,20210114,LIBERTARIAN
2004,GEORGIA,GA,13,58.0,44,US SENATE,statewide,gen,False,DENISE L. MAJETTE,DEMOCRAT,False,total,1287690.0,3220981.0,False,20210114,DEMOCRAT
2004,GEORGIA,GA,13,58.0,44,US SENATE,statewide,gen,False,JOHNNY ISAKSON,REPUBLICAN,False,total,1864202.0,3220981.0,False,20210114,REPUBLICAN
2004,GEORGIA,GA,13,58.0,44,US SENATE,statewide,gen,False,,,True,total,7.0,3220981.0,False,20210114,OTHER
2004,GEORGIA,GA,13,58.0,44,US SENATE,statewide,gen,False,,,True,total,31.0,3220981.0,False,20210114,OTHER
2004,HAWAII,HI,15,95.0,82,US SENATE,statewide,gen,False,CAM CAVASSO,REPUBLICAN,False,total,87172.0,415347.0,False,20210114,REPUBLICAN
2004,HAWAII,HI,15,95.0,82,US SENATE,statewide,gen,False,DANIEL K. INOUYE,DEMOCRAT,False,total,313629.0,415347.0,False,20210114,DEMOCRAT
2004,HAWAII,HI,15,95.0,82,US SENATE,statewide,gen,False,JEFF MALLAN,LIBERTARIAN,False,total,5277.0,415347.0,False,20210114,LIBERTARIAN
2004,HAWAII,HI,15,95.0,82,US SENATE,statewide,gen,False,JIM BREWER,NONPARTISAN,False,total,9269.0,415347.0,False,20210114,OTHER
2004,IDAHO,ID,16,82.0,63,US SENATE,statewide,gen,False,MIKE CRAPO,REPUBLICAN,False,total,499796.0,503932.0,False,20210114,REPUBLICAN
2004,IDAHO,ID,16,82.0,63,US SENATE,statewide,gen,False,,,True,total,4136.0,503932.0,False,20210114,OTHER
2004,ILLINOIS,IL,17,33.0,21,US SENATE,statewide,gen,False,ALAN KEYES,REPUBLICAN,False,total,1390690.0,5141520.0,False,20210114,REPUBLICAN
2004,ILLINOIS,IL,17,33.0,21,US SENATE,statewide,gen,False,ALBERT J. FRANZEN,INDEPENDENT,False,total,81164.0,5141520.0,False,20210114,OTHER
2004,ILLINOIS,IL,17,33.0,21,US SENATE,statewide,gen,False,BARACK OBAMA,DEMOCRAT,False,total,3597456.0,5141520.0,False,20210114,DEMOCRAT
2004,ILLINOIS,IL,17,33.0,21,US SENATE,statewide,gen,False,JERRY KOHN,LIBERTARIAN,False,total,69253.0,5141520.0,False,20210114,LIBERTARIAN
2004,ILLINOIS,IL,17,33.0,21,US SENATE,statewide,gen,False,,,True,total,2957.0,5141520.0,False,20210114,OTHER
2004,INDIANA,IN,18,32.0,22,US SENATE,statewide,gen,False,ALBERT BARGER,LIBERTARIAN,False,total,27344.0,2428233.0,False,20210114,LIBERTARIAN
2004,INDIANA,IN,18,32.0,22,US SENATE,statewide,gen,False,EVAN BAYH,DEMOCRAT,False,total,1496976.0,2428233.0,False,20210114,DEMOCRAT
2004,INDIANA,IN,18,32.0,22,US SENATE,statewide,gen,False,MARVIN SCOTT,REPUBLICAN,False,total,903913.0,2428233.0,False,20210114,REPUBLICAN
2004,IOWA,IA,19,42.0,31,US SENATE,statewide,gen,False,ARTHUR SMALL,DEMOCRAT,False,total,412365.0,1479228.0,False,20210114,DEMOCRAT
2004,IOWA,IA,19,42.0,31,US SENATE,statewide,gen,False,CHARLES E. GRASSLEY,REPUBLICAN,False,total,1038175.0,1479228.0,False,20210114,REPUBLICAN
2004,IOWA,IA,19,42.0,31,US SENATE,statewide,gen,False,CHRISTY ANN WELTY,LIBERTARIAN,False,total,15218.0,1479228.0,False,20210114,LIBERTARIAN
2004,IOWA,IA,19,42.0,31,US SENATE,statewide,gen,False,DARYL A. NORTHROP,GREEN,False,total,11121.0,1479228.0,False,20210114,OTHER
2004,IOWA,IA,19,42.0,31,US SENATE,statewide,gen,False,EDWIN FRUIT,SOCIALIST WORKERS,False,total,1874.0,1479228.0,False,20210114,OTHER
2004,IOWA,IA,19,42.0,31,US SENATE,statewide,gen,False,,,True,total,475.0,1479228.0,False,20210114,OTHER
2004,KANSAS,KS,20,47.0,32,US SENATE,statewide,gen,False,GEORGE COOK,REFORM,False,total,15980.0,1129022.0,False,20210114,OTHER
2004,KANSAS,KS,20,47.0,32,US SENATE,statewide,gen,False,LEE JONES,DEMOCRAT,False,total,310337.0,1129022.0,False,20210114,DEMOCRAT
2004,KANSAS,KS,20,47.0,32,US SENATE,statewide,gen,False,SAM BROWNBACK,REPUBLICAN,False,total,780863.0,1129022.0,False,20210114,REPUBLICAN
2004,KANSAS,KS,20,47.0,32,US SENATE,statewide,gen,False,STEVEN A. ROSILE,LIBERTARIAN,False,total,21842.0,1129022.0,False,20210114,LIBERTARIAN
2004,KENTUCKY,KY,21,61.0,51,US SENATE,statewide,gen,False,DANIEL MONGIARDO,DEMOCRAT,False,total,850855.0,1724362.0,False,20210114,DEMOCRAT
2004,KENTUCKY,KY,21,61.0,51,US SENATE,statewide,gen,False,JIM BUNNING,REPUBLICAN,False,total,873507.0,1724362.0,False,20210114,REPUBLICAN
2004,LOUISIANA,LA,22,72.0,45,US SENATE,statewide,gen,False,ARTHUR A. MORRELL,DEMOCRAT,False,total,47222.0,1848056.0,False,20210114,DEMOCRAT
2004,LOUISIANA,LA,22,72.0,45,US SENATE,statewide,gen,False,CHRISTOPHER JOHN,DEMOCRAT,False,total,542150.0,1848056.0,False,20210114,DEMOCRAT
2004,LOUISIANA,LA,22,72.0,45,US SENATE,statewide,gen,False,DAVID VITTER,REPUBLICAN,False,total,943014.0,1848056.0,False,20210114,REPUBLICAN
2004,LOUISIANA,LA,22,72.0,45,US SENATE,statewide,gen,False,JOHN KENNEDY,DEMOCRAT,False,total,275821.0,1848056.0,False,20210114,DEMOCRAT
2004,LOUISIANA,LA,22,72.0,45,US SENATE,statewide,gen,False,"R. A. ""SKIP"" GALAN",OTHER,False,total,12463.0,1848056.0,False,20210114,OTHER
2004,LOUISIANA,LA,22,72.0,45,US SENATE,statewide,gen,False,RICHARD M. FONTANESI,OTHER,False,total,15097.0,1848056.0,False,20210114,OTHER
2004,LOUISIANA,LA,22,72.0,45,US SENATE,statewide,gen,False,"SAM HOUSTON MELTON, JR.",DEMOCRAT,False,total,12289.0,1848056.0,False,20210114,DEMOCRAT
2004,MARYLAND,MD,24,52.0,52,US SENATE,statewide,gen,False,BARBARA A. MIKULSKI,DEMOCRAT,False,total,1504691.0,2321931.0,False,20210114,DEMOCRAT
2004,MARYLAND,MD,24,52.0,52,US SENATE,statewide,gen,False,E. J. PIPKIN,REPUBLICAN,False,total,783055.0,2321931.0,False,20210114,REPUBLICAN
2004,MARYLAND,MD,24,52.0,52,US SENATE,statewide,gen,False,MARIA ALLWINE,GREEN,False,total,24816.0,2321931.0,False,20210114,OTHER
2004,MARYLAND,MD,24,52.0,52,US SENATE,statewide,gen,False,THOMAS TRUMP,CONSTITUTION,False,total,9009.0,2321931.0,False,20210114,OTHER
2004,MARYLAND,MD,24,52.0,52,US SENATE,statewide,gen,False,,,True,total,47.0,2321931.0,False,20210114,OTHER
2004,MARYLAND,MD,24,52.0,52,US SENATE,statewide,gen,False,,,True,total,204.0,2321931.0,False,20210114,OTHER
2004,MARYLAND,MD,24,52.0,52,US SENATE,statewide,gen,False,,,True,total,109.0,2321931.0,False,20210114,OTHER
2004,MISSOURI,MO,29,43.0,34,US SENATE,statewide,gen,False,CHRISTOPHER S. BOND,REPUBLICAN,False,total,1518089.0,2706402.0,False,20210114,REPUBLICAN
2004,MISSOURI,MO,29,43.0,34,US SENATE,statewide,gen,False,DON GRIFFIN,CONSTITUTION,False,total,10404.0,2706402.0,False,20210114,OTHER
2004,MISSOURI,MO,29,43.0,34,US SENATE,statewide,gen,False,KEVIN TULL,LIBERTARIAN,False,total,19648.0,2706402.0,False,20210114,LIBERTARIAN
2004,MISSOURI,MO,29,43.0,34,US SENATE,statewide,gen,False,NANCY FARMER,DEMOCRAT,False,total,1158261.0,2706402.0,False,20210114,DEMOCRAT
2004,NEVADA,NV,32,88.0,65,US SENATE,statewide,gen,False,DAVID K. SCHUMANN,INDEPENDENT AMERICAN,False,total,6001.0,810068.0,False,20210114,OTHER
2004,NEVADA,NV,32,88.0,65,US SENATE,statewide,gen,False,GARY MARINCH,NATURAL LAW,False,total,2095.0,810068.0,False,20210114,OTHER
2004,NEVADA,NV,32,88.0,65,US SENATE,statewide,gen,False,HARRY REID,DEMOCRAT,False,total,494805.0,810068.0,False,20210114,DEMOCRAT
2004,NEVADA,NV,32,88.0,65,US SENATE,statewide,gen,False,OTHER,,False,total,12968.0,810068.0,False,20210114,OTHER
2004,NEVADA,NV,32,88.0,65,US SENATE,statewide,gen,False,RICHARD ZISER,REPUBLICAN,False,total,284640.0,810068.0,False,20210114,REPUBLICAN
2004,NEVADA,NV,32,88.0,65,US SENATE,statewide,gen,False,THOMAS L. HURST,LIBERTARIAN,False,total,9559.0,810068.0,False,20210114,LIBERTARIAN
2004,NEW HAMPSHIRE,NH,33,12.0,4,US SENATE,statewide,gen,False,BLANK VOTE/SCATTERING,,False,total,588.0,657086.0,False,20210114,OTHER
2004,NEW HAMPSHIRE,NH,33,12.0,4,US SENATE,statewide,gen,False,DORIS R. HADDOCK,DEMOCRAT,False,total,221549.0,657086.0,False,20210114,DEMOCRAT
2004,NEW HAMPSHIRE,NH,33,12.0,4,US SENATE,statewide,gen,False,JUDD GREGG,REPUBLICAN,False,total,434847.0,657086.0,False,20210114,REPUBLICAN
2004,NEW HAMPSHIRE,NH,33,12.0,4,US SENATE,statewide,gen,False,,,True,total,102.0,657086.0,False,20210114,OTHER
2004,NEW YORK,NY,36,21.0,13,US SENATE,statewide,gen,False,ABRAHAM HIRSCHFELD,BUILDERS,False,total,16196.0,7447818.0,False,20210114,OTHER
2004,NEW YORK,NY,36,21.0,13,US SENATE,statewide,gen,False,BLANK VOTE/SCATTERING,,False,total,744943.0,7447818.0,False,20210114,OTHER
2004,NEW YORK,NY,36,21.0,13,US SENATE,statewide,gen,False,CHARLES E. SCHUMER,INDEPENDENCE,False,total,216198.0,7447818.0,False,20210114,OTHER
2004,NEW YORK,NY,36,21.0,13,US SENATE,statewide,gen,False,CHARLES E. SCHUMER,WORKING FAMILIES,False,total,168719.0,7447818.0,False,20210114,OTHER
2004,NEW YORK,NY,36,21.0,13,US SENATE,statewide,gen,False,CHARLES E. SCHUMER,DEMOCRAT,False,total,4384907.0,7447818.0,False,20210114,DEMOCRAT
2004,NEW YORK,NY,36,21.0,13,US SENATE,statewide,gen,False,DAVID E. MCREYNOLDS,GREEN,False,total,36942.0,7447818.0,False,20210114,OTHER
2004,NEW YORK,NY,36,21.0,13,US SENATE,statewide,gen,False,DONALD SILBERGER,LIBERTARIAN,False,total,19073.0,7447818.0,False,20210114,LIBERTARIAN
2004,NEW YORK,NY,36,21.0,13,US SENATE,statewide,gen,False,HOWARD MILLS,REPUBLICAN,False,total,1625069.0,7447818.0,False,20210114,REPUBLICAN
2004,NEW YORK,NY,36,21.0,13,US SENATE,statewide,gen,False,MARILYN F. O'GRADY,CONSERVATIVE,False,total,220960.0,7447818.0,False,20210114,OTHER
2004,NEW YORK,NY,36,21.0,13,US SENATE,statewide,gen,False,MARTIN KOPPEL,SOCIALIST WORKERS,False,total,14811.0,7447818.0,False,20210114,OTHER
2004,NORTH CAROLINA,NC,37,56.0,47,US SENATE,statewide,gen,False,ERSKINE BOWLES,DEMOCRAT,False,total,1632527.0,3472082.0,False,20210114,DEMOCRAT
2004,NORTH CAROLINA,NC,37,56.0,47,US SENATE,statewide,gen,False,RICHARD BURR,REPUBLICAN,False,total,1791450.0,3472082.0,False,20210114,REPUBLICAN
2004,NORTH CAROLINA,NC,37,56.0,47,US SENATE,statewide,gen,False,TOM BAILEY,LIBERTARIAN,False,total,47743.0,3472082.0,False,20210114,LIBERTARIAN
2004,NORTH CAROLINA,NC,37,56.0,47,US SENATE,statewide,gen,False,,,True,total,362.0,3472082.0,False,20210114,OTHER
2004,NORTH DAKOTA,ND,38,44.0,36,US SENATE,statewide,gen,False,BYRON L. DORGAN,DEMOCRAT,False,total,212143.0,310696.0,False,20210114,DEMOCRAT
2004,NORTH DAKOTA,ND,38,44.0,36,US SENATE,statewide,gen,False,MIKE LIFFRIG,REPUBLICAN,False,total,98553.0,310696.0,False,20210114,REPUBLICAN
2004,OHIO,OH,39,31.0,24,US SENATE,statewide,gen,False,ERIC D. FINGERHUT,DEMOCRAT,False,total,1961171.0,5425823.0,False,20210114,DEMOCRAT
2004,OHIO,OH,39,31.0,24,US SENATE,statewide,gen,False,GEORGE V. VOINOVICH,REPUBLICAN,False,total,3464356.0,5425823.0,False,20210114,REPUBLICAN
2004,OHIO,OH,39,31.0,24,US SENATE,statewide,gen,False,,,True,total,296.0,5425823.0,False,20210114,OTHER
2004,OKLAHOMA,OK,40,73.0,53,US SENATE,statewide,gen,False,BRAD CARSON,DEMOCRAT,False,total,596750.0,1446846.0,False,20210114,DEMOCRAT
2004,OKLAHOMA,OK,40,73.0,53,US SENATE,statewide,gen,False,SHEILA BILYEU,INDEPENDENT,False,total,86663.0,1446846.0,False,20210114,OTHER
2004,OKLAHOMA,OK,40,73.0,53,US SENATE,statewide,gen,False,TOM COBURN,REPUBLICAN,False,total,763433.0,1446846.0,False,20210114,REPUBLICAN
2004,OREGON,OR,41,92.0,72,US SENATE,statewide,gen,False,AL KING,REPUBLICAN,False,total,565254.0,1780550.0,False,20210114,REPUBLICAN
2004,OREGON,OR,41,92.0,72,US SENATE,statewide,gen,False,DAN FITZGERALD,LIBERTARIAN,False,total,29582.0,1780550.0,False,20210114,LIBERTARIAN
2004,OREGON,OR,41,92.0,72,US SENATE,statewide,gen,False,DAVID BROWNLOW,CONSTITUTION,False,total,12397.0,1780550.0,False,20210114,OTHER
2004,OREGON,OR,41,92.0,72,US SENATE,statewide,gen,False,OTHER,,False,total,1536.0,1780550.0,False,20210114,OTHER
2004,OREGON,OR,41,92.0,72,US SENATE,statewide,gen,False,RON WYDEN,DEMOCRAT,False,total,1128728.0,1780550.0,False,20210114,DEMOCRAT
2004,OREGON,OR,41,92.0,72,US SENATE,statewide,gen,False,TERESA KEANE,PACIFIC GREEN,False,total,43053.0,1780550.0,False,20210114,OTHER
2004,PENNSYLVANIA,PA,42,23.0,14,US SENATE,statewide,gen,False,ARLEN SPECTER,REPUBLICAN,False,total,2925080.0,5559105.0,False,20210114,REPUBLICAN
2004,PENNSYLVANIA,PA,42,23.0,14,US SENATE,statewide,gen,False,BETSY SUMMER,LIBERTARIAN,False,total,79263.0,5559105.0,False,20210114,LIBERTARIAN
2004,PENNSYLVANIA,PA,42,23.0,14,US SENATE,statewide,gen,False,BLANK VOTE/SCATTERING,,False,total,580.0,5559105.0,False,20210114,OTHER
2004,PENNSYLVANIA,PA,42,23.0,14,US SENATE,statewide,gen,False,JAMES N. CLYMER,CONSTITUTION,False,total,220056.0,5559105.0,False,20210114,OTHER
2004,PENNSYLVANIA,PA,42,23.0,14,US SENATE,statewide,gen,False,JOSEPH M. HOEFFEL,DEMOCRAT,False,total,2334126.0,5559105.0,False,20210114,DEMOCRAT
2004,SOUTH CAROLINA,SC,45,57.0,48,US SENATE,statewide,gen,False,EFIA NWANGAZA,GREEN,False,total,4245.0,1597221.0,False,20210114,OTHER
2004,SOUTH CAROLINA,SC,45,57.0,48,US SENATE,statewide,gen,False,EFIA NWANGAZA,INDEPENDENCE,False,total,138.0,1597221.0,False,20210114,OTHER
2004,SOUTH CAROLINA,SC,45,57.0,48,US SENATE,statewide,gen,False,INEZ TENENBAUM,DEMOCRAT,False,total,704384.0,1597221.0,False,20210114,DEMOCRAT
2004,SOUTH CAROLINA,SC,45,57.0,48,US SENATE,statewide,gen,False,JIM DEMINT,REPUBLICAN,False,total,857167.0,1597221.0,False,20210114,REPUBLICAN
2004,SOUTH CAROLINA,SC,45,57.0,48,US SENATE,statewide,gen,False,PATRICK TYNDALL,CONSTITUTION,False,total,13464.0,1597221.0,False,20210114,OTHER
2004,SOUTH CAROLINA,SC,45,57.0,48,US SENATE,statewide,gen,False,REBEKAH E. SUTHERLAND,LIBERTARIAN,False,total,10678.0,1597221.0,False,20210114,LIBERTARIAN
2004,SOUTH CAROLINA,SC,45,57.0,48,US SENATE,statewide,gen,False,TEE FERGUSON,UNITED CITIZENS,False,total,5859.0,1597221.0,False,20210114,OTHER
2004,SOUTH CAROLINA,SC,45,57.0,48,US SENATE,statewide,gen,False,,,True,total,1286.0,1597221.0,False,20210114,OTHER
2004,SOUTH DAKOTA,SD,46,45.0,37,US SENATE,statewide,gen,False,JOHN THUNE,REPUBLICAN,False,total,197848.0,391188.0,False,20210114,REPUBLICAN
2004,SOUTH DAKOTA,SD,46,45.0,37,US SENATE,statewide,gen,False,TOM DASCHLE,DEMOCRAT,False,total,193340.0,391188.0,False,20210114,DEMOCRAT
2004,UTAH,UT,49,87.0,67,US SENATE,statewide,gen,False,GARY R. VAN HORN,CONSTITUTION,False,total,17289.0,911726.0,False,20210114,OTHER
2004,UTAH,UT,49,87.0,67,US SENATE,statewide,gen,False,R. PAUL VAN DAM,DEMOCRAT,False,total,258955.0,911726.0,False,20210114,DEMOCRAT
2004,UTAH,UT,49,87.0,67,US SENATE,statewide,gen,False,ROBERT F. BENNETT,REPUBLICAN,False,total,626640.0,911726.0,False,20210114,REPUBLICAN
2004,UTAH,UT,49,87.0,67,US SENATE,statewide,gen,False,,,True,total,18.0,911726.0,False,20210114,OTHER
2004,UTAH,UT,49,87.0,67,US SENATE,statewide,gen,False,,,True,total,8824.0,911726.0,False,20210114,OTHER
2004,VERMONT,VT,50,13.0,6,US SENATE,statewide,gen,False,BEN MITCHELL,LIBERTY UNION,False,total,879.0,307208.0,False,20210114,OTHER
2004,VERMONT,VT,50,13.0,6,US SENATE,statewide,gen,False,CRAIG HILL,VERMONT GREEN,False,total,3999.0,307208.0,False,20210114,OTHER
2004,VERMONT,VT,50,13.0,6,US SENATE,statewide,gen,False,CRIS ERICSON,MARIJUANA,False,total,6486.0,307208.0,False,20210114,OTHER
2004,VERMONT,VT,50,13.0,6,US SENATE,statewide,gen,False,JACK MCMULLEN,REPUBLICAN,False,total,75398.0,307208.0,False,20210114,REPUBLICAN
2004,VERMONT,VT,50,13.0,6,US SENATE,statewide,gen,False,KEITH STERN,INDEPENDENT,False,total,3300.0,307208.0,False,20210114,OTHER
2004,VERMONT,VT,50,13.0,6,US SENATE,statewide,gen,False,PATRICK J. LEAHY,DEMOCRAT,False,total,216972.0,307208.0,False,20210114,DEMOCRAT
2004,VERMONT,VT,50,13.0,6,US SENATE,statewide,gen,False,,,True,total,174.0,307208.0,False,20210114,OTHER
2004,WASHINGTON,WA,53,91.0,73,US SENATE,statewide,gen,False,GEORGE R. NETHERCUTT,REPUBLICAN,False,total,1204584.0,2818651.0,False,20210114,REPUBLICAN
2004,WASHINGTON,WA,53,91.0,73,US SENATE,statewide,gen,False,J. MILLS,LIBERTARIAN,False,total,34055.0,2818651.0,False,20210114,LIBERTARIAN
2004,WASHINGTON,WA,53,91.0,73,US SENATE,statewide,gen,False,MARK B. WILSON,GREEN,False,total,30304.0,2818651.0,False,20210114,OTHER
2004,WASHINGTON,WA,53,91.0,73,US SENATE,statewide,gen,False,PATTY MURRAY,DEMOCRAT,False,total,1549708.0,2818651.0,False,20210114,DEMOCRAT
2004,WISCONSIN,WI,55,35.0,25,US SENATE,statewide,gen,False,ARIF KHAN,LIBERTARIAN,False,total,8367.0,2949743.0,False,20210114,LIBERTARIAN
2004,WISCONSIN,WI,55,35.0,25,US SENATE,statewide,gen,False,BLANK VOTE/SCATTERING,,False,total,834.0,2949743.0,False,20210114,OTHER
2004,WISCONSIN,WI,55,35.0,25,US SENATE,statewide,gen,False,EUGENE A. HEM,INDEPENDENT,False,total,6662.0,2949743.0,False,20210114,OTHER
2004,WISCONSIN,WI,55,35.0,25,US SENATE,statewide,gen,False,RUSSEL D. FEINGOLD,DEMOCRAT,False,total,1632697.0,2949743.0,False,20210114,DEMOCRAT
2004,WISCONSIN,WI,55,35.0,25,US SENATE,statewide,gen,False,TIM MICHELS,REPUBLICAN,False,total,1301183.0,2949743.0,False,20210114,REPUBLICAN
2006,ARIZONA,AZ,4,86.0,61,US SENATE,statewide,gen,False,JIM PEDERSON,DEMOCRAT,False,total,664141.0,1526782.0,False,20210114,DEMOCRAT
2006,ARIZONA,AZ,4,86.0,61,US SENATE,statewide,gen,False,JON KYL,REPUBLICAN,False,total,814398.0,1526782.0,False,20210114,REPUBLICAN
2006,ARIZONA,AZ,4,86.0,61,US SENATE,statewide,gen,False,RICHARD MACK,LIBERTARIAN,False,total,48231.0,1526782.0,False,20210114,LIBERTARIAN
2006,ARIZONA,AZ,4,86.0,61,US SENATE,statewide,gen,False,,,True,total,12.0,1526782.0,False,20210114,OTHER
2006,CALIFORNIA,CA,6,93.0,71,US SENATE,statewide,gen,False,DIANNE FEINSTEIN,DEMOCRAT,False,total,5076289.0,8541476.0,False,20210114,DEMOCRAT
2006,CALIFORNIA,CA,6,93.0,71,US SENATE,statewide,gen,False,DON J. GRUNDMANN,INDEPENDENT,False,total,75350.0,8541476.0,False,20210114,OTHER
2006,CALIFORNIA,CA,6,93.0,71,US SENATE,statewide,gen,False,MARSHA FEINLAND,PEACE AND FREEDOM,False,total,117764.0,8541476.0,False,20210114,OTHER
2006,CALIFORNIA,CA,6,93.0,71,US SENATE,statewide,gen,False,MICHAEL S. METTI,LIBERTARIAN,False,total,133851.0,8541476.0,False,20210114,LIBERTARIAN
2006,CALIFORNIA,CA,6,93.0,71,US SENATE,statewide,gen,False,"RICHARD ""DICK"" MOUNTJOY",REPUBLICAN,False,total,2990822.0,8541476.0,False,20210114,REPUBLICAN
2006,CALIFORNIA,CA,6,93.0,71,US SENATE,statewide,gen,False,TODD CHRETIEN,GREEN,False,total,147074.0,8541476.0,False,20210114,OTHER
2006,CALIFORNIA,CA,6,93.0,71,US SENATE,statewide,gen,False,,,True,total,326.0,8541476.0,False,20210114,OTHER
2006,CONNECTICUT,CT,9,16.0,1,US SENATE,statewide,gen,False,ALAN SCHLESINGER,REPUBLICAN,False,total,109198.0,1134777.0,False,20210114,REPUBLICAN
2006,CONNECTICUT,CT,9,16.0,1,US SENATE,statewide,gen,False,JOSEPH I. LIEBERMAN,CONNECTICUT FOR LIEBERMAN,False,total,564095.0,1134777.0,False,20210114,OTHER
2006,CONNECTICUT,CT,9,16.0,1,US SENATE,statewide,gen,False,NED LAMONT,DEMOCRAT,False,total,450844.0,1134777.0,False,20210114,DEMOCRAT
2006,CONNECTICUT,CT,9,16.0,1,US SENATE,statewide,gen,False,RALPH A. FERRUCCI,GREEN,False,total,5922.0,1134777.0,False,20210114,OTHER
2006,CONNECTICUT,CT,9,16.0,1,US SENATE,statewide,gen,False,TIMOTHY A. KNIBBS,CONCERNED CITIZENS,False,total,4638.0,1134777.0,False,20210114,OTHER
2006,CONNECTICUT,CT,9,16.0,1,US SENATE,statewide,gen,False,,,True,total,80.0,1134777.0,False,20210114,OTHER
2006,DELAWARE,DE,10,51.0,11,US SENATE,statewide,gen,False,JAN TING,REPUBLICAN,False,total,69734.0,242972.0,False,20210114,REPUBLICAN
2006,DELAWARE,DE,10,51.0,11,US SENATE,statewide,gen,False,THOMAS R. CARPER,DEMOCRAT,False,total,170567.0,242972.0,False,20210114,DEMOCRAT
2006,DELAWARE,DE,10,51.0,11,US SENATE,statewide,gen,False,WILLIAM E. MORRIS,LIBERTARIAN,False,total,2671.0,242972.0,False,20210114,LIBERTARIAN
2006,FLORIDA,FL,12,59.0,43,US SENATE,statewide,gen,False,BELINDA NOAH,NONE,False,total,24880.0,4793534.0,False,20210114,OTHER
2006,FLORIDA,FL,12,59.0,43,US SENATE,statewide,gen,False,BILL NELSON,DEMOCRAT,False,total,2890548.0,4793534.0,False,20210114,DEMOCRAT
2006,FLORIDA,FL,12,59.0,43,US SENATE,statewide,gen,False,BRIAN MOORE,NONE,False,total,19695.0,4793534.0,False,20210114,OTHER
2006,FLORIDA,FL,12,59.0,43,US SENATE,statewide,gen,False,FLOYD RAY FRAZIER,NONE,False,total,16628.0,4793534.0,False,20210114,OTHER
2006,FLORIDA,FL,12,59.0,43,US SENATE,statewide,gen,False,KATHERINE HARRIS,REPUBLICAN,False,total,1826127.0,4793534.0,False,20210114,REPUBLICAN
2006,FLORIDA,FL,12,59.0,43,US SENATE,statewide,gen,False,ROY TANNER,NONE,False,total,15562.0,4793534.0,False,20210114,OTHER
2006,FLORIDA,FL,12,59.0,43,US SENATE,statewide,gen,False,,,True,total,16.0,4793534.0,False,20210114,OTHER
2006,FLORIDA,FL,12,59.0,43,US SENATE,statewide,gen,False,,,True,total,78.0,4793534.0,False,20210114,OTHER
2006,HAWAII,HI,15,95.0,82,US SENATE,statewide,gen,False,CYNTHIA THIELEN,REPUBLICAN,False,total,126097.0,342842.0,False,20210114,REPUBLICAN
2006,HAWAII,HI,15,95.0,82,US SENATE,statewide,gen,False,DANIEL K. AKAKA,DEMOCRAT,False,total,210330.0,342842.0,False,20210114,DEMOCRAT
2006,HAWAII,HI,15,95.0,82,US SENATE,statewide,gen,False,LLOYD JEFFREY MALLAN,LIBERTARIAN,False,total,6415.0,342842.0,False,20210114,LIBERTARIAN
2006,INDIANA,IN,18,32.0,22,US SENATE,statewide,gen,False,RICHARD G. LUGAR,REPUBLICAN,False,total,1171553.0,1341111.0,False,20210114,REPUBLICAN
2006,INDIANA,IN,18,32.0,22,US SENATE,statewide,gen,False,STEVE OSBORN,LIBERTARIAN,False,total,168820.0,1341111.0,False,20210114,LIBERTARIAN
2006,INDIANA,IN,18,32.0,22,US SENATE,statewide,gen,False,,,True,total,294.0,1341111.0,False,20210114,OTHER
2006,INDIANA,IN,18,32.0,22,US SENATE,statewide,gen,False,,,True,total,444.0,1341111.0,False,20210114,OTHER
2006,MAINE,ME,23,11.0,2,US SENATE,statewide,gen,False,JEAN M. HAY BRIGHT,DEMOCRAT,False,total,113131.0,545128.0,False,20210114,DEMOCRAT
2006,MAINE,ME,23,11.0,2,US SENATE,statewide,gen,False,OLYMPIA J. SNOWE,REPUBLICAN,False,total,405596.0,545128.0,False,20210114,REPUBLICAN
2006,MAINE,ME,23,11.0,2,US SENATE,statewide,gen,False,OTHER,,False,total,179.0,545128.0,False,20210114,OTHER
2006,MAINE,ME,23,11.0,2,US SENATE,statewide,gen,False,WILLIAM H. SLAVICK,INDEPENDENT,False,total,26222.0,545128.0,False,20210114,OTHER
2006,MARYLAND,MD,24,52.0,52,US SENATE,statewide,gen,False,BENJAMIN L. CARDIN,DEMOCRAT,False,total,965477.0,1781139.0,False,20210114,DEMOCRAT
2006,MARYLAND,MD,24,52.0,52,US SENATE,statewide,gen,False,KEVIN ZEESE,GREEN,False,total,27564.0,1781139.0,False,20210114,OTHER
2006,MARYLAND,MD,24,52.0,52,US SENATE,statewide,gen,False,MICHAEL S. STEELE,REPUBLICAN,False,total,787182.0,1781139.0,False,20210114,REPUBLICAN
2006,MARYLAND,MD,24,52.0,52,US SENATE,statewide,gen,False,,,True,total,120.0,1781139.0,False,20210114,OTHER
2006,MARYLAND,MD,24,52.0,52,US SENATE,statewide,gen,False,,,True,total,796.0,1781139.0,False,20210114,OTHER
2006,MASSACHUSETTS,MA,25,14.0,3,US SENATE,statewide,gen,False,BLANK VOTE/SCATTERING,,False,total,78345.0,2243835.0,False,20210114,OTHER
2006,MASSACHUSETTS,MA,25,14.0,3,US SENATE,statewide,gen,False,EDWARD M. KENNEDY,DEMOCRAT,False,total,1500738.0,2243835.0,False,20210114,DEMOCRAT
2006,MASSACHUSETTS,MA,25,14.0,3,US SENATE,statewide,gen,False,KENNETH G. CHASE,REPUBLICAN,False,total,661532.0,2243835.0,False,20210114,REPUBLICAN
2006,MASSACHUSETTS,MA,25,14.0,3,US SENATE,statewide,gen,False,OTHER,,False,total,3220.0,2243835.0,False,20210114,OTHER
2006,MICHIGAN,MI,26,34.0,23,US SENATE,statewide,gen,False,DAVID SOLE,GREEN,False,total,23890.0,3780142.0,False,20210114,OTHER
2006,MICHIGAN,MI,26,34.0,23,US SENATE,statewide,gen,False,DEBBIE STABENOW,DEMOCRAT,False,total,2151278.0,3780142.0,False,20210114,DEMOCRAT
2006,MICHIGAN,MI,26,34.0,23,US SENATE,statewide,gen,False,LEONARD SCHWARTZ,LIBERTARIAN,False,total,27012.0,3780142.0,False,20210114,LIBERTARIAN
2006,MICHIGAN,MI,26,34.0,23,US SENATE,statewide,gen,False,MICHAEL BOUCHARD,REPUBLICAN,False,total,1559597.0,3780142.0,False,20210114,REPUBLICAN
2006,MICHIGAN,MI,26,34.0,23,US SENATE,statewide,gen,False,W. DENNIS FITZSIMONS,U.S. TAXPAYERS,False,total,18341.0,3780142.0,False,20210114,OTHER
2006,MICHIGAN,MI,26,34.0,23,US SENATE,statewide,gen,False,,,True,total,24.0,3780142.0,False,20210114,OTHER
2006,MINNESOTA,MN,27,41.0,33,US SENATE,statewide,gen,False,AMY KLOBUCHAR,DEMOCRATIC-FARMER-LABOR,False,total,1278849.0,2202772.0,False,20210114,DEMOCRAT
2006,MINNESOTA,MN,27,41.0,33,US SENATE,statewide,gen,False,BEN POWERS,CONSTITUTION,False,total,5408.0,2202772.0,False,20210114,OTHER
2006,MINNESOTA,MN,27,41.0,33,US SENATE,statewide,gen,False,MARK R. KENNEDY,REPUBLICAN,False,total,835653.0,2202772.0,False,20210114,REPUBLICAN
2006,MINNESOTA,MN,27,41.0,33,US SENATE,statewide,gen,False,MICHAEL JAMES CAVLAN,GREEN,False,total,10714.0,2202772.0,False,20210114,OTHER
2006,MINNESOTA,MN,27,41.0,33,US SENATE,statewide,gen,False,ROBERT FITZGERALD,INDEPENDENCE,False,total,71194.0,2202772.0,False,20210114,OTHER
2006,MINNESOTA,MN,27,41.0,33,US SENATE,statewide,gen,False,,,True,total,954.0,2202772.0,False,20210114,OTHER
2006,MISSISSIPPI,MS,28,64.0,46,US SENATE,statewide,gen,False,ERIK R. FLEMING,DEMOCRAT,False,total,213000.0,610921.0,False,20210114,DEMOCRAT
2006,MISSISSIPPI,MS,28,64.0,46,US SENATE,statewide,gen,False,HAROLD M. TAYLOR,LIBERTARIAN,False,total,9522.0,610921.0,False,20210114,LIBERTARIAN
2006,MISSISSIPPI,MS,28,64.0,46,US SENATE,statewide,gen,False,TRENT LOTT,REPUBLICAN,False,total,388399.0,610921.0,False,20210114,REPUBLICAN
2006,MISSOURI,MO,29,43.0,34,US SENATE,statewide,gen,False,CLAIRE MCCASKILL,DEMOCRAT,False,total,1055255.0,2128459.0,False,20210114,DEMOCRAT
2006,MISSOURI,MO,29,43.0,34,US SENATE,statewide,gen,False,FRANK GILMOUR,LIBERTARIAN,False,total,47792.0,2128459.0,False,20210114,LIBERTARIAN
2006,MISSOURI,MO,29,43.0,34,US SENATE,statewide,gen,False,JAMES M. TALENT,REPUBLICAN,False,total,1006941.0,2128459.0,False,20210114,REPUBLICAN
2006,MISSOURI,MO,29,43.0,34,US SENATE,statewide,gen,False,LYDIA LEWIS,PROGRESSIVE,False,total,18383.0,2128459.0,False,20210114,OTHER
2006,MISSOURI,MO,29,43.0,34,US SENATE,statewide,gen,False,,,True,total,88.0,2128459.0,False,20210114,OTHER
2006,MONTANA,MT,30,81.0,64,US SENATE,statewide,gen,False,CONRAD BURNS,REPUBLICAN,False,total,196283.0,406505.0,False,20210114,REPUBLICAN
2006,MONTANA,MT,30,81.0,64,US SENATE,statewide,gen,False,JON TESTER,DEMOCRAT,False,total,199845.0,406505.0,False,20210114,DEMOCRAT
2006,MONTANA,MT,30,81.0,64,US SENATE,statewide,gen,False,STAN JONES,LIBERTARIAN,False,total,10377.0,406505.0,False,20210114,LIBERTARIAN
2006,NEBRASKA,NE,31,46.0,35,US SENATE,statewide,gen,False,E. BENJAMIN NELSON,DEMOCRAT,False,total,378388.0,592316.0,False,20210114,DEMOCRAT
2006,NEBRASKA,NE,31,46.0,35,US SENATE,statewide,gen,False,PETE RICKETTS,REPUBLICAN,False,total,213928.0,592316.0,False,20210114,REPUBLICAN
2006,NEVADA,NV,32,88.0,65,US SENATE,statewide,gen,False,BRENDAN TRAINOR,LIBERTARIAN,False,total,5269.0,582572.0,False,20210114,LIBERTARIAN
2006,NEVADA,NV,32,88.0,65,US SENATE,statewide,gen,False,DAVID K. SCHUMANN,INDEPENDENT,False,total,7774.0,582572.0,False,20210114,OTHER
2006,NEVADA,NV,32,88.0,65,US SENATE,statewide,gen,False,JACK CARTER,DEMOCRAT,False,total,238796.0,582572.0,False,20210114,DEMOCRAT
2006,NEVADA,NV,32,88.0,65,US SENATE,statewide,gen,False,JOHN ENSIGN,REPUBLICAN,False,total,322501.0,582572.0,False,20210114,REPUBLICAN
2006,NEVADA,NV,32,88.0,65,US SENATE,statewide,gen,False,OTHER,,False,total,8232.0,582572.0,False,20210114,OTHER
2006,NEW JERSEY,NJ,34,22.0,12,US SENATE,statewide,gen,False,ANGELA L. LARISCY,SOCIALIST WORKERS,False,total,3433.0,2250070.0,False,20210114,OTHER
2006,NEW JERSEY,NJ,34,22.0,12,US SENATE,statewide,gen,False,DARYL MIKELL BROOKS,POOR PEOPLEǐS CAMPAIGN,False,total,5138.0,2250070.0,False,20210114,OTHER
2006,NEW JERSEY,NJ,34,22.0,12,US SENATE,statewide,gen,False,EDWARD FORCHION,LEGALIZE MARIJUANA (G.R.I.P.),False,total,11593.0,2250070.0,False,20210114,OTHER
2006,NEW JERSEY,NJ,34,22.0,12,US SENATE,statewide,gen,False,GREGORY PASON,SOCIALIST PARTY USA,False,total,2490.0,2250070.0,False,20210114,OTHER
2006,NEW JERSEY,NJ,34,22.0,12,US SENATE,statewide,gen,False,J. M. CARTER,GOD WE TRUST,False,total,7918.0,2250070.0,False,20210114,OTHER
2006,NEW JERSEY,NJ,34,22.0,12,US SENATE,statewide,gen,False,LEN FLYNN,LIBERTARIAN,False,total,14637.0,2250070.0,False,20210114,LIBERTARIAN
2006,NEW JERSEY,NJ,34,22.0,12,US SENATE,statewide,gen,False,N. LEONARD SMITH,SOLIDARITY,False,total,6243.0,2250070.0,False,20210114,OTHER
2006,NEW JERSEY,NJ,34,22.0,12,US SENATE,statewide,gen,False,ROBERT MENENDEZ,DEMOCRAT,False,total,1200843.0,2250070.0,False,20210114,DEMOCRAT
2006,NEW JERSEY,NJ,34,22.0,12,US SENATE,statewide,gen,False,"THOMAS H. KEAN, JR.",REPUBLICAN,False,total,997775.0,2250070.0,False,20210114,REPUBLICAN
2006,NEW MEXICO,NM,35,85.0,66,US SENATE,statewide,gen,False,ALLEN W. MCCULLOCH,REPUBLICAN,False,total,163826.0,558550.0,False,20210114,REPUBLICAN
2006,NEW MEXICO,NM,35,85.0,66,US SENATE,statewide,gen,False,JEFF BINGAMAN,DEMOCRAT,False,total,394365.0,558550.0,False,20210114,DEMOCRAT
2006,NEW MEXICO,NM,35,85.0,66,US SENATE,statewide,gen,False,,,True,total,359.0,558550.0,False,20210114,OTHER
2006,NEW YORK,NY,36,21.0,13,US SENATE,statewide,gen,False,BLANK VOTE/SCATTERING,,False,total,210579.0,4700632.0,False,20210114,OTHER
2006,NEW YORK,NY,36,21.0,13,US SENATE,statewide,gen,False,HILLARY RODHAM CLINTON,INDEPENDENCE,False,total,160705.0,4700632.0,False,20210114,OTHER
2006,NEW YORK,NY,36,21.0,13,US SENATE,statewide,gen,False,HILLARY RODHAM CLINTON,WORKING FAMILIES,False,total,148792.0,4700632.0,False,20210114,OTHER
2006,NEW YORK,NY,36,21.0,13,US SENATE,statewide,gen,False,HILLARY RODHAM CLINTON,DEMOCRAT,False,total,2698931.0,4700632.0,False,20210114,DEMOCRAT
2006,NEW YORK,NY,36,21.0,13,US SENATE,statewide,gen,False,HOWIE HAWKINS,GREEN,False,total,55469.0,4700632.0,False,20210114,OTHER
2006,NEW YORK,NY,36,21.0,13,US SENATE,statewide,gen,False,JEFFREY T. RUSSELL,LIBERTARIAN,False,total,20996.0,4700632.0,False,20210114,LIBERTARIAN
2006,NEW YORK,NY,36,21.0,13,US SENATE,statewide,gen,False,JOHN SPENCER,REPUBLICAN,False,total,1212902.0,4700632.0,False,20210114,REPUBLICAN
2006,NEW YORK,NY,36,21.0,13,US SENATE,statewide,gen,False,JOHN SPENCER,CONSERVATIVE,False,total,179287.0,4700632.0,False,20210114,OTHER
2006,NEW YORK,NY,36,21.0,13,US SENATE,statewide,gen,False,ROGER CALERO,SOCIALIST WORKERS,False,total,6967.0,4700632.0,False,20210114,OTHER
2006,NEW YORK,NY,36,21.0,13,US SENATE,statewide,gen,False,WILLIAM VAN AUKEN,SOCIALIST EQUALITY,False,total,6004.0,4700632.0,False,20210114,OTHER
2006,NORTH DAKOTA,ND,38,44.0,36,US SENATE,statewide,gen,False,DWIGHT GROTBERG,REPUBLICAN,False,total,64417.0,218152.0,False,20210114,REPUBLICAN
2006,NORTH DAKOTA,ND,38,44.0,36,US SENATE,statewide,gen,False,JAMES GERMALIC,INDEPENDENT,False,total,1395.0,218152.0,False,20210114,OTHER
2006,NORTH DAKOTA,ND,38,44.0,36,US SENATE,statewide,gen,False,KENT CONRAD,DEMOCRAT,False,total,150146.0,218152.0,False,20210114,DEMOCRAT
2006,NORTH DAKOTA,ND,38,44.0,36,US SENATE,statewide,gen,False,ROLAND RIEMERS,INDEPENDENT,False,total,2194.0,218152.0,False,20210114,OTHER
2006,OHIO,OH,39,31.0,24,US SENATE,statewide,gen,False,MIKE DEWINE,REPUBLICAN,False,total,1761037.0,4019236.0,False,20210114,REPUBLICAN
2006,OHIO,OH,39,31.0,24,US SENATE,statewide,gen,False,SHERROD BROWN,DEMOCRAT,False,total,2257369.0,4019236.0,False,20210114,DEMOCRAT
2006,OHIO,OH,39,31.0,24,US SENATE,statewide,gen,False,,,True,total,830.0,4019236.0,False,20210114,OTHER
2006,PENNSYLVANIA,PA,42,23.0,14,US SENATE,statewide,gen,False,"BOB CASEY, JR.",DEMOCRAT,False,total,2392984.0,4081043.0,False,20210114,DEMOCRAT
2006,PENNSYLVANIA,PA,42,23.0,14,US SENATE,statewide,gen,False,RICK SANTORUM,REPUBLICAN,False,total,1684778.0,4081043.0,False,20210114,REPUBLICAN
2006,PENNSYLVANIA,PA,42,23.0,14,US SENATE,statewide,gen,False,,,True,total,3281.0,4081043.0,False,20210114,OTHER
2006,RHODE ISLAND,RI,44,15.0,5,US SENATE,statewide,gen,False,LINCOLN CHAFEE,REPUBLICAN,False,total,178950.0,384993.0,False,20210114,REPUBLICAN
2006,RHODE ISLAND,RI,44,15.0,5,US SENATE,statewide,gen,False,SHELDON WHITEHOUSE,DEMOCRAT,False,total,206043.0,384993.0,False,20210114,DEMOCRAT
2006,TENNESSEE,TN,47,62.0,54,US SENATE,statewide,gen,False,BOB CORKER,REPUBLICAN,False,total,929911.0,1833695.0,False,20210114,REPUBLICAN
2006,TENNESSEE,TN,47,62.0,54,US SENATE,statewide,gen,False,CHRISTOPHER JOSEPH LUGO,INDEPENDENT,False,total,2589.0,1833695.0,False,20210114,OTHER
2006,TENNESSEE,TN,47,62.0,54,US SENATE,statewide,gen,False,DAVID GATCHELL,INDEPENDENT,False,total,3746.0,1833695.0,False,20210114,OTHER
2006,TENNESSEE,TN,47,62.0,54,US SENATE,statewide,gen,False,ED CHOATE,INDEPENDENT,False,total,10831.0,1833695.0,False,20210114,OTHER
2006,TENNESSEE,TN,47,62.0,54,US SENATE,statewide,gen,False,EMORY �_Ǌ�_ǊBO�_ǐ�_ǐ HEYWARD,INDEPENDENT,False,total,3580.0,1833695.0,False,20210114,OTHER
2006,TENNESSEE,TN,47,62.0,54,US SENATE,statewide,gen,False,GARY KEPLINGER,INDEPENDENT,False,total,3033.0,1833695.0,False,20210114,OTHER
2006,TENNESSEE,TN,47,62.0,54,US SENATE,statewide,gen,False,GLORIA D. REAGON PRICE,INDEPENDENT,False,total,1.0,1833695.0,False,20210114,OTHER
2006,TENNESSEE,TN,47,62.0,54,US SENATE,statewide,gen,False,"HAROLD E. FORD, JR.",DEMOCRAT,False,total,879976.0,1833695.0,False,20210114,DEMOCRAT
2006,TENNESSEE,TN,47,62.0,54,US SENATE,statewide,gen,False,JAMES ANTHONY GRAY,INDEPENDENT,False,total,14.0,1833695.0,False,20210114,OTHER
2006,TENNESSEE,TN,47,62.0,54,US SENATE,statewide,gen,False,JOHN JAY HOOKER,INDEPENDENT,False,total,13.0,1833695.0,False,20210114,OTHER
2006,TENNESSEE,TN,47,62.0,54,US SENATE,statewide,gen,False,MARY TAYLOR SHELBY,INDEPENDENT,False,total,1.0,1833695.0,False,20210114,OTHER
2006,TEXAS,TX,48,74.0,49,US SENATE,statewide,gen,False,BARBARA ANN RADNOFSKY,DEMOCRAT,False,total,1555202.0,4314663.0,False,20210114,DEMOCRAT
2006,TEXAS,TX,48,74.0,49,US SENATE,statewide,gen,False,KAY BAILEY HUTCHISON,REPUBLICAN,False,total,2661789.0,4314663.0,False,20210114,REPUBLICAN
2006,TEXAS,TX,48,74.0,49,US SENATE,statewide,gen,False,SCOTT LANIER JAMESON,LIBERTARIAN,False,total,97672.0,4314663.0,False,20210114,LIBERTARIAN
2006,UTAH,UT,49,87.0,67,US SENATE,statewide,gen,False,DAVID STARR SEELY,LIBERTARIAN,False,total,4428.0,571252.0,False,20210114,LIBERTARIAN
2006,UTAH,UT,49,87.0,67,US SENATE,statewide,gen,False,JULIAN HATCH,DESERT GREENS,False,total,2512.0,571252.0,False,20210114,OTHER
2006,UTAH,UT,49,87.0,67,US SENATE,statewide,gen,False,ORRIN G. HATCH,REPUBLICAN,False,total,356238.0,571252.0,False,20210114,REPUBLICAN
2006,UTAH,UT,49,87.0,67,US SENATE,statewide,gen,False,PETE ASHDOWN,DEMOCRAT,False,total,177459.0,571252.0,False,20210114,DEMOCRAT
2006,UTAH,UT,49,87.0,67,US SENATE,statewide,gen,False,ROGER I. PRICE,PERSONAL CHOICE,False,total,9089.0,571252.0,False,20210114,OTHER
2006,UTAH,UT,49,87.0,67,US SENATE,statewide,gen,False,SCOTT N. BRADLEY,CONSTITUTION,False,total,21526.0,571252.0,False,20210114,OTHER
2006,VERMONT,VT,50,13.0,6,US SENATE,statewide,gen,False,BERNARD SANDERS,INDEPENDENT,False,total,171638.0,262419.0,False,20210114,OTHER
2006,VERMONT,VT,50,13.0,6,US SENATE,statewide,gen,False,CRAIG HILL,GREEN,False,total,1536.0,262419.0,False,20210114,OTHER
2006,VERMONT,VT,50,13.0,6,US SENATE,statewide,gen,False,CRIS ERICSON,INDEPENDENT,False,total,1735.0,262419.0,False,20210114,OTHER
2006,VERMONT,VT,50,13.0,6,US SENATE,statewide,gen,False,PETE DIAMONDSTONE,LIBERTY UNION,False,total,801.0,262419.0,False,20210114,OTHER
2006,VERMONT,VT,50,13.0,6,US SENATE,statewide,gen,False,PETER MOSS,ANTI-BUSHIST CANDIDATE,False,total,1518.0,262419.0,False,20210114,OTHER
2006,VERMONT,VT,50,13.0,6,US SENATE,statewide,gen,False,RICH TARRANT,REPUBLICAN,False,total,84924.0,262419.0,False,20210114,REPUBLICAN
2006,VERMONT,VT,50,13.0,6,US SENATE,statewide,gen,False,,,True,total,267.0,262419.0,False,20210114,OTHER
2006,VIRGINIA,VA,51,54.0,40,US SENATE,statewide,gen,False,GEORGE ALLEN,REPUBLICAN,False,total,1166277.0,2370445.0,False,20210114,REPUBLICAN
2006,VIRGINIA,VA,51,54.0,40,US SENATE,statewide,gen,False,GLENDA GAIL PARKER,INDEPENDENT GREEN,False,total,26102.0,2370445.0,False,20210114,OTHER
2006,VIRGINIA,VA,51,54.0,40,US SENATE,statewide,gen,False,"JAMES H. ""JIM"" WEBB, JR.",DEMOCRAT,False,total,1175606.0,2370445.0,False,20210114,DEMOCRAT
2006,VIRGINIA,VA,51,54.0,40,US SENATE,statewide,gen,False,,,True,total,2460.0,2370445.0,False,20210114,OTHER
2006,WASHINGTON,WA,53,91.0,73,US SENATE,statewide,gen,False,AARON DIXON,GREEN,False,total,21254.0,2083734.0,False,20210114,OTHER
2006,WASHINGTON,WA,53,91.0,73,US SENATE,statewide,gen,False,BRUCE GUTHRIE,LIBERTARIAN,False,total,29331.0,2083734.0,False,20210114,LIBERTARIAN
2006,WASHINGTON,WA,53,91.0,73,US SENATE,statewide,gen,False,MARIA CANTWELL,DEMOCRAT,False,total,1184659.0,2083734.0,False,20210114,DEMOCRAT
2006,WASHINGTON,WA,53,91.0,73,US SENATE,statewide,gen,False,MIKE MCGAVICK,REPUBLICAN,False,total,832106.0,2083734.0,False,20210114,REPUBLICAN
2006,WASHINGTON,WA,53,91.0,73,US SENATE,statewide,gen,False,ROBIN ADAIR,INDEPENDENT,False,total,16384.0,2083734.0,False,20210114,OTHER
2006,WEST VIRGINIA,WV,54,55.0,56,US SENATE,statewide,gen,False,JOHN R. RAESE,REPUBLICAN,False,total,47408.0,206562.0,False,20210114,REPUBLICAN
2006,WEST VIRGINIA,WV,54,55.0,56,US SENATE,statewide,gen,False,ROBERT C. BYRD,DEMOCRAT,False,total,159154.0,206562.0,False,20210114,DEMOCRAT
2006,WISCONSIN,WI,55,35.0,25,US SENATE,statewide,gen,False,BEN J. GLATZEL,INDEPENDENT,False,total,25096.0,2138297.0,False,20210114,OTHER
2006,WISCONSIN,WI,55,35.0,25,US SENATE,statewide,gen,False,HERB KOHL,DEMOCRAT,False,total,1439214.0,2138297.0,False,20210114,DEMOCRAT
2006,WISCONSIN,WI,55,35.0,25,US SENATE,statewide,gen,False,RAE VOGELER,WISCONSIN GREEN,False,total,42434.0,2138297.0,False,20210114,OTHER
2006,WISCONSIN,WI,55,35.0,25,US SENATE,statewide,gen,False,ROBERT GERALD LORGE,REPUBLICAN,False,total,630299.0,2138297.0,False,20210114,REPUBLICAN
2006,WISCONSIN,WI,55,35.0,25,US SENATE,statewide,gen,False,SCATTER,,False,total,1254.0,2138297.0,False,20210114,OTHER
2006,WYOMING,WY,56,83.0,68,US SENATE,statewide,gen,False,BLANK VOTE,,False,total,3019.0,196215.0,False,20210114,OTHER
2006,WYOMING,WY,56,83.0,68,US SENATE,statewide,gen,False,CRAIG THOMAS,REPUBLICAN,False,total,135174.0,196215.0,False,20210114,REPUBLICAN
2006,WYOMING,WY,56,83.0,68,US SENATE,statewide,gen,False,DALE GROUTAGE,DEMOCRAT,False,total,57671.0,196215.0,False,20210114,DEMOCRAT
2006,WYOMING,WY,56,83.0,68,US SENATE,statewide,gen,False,OVER VOTE,,False,total,60.0,196215.0,False,20210114,OTHER
2006,WYOMING,WY,56,83.0,68,US SENATE,statewide,gen,False,,,True,total,291.0,196215.0,False,20210114,OTHER
2008,ALABAMA,AL,1,63.0,41,US SENATE,statewide,gen,False,JEFF SESSIONS,REPUBLICAN,False,total,1305383.0,2060191.0,False,20210114,REPUBLICAN
2008,ALABAMA,AL,1,63.0,41,US SENATE,statewide,gen,False,VIVIAN DAVIS FIGURES,DEMOCRAT,False,total,752391.0,2060191.0,False,20210114,DEMOCRAT
2008,ALABAMA,AL,1,63.0,41,US SENATE,statewide,gen,False,,,True,total,2417.0,2060191.0,False,20210114,OTHER
2008,ALASKA,AK,2,94.0,81,US SENATE,statewide,gen,False,BOB BIRD,ALASKAN INDEPENDENCE,False,total,13197.0,317723.0,False,20210114,OTHER
2008,ALASKA,AK,2,94.0,81,US SENATE,statewide,gen,False,"FREDRICK D. ""DAVID"" HAASE",LIBERTARIAN,False,total,2483.0,317723.0,False,20210114,LIBERTARIAN
2008,ALASKA,AK,2,94.0,81,US SENATE,statewide,gen,False,MARK BEGICH,DEMOCRAT,False,total,151767.0,317723.0,False,20210114,DEMOCRAT
2008,ALASKA,AK,2,94.0,81,US SENATE,statewide,gen,False,TED GIANOUTSOS,NO PARTY AFFILIATION,False,total,1385.0,317723.0,False,20210114,OTHER
2008,ALASKA,AK,2,94.0,81,US SENATE,statewide,gen,False,TED STEVENS,REPUBLICAN,False,total,147814.0,317723.0,False,20210114,REPUBLICAN
2008,ALASKA,AK,2,94.0,81,US SENATE,statewide,gen,False,,,True,total,1077.0,317723.0,False,20210114,OTHER
2008,ARKANSAS,AR,5,71.0,42,US SENATE,statewide,gen,False,MARK L. PRYOR,DEMOCRAT,False,total,804678.0,1011754.0,False,20210114,DEMOCRAT
2008,ARKANSAS,AR,5,71.0,42,US SENATE,statewide,gen,False,REBEKAH KENNEDY,GREEN,False,total,207076.0,1011754.0,False,20210114,OTHER
2008,COLORADO,CO,8,84.0,62,US SENATE,statewide,gen,False,BOB KINSEY,GREEN,False,total,50004.0,2331621.0,False,20210114,OTHER
2008,COLORADO,CO,8,84.0,62,US SENATE,statewide,gen,False,BOB SCHAFFER,REPUBLICAN,False,total,990755.0,2331621.0,False,20210114,REPUBLICAN
2008,COLORADO,CO,8,84.0,62,US SENATE,statewide,gen,False,"DOUGLAS ""DAYHORSE"" CAMPBELL",AMERICAN CONSTITUTION PARTY,False,total,59733.0,2331621.0,False,20210114,OTHER
2008,COLORADO,CO,8,84.0,62,US SENATE,statewide,gen,False,MARK UDALL,DEMOCRAT,False,total,1230994.0,2331621.0,False,20210114,DEMOCRAT
2008,COLORADO,CO,8,84.0,62,US SENATE,statewide,gen,False,,,True,total,9.0,2331621.0,False,20210114,OTHER
2008,COLORADO,CO,8,84.0,62,US SENATE,statewide,gen,False,,,True,total,116.0,2331621.0,False,20210114,OTHER
2008,COLORADO,CO,8,84.0,62,US SENATE,statewide,gen,False,,,True,total,10.0,2331621.0,False,20210114,OTHER
2008,DELAWARE,DE,10,51.0,11,US SENATE,statewide,gen,False,CHRISTINE O'DONNELL,REPUBLICAN,False,total,140595.0,398134.0,False,20210114,REPUBLICAN
2008,DELAWARE,DE,10,51.0,11,US SENATE,statewide,gen,False,JOSEPH R. BIDEN JR.,DEMOCRAT,False,total,257539.0,398134.0,False,20210114,DEMOCRAT
2008,GEORGIA,GA,13,58.0,44,US SENATE,statewide,pre,False,ALLEN BUCKLEY,LIBERTARIAN,False,total,127923.0,3752485.0,False,20210114,LIBERTARIAN
2008,GEORGIA,GA,13,58.0,44,US SENATE,statewide,gen,False,JIM MARTIN,DEMOCRAT,False,total,909923.0,2137956.0,False,20210114,DEMOCRAT
2008,GEORGIA,GA,13,58.0,44,US SENATE,statewide,pre,False,JIM MARTIN,DEMOCRAT,False,total,1757393.0,3752485.0,False,20210114,DEMOCRAT
2008,GEORGIA,GA,13,58.0,44,US SENATE,statewide,gen,False,SAXBY CHAMBLISS,REPUBLICAN,False,total,1228033.0,2137956.0,False,20210114,REPUBLICAN
2008,GEORGIA,GA,13,58.0,44,US SENATE,statewide,pre,False,SAXBY CHAMBLISS,REPUBLICAN,False,total,1867097.0,3752485.0,False,20210114,REPUBLICAN
2008,GEORGIA,GA,13,58.0,44,US SENATE,statewide,pre,False,,,True,total,29.0,3752485.0,False,20210114,OTHER
2008,GEORGIA,GA,13,58.0,44,US SENATE,statewide,pre,False,,,True,total,43.0,3752485.0,False,20210114,OTHER
2008,IDAHO,ID,16,82.0,63,US SENATE,statewide,gen,False,JIM RISCH,REPUBLICAN,False,total,371744.0,644780.0,False,20210114,REPUBLICAN
2008,IDAHO,ID,16,82.0,63,US SENATE,statewide,gen,False,KENT A. MARMON,LIBERTARIAN,False,total,9958.0,644780.0,False,20210114,LIBERTARIAN
2008,IDAHO,ID,16,82.0,63,US SENATE,statewide,gen,False,LARRY LAROCCO,DEMOCRAT,False,total,219903.0,644780.0,False,20210114,DEMOCRAT
2008,IDAHO,ID,16,82.0,63,US SENATE,statewide,gen,False,PRO-LIFE,INDEPENDENT,False,total,8662.0,644780.0,False,20210114,OTHER
2008,IDAHO,ID,16,82.0,63,US SENATE,statewide,gen,False,REX RAMMELL,INDEPENDENT,False,total,34510.0,644780.0,False,20210114,OTHER
2008,IDAHO,ID,16,82.0,63,US SENATE,statewide,gen,False,,,True,total,3.0,644780.0,False,20210114,OTHER
2008,ILLINOIS,IL,17,33.0,21,US SENATE,statewide,gen,False,CHAD N. KOPPIE,CONSTITUTION,False,total,24059.0,5329884.0,False,20210114,OTHER
2008,ILLINOIS,IL,17,33.0,21,US SENATE,statewide,gen,False,KATHY CUMMINGS,GREEN,False,total,119135.0,5329884.0,False,20210114,OTHER
2008,ILLINOIS,IL,17,33.0,21,US SENATE,statewide,gen,False,LARRY A. STAFFORD,LIBERTARIAN,False,total,50224.0,5329884.0,False,20210114,LIBERTARIAN
2008,ILLINOIS,IL,17,33.0,21,US SENATE,statewide,gen,False,RICHARD J. DURBIN,DEMOCRAT,False,total,3615844.0,5329884.0,False,20210114,DEMOCRAT
2008,ILLINOIS,IL,17,33.0,21,US SENATE,statewide,gen,False,STEVE SAUERBERG,REPUBLICAN,False,total,1520621.0,5329884.0,False,20210114,REPUBLICAN
2008,ILLINOIS,IL,17,33.0,21,US SENATE,statewide,gen,False,,,True,total,1.0,5329884.0,False,20210114,OTHER
2008,IOWA,IA,19,42.0,31,US SENATE,statewide,gen,False,CHRISTOPHER REED,REPUBLICAN,False,total,560006.0,1502918.0,False,20210114,REPUBLICAN
2008,IOWA,IA,19,42.0,31,US SENATE,statewide,gen,False,TOM HARKIN,DEMOCRAT,False,total,941665.0,1502918.0,False,20210114,DEMOCRAT
2008,IOWA,IA,19,42.0,31,US SENATE,statewide,gen,False,,,True,total,1247.0,1502918.0,False,20210114,OTHER
2008,KANSAS,KS,20,47.0,32,US SENATE,statewide,gen,False,JIM SLATTERY,DEMOCRAT,False,total,441399.0,1210690.0,False,20210114,DEMOCRAT
2008,KANSAS,KS,20,47.0,32,US SENATE,statewide,gen,False,JOSEPH L. MARTIN,REFORM,False,total,16443.0,1210690.0,False,20210114,OTHER
2008,KANSAS,KS,20,47.0,32,US SENATE,statewide,gen,False,PAT ROBERTS,REPUBLICAN,False,total,727121.0,1210690.0,False,20210114,REPUBLICAN
2008,KANSAS,KS,20,47.0,32,US SENATE,statewide,gen,False,RANDALL L. HODGKINSON,LIBERTARIAN,False,total,25727.0,1210690.0,False,20210114,LIBERTARIAN
2008,KENTUCKY,KY,21,61.0,51,US SENATE,statewide,gen,False,BRUCE LUNSFORD,DEMOCRAT,False,total,847005.0,1800821.0,False,20210114,DEMOCRAT
2008,KENTUCKY,KY,21,61.0,51,US SENATE,statewide,gen,False,MITCH MCCONNELL,REPUBLICAN,False,total,953816.0,1800821.0,False,20210114,REPUBLICAN
2008,LOUISIANA,LA,22,72.0,45,US SENATE,statewide,gen,False,"""JAY"" PATEL",NO PARTY AFFILIATION,False,total,13729.0,1896574.0,False,20210114,OTHER
2008,LOUISIANA,LA,22,72.0,45,US SENATE,statewide,gen,False,JOHN KENNEDY,REPUBLICAN,False,total,867177.0,1896574.0,False,20210114,REPUBLICAN
2008,LOUISIANA,LA,22,72.0,45,US SENATE,statewide,gen,False,MARY L. LANDRIEU,DEMOCRAT,False,total,988298.0,1896574.0,False,20210114,DEMOCRAT
2008,LOUISIANA,LA,22,72.0,45,US SENATE,statewide,gen,False,RICHARD FONTANESI,LIBERTARIAN,False,total,18590.0,1896574.0,False,20210114,LIBERTARIAN
2008,LOUISIANA,LA,22,72.0,45,US SENATE,statewide,gen,False,ROBERT STEWART,OTHER,False,total,8780.0,1896574.0,False,20210114,OTHER
2008,MAINE,ME,23,11.0,2,US SENATE,statewide,gen,False,OTHER,,False,total,620.0,724430.0,False,20210114,OTHER
2008,MAINE,ME,23,11.0,2,US SENATE,statewide,gen,False,SUSAN M. COLLINS,REPUBLICAN,False,total,444300.0,724430.0,False,20210114,REPUBLICAN
2008,MAINE,ME,23,11.0,2,US SENATE,statewide,gen,False,THOMAS H. ALLEN,DEMOCRAT,False,total,279510.0,724430.0,False,20210114,DEMOCRAT
2008,MASSACHUSETTS,MA,25,14.0,3,US SENATE,statewide,gen,False,BLANK VOTE/SCATTERING,,False,total,108748.0,3102995.0,False,20210114,OTHER
2008,MASSACHUSETTS,MA,25,14.0,3,US SENATE,statewide,gen,False,JEFFREY K. BEATTY,REPUBLICAN,False,total,926044.0,3102995.0,False,20210114,REPUBLICAN
2008,MASSACHUSETTS,MA,25,14.0,3,US SENATE,statewide,gen,False,JOHN F. KERRY,DEMOCRAT,False,total,1971974.0,3102995.0,False,20210114,DEMOCRAT
2008,MASSACHUSETTS,MA,25,14.0,3,US SENATE,statewide,gen,False,OTHER,,False,total,2516.0,3102995.0,False,20210114,OTHER
2008,MASSACHUSETTS,MA,25,14.0,3,US SENATE,statewide,gen,False,ROBERT J. UNDERWOOD,LIBERTARIAN,False,total,93713.0,3102995.0,False,20210114,LIBERTARIAN
2008,MICHIGAN,MI,26,34.0,23,US SENATE,statewide,gen,False,CARL LEVIN,DEMOCRAT,False,total,3038386.0,4848620.0,False,20210114,DEMOCRAT
2008,MICHIGAN,MI,26,34.0,23,US SENATE,statewide,gen,False,DOUG DERN,NATURAL LAW,False,total,18550.0,4848620.0,False,20210114,OTHER
2008,MICHIGAN,MI,26,34.0,23,US SENATE,statewide,gen,False,HARLEY G. MIKKELSON,GREEN,False,total,43440.0,4848620.0,False,20210114,OTHER
2008,MICHIGAN,MI,26,34.0,23,US SENATE,statewide,gen,False,JACK HOOGENDYK,REPUBLICAN,False,total,1641070.0,4848620.0,False,20210114,REPUBLICAN
2008,MICHIGAN,MI,26,34.0,23,US SENATE,statewide,gen,False,MICHAEL N. NIKITIN,U.S. TAXPAYERS,False,total,30827.0,4848620.0,False,20210114,OTHER
2008,MICHIGAN,MI,26,34.0,23,US SENATE,statewide,gen,False,SCOTTY BOMAN,LIBERTARIAN,False,total,76347.0,4848620.0,False,20210114,LIBERTARIAN
2008,MINNESOTA,MN,27,41.0,33,US SENATE,statewide,gen,False,AL FRANKEN,DEMOCRAT,False,total,1212629.0,2887646.0,False,20210114,DEMOCRAT
2008,MINNESOTA,MN,27,41.0,33,US SENATE,statewide,gen,False,CHARLES ALDRICH,LIBERTARIAN,False,total,13923.0,2887646.0,False,20210114,LIBERTARIAN
2008,MINNESOTA,MN,27,41.0,33,US SENATE,statewide,gen,False,DEAN BARKLEY,INDEPENDENCE,False,total,437505.0,2887646.0,False,20210114,OTHER
2008,MINNESOTA,MN,27,41.0,33,US SENATE,statewide,gen,False,JAMES NIEMACKL,CONSTITUTION,False,total,8907.0,2887646.0,False,20210114,OTHER
2008,MINNESOTA,MN,27,41.0,33,US SENATE,statewide,gen,False,NORM COLEMAN,REPUBLICAN,False,total,1212317.0,2887646.0,False,20210114,REPUBLICAN
2008,MINNESOTA,MN,27,41.0,33,US SENATE,statewide,gen,False,,,True,total,12.0,2887646.0,False,20210114,OTHER
2008,MINNESOTA,MN,27,41.0,33,US SENATE,statewide,gen,False,,,True,total,2340.0,2887646.0,False,20210114,OTHER
2008,MINNESOTA,MN,27,41.0,33,US SENATE,statewide,gen,False,,,True,total,13.0,2887646.0,False,20210114,OTHER
2008,MISSISSIPPI,MS,28,64.0,46,US SENATE,statewide,gen,False,ERIK FLEMING,DEMOCRAT,False,total,480915.0,1247026.0,False,20210114,DEMOCRAT
2008,MISSISSIPPI,MS,28,64.0,46,US SENATE,statewide,gen,False,THAD COCHRAN,REPUBLICAN,False,total,766111.0,1247026.0,False,20210114,REPUBLICAN
2008,MISSISSIPPI,MS,28,64.0,46,US SENATE,statewide,gen,True,ROGER F. WICKER,REPUBLICAN,False,total,683409.0,1243473.0,False,20210114,REPUBLICAN
2008,MISSISSIPPI,MS,28,64.0,46,US SENATE,statewide,gen,True,RONNIE MUSGROVE,NO PARTY AFFILIATION,False,total,560064.0,1243473.0,False,20210114,OTHER
2008,MONTANA,MT,30,81.0,64,US SENATE,statewide,gen,False,BOB KELLEHER,REPUBLICAN,False,total,129369.0,477658.0,False,20210114,REPUBLICAN
2008,MONTANA,MT,30,81.0,64,US SENATE,statewide,gen,False,MAX BAUCUS,DEMOCRAT,False,total,348289.0,477658.0,False,20210114,DEMOCRAT
2008,NEBRASKA,NE,31,46.0,35,US SENATE,statewide,gen,False,KELLY RENEE ROSBERG,NEBRASKA PARTY,False,total,11438.0,792511.0,False,20210114,OTHER
2008,NEBRASKA,NE,31,46.0,35,US SENATE,statewide,gen,False,MIKE JOHANNS,REPUBLICAN,False,total,455854.0,792511.0,False,20210114,REPUBLICAN
2008,NEBRASKA,NE,31,46.0,35,US SENATE,statewide,gen,False,SCOTT KLEEB,DEMOCRAT,False,total,317456.0,792511.0,False,20210114,DEMOCRAT
2008,NEBRASKA,NE,31,46.0,35,US SENATE,statewide,gen,False,STEVEN R. LARRICK,GREEN,False,total,7763.0,792511.0,False,20210114,OTHER
2008,NEW HAMPSHIRE,NH,33,12.0,4,US SENATE,statewide,gen,False,"""KEN"" BLEVENS",LIBERTARIAN,False,total,21516.0,694787.0,False,20210114,LIBERTARIAN
2008,NEW HAMPSHIRE,NH,33,12.0,4,US SENATE,statewide,gen,False,JEANNE SHAHEEN,DEMOCRAT,False,total,358438.0,694787.0,False,20210114,DEMOCRAT
2008,NEW HAMPSHIRE,NH,33,12.0,4,US SENATE,statewide,gen,False,JOHN E. SUNUNU,REPUBLICAN,False,total,314403.0,694787.0,False,20210114,REPUBLICAN
2008,NEW HAMPSHIRE,NH,33,12.0,4,US SENATE,statewide,gen,False,,,True,total,430.0,694787.0,False,20210114,OTHER
2008,NEW JERSEY,NJ,34,22.0,12,US SENATE,statewide,gen,False,DARYL MIKELL BROOKS,POOR PEOPLE'S CAMPAIGN,False,total,15925.0,3482445.0,False,20210114,OTHER
2008,NEW JERSEY,NJ,34,22.0,12,US SENATE,statewide,gen,False,DICK ZIMMER,REPUBLICAN,False,total,1461025.0,3482445.0,False,20210114,REPUBLICAN
2008,NEW JERSEY,NJ,34,22.0,12,US SENATE,statewide,gen,False,FRANK R. LAUTENBERG,DEMOCRAT,False,total,1951218.0,3482445.0,False,20210114,DEMOCRAT
2008,NEW JERSEY,NJ,34,22.0,12,US SENATE,statewide,gen,False,J. M. CARTER,GOD WE TRUST,False,total,15935.0,3482445.0,False,20210114,OTHER
2008,NEW JERSEY,NJ,34,22.0,12,US SENATE,statewide,gen,False,JASON SCHEURER,LIBERTARIAN,False,total,18810.0,3482445.0,False,20210114,LIBERTARIAN
2008,NEW JERSEY,NJ,34,22.0,12,US SENATE,statewide,gen,False,JEFFREY BOSS,BOSS FOR SENATE,False,total,10345.0,3482445.0,False,20210114,OTHER
2008,NEW JERSEY,NJ,34,22.0,12,US SENATE,statewide,gen,False,SARA J. LOBMAN,SOCIALIST WORKERS,False,total,9187.0,3482445.0,False,20210114,OTHER
2008,NEW MEXICO,NM,35,85.0,66,US SENATE,statewide,gen,False,STEVE PEARCE,REPUBLICAN,False,total,318522.0,823650.0,False,20210114,REPUBLICAN
2008,NEW MEXICO,NM,35,85.0,66,US SENATE,statewide,gen,False,TOM UDALL,DEMOCRAT,False,total,505128.0,823650.0,False,20210114,DEMOCRAT
2008,NORTH CAROLINA,NC,37,56.0,47,US SENATE,statewide,gen,False,CHRISTOPHER COLE,LIBERTARIAN,False,total,133430.0,4271970.0,False,20210114,LIBERTARIAN
2008,NORTH CAROLINA,NC,37,56.0,47,US SENATE,statewide,gen,False,ELIZABETH DOLE,REPUBLICAN,False,total,1887510.0,4271970.0,False,20210114,REPUBLICAN
2008,NORTH CAROLINA,NC,37,56.0,47,US SENATE,statewide,gen,False,KAY HAGAN,DEMOCRAT,False,total,2249311.0,4271970.0,False,20210114,DEMOCRAT
2008,NORTH CAROLINA,NC,37,56.0,47,US SENATE,statewide,gen,False,,,True,total,1719.0,4271970.0,False,20210114,OTHER
2008,OKLAHOMA,OK,40,73.0,53,US SENATE,statewide,gen,False,ANDREW RICE,DEMOCRAT,False,total,527736.0,1346819.0,False,20210114,DEMOCRAT
2008,OKLAHOMA,OK,40,73.0,53,US SENATE,statewide,gen,False,JAMES M. INHOFE,REPUBLICAN,False,total,763375.0,1346819.0,False,20210114,REPUBLICAN
2008,OKLAHOMA,OK,40,73.0,53,US SENATE,statewide,gen,False,STEPHEN P. WALLACE,INDEPENDENT,False,total,55708.0,1346819.0,False,20210114,OTHER
2008,OREGON,OR,41,92.0,72,US SENATE,statewide,gen,False,DAVID BROWNLOW,CONSTITUTION,False,total,92565.0,1767504.0,False,20210114,OTHER
2008,OREGON,OR,41,92.0,72,US SENATE,statewide,gen,False,GORDON H. SMITH,REPUBLICAN,False,total,805159.0,1767504.0,False,20210114,REPUBLICAN
2008,OREGON,OR,41,92.0,72,US SENATE,statewide,gen,False,JEFF MERKLEY,DEMOCRAT,False,total,864392.0,1767504.0,False,20210114,DEMOCRAT
2008,OREGON,OR,41,92.0,72,US SENATE,statewide,gen,False,OTHER,,False,total,5388.0,1767504.0,False,20210114,OTHER
2008,RHODE ISLAND,RI,44,15.0,5,US SENATE,statewide,gen,False,JACK REED,DEMOCRAT,False,total,320644.0,438812.0,False,20210114,DEMOCRAT
2008,RHODE ISLAND,RI,44,15.0,5,US SENATE,statewide,gen,False,ROBERT G. TINGLE,REPUBLICAN,False,total,116174.0,438812.0,False,20210114,REPUBLICAN
2008,RHODE ISLAND,RI,44,15.0,5,US SENATE,statewide,gen,False,,,True,total,1994.0,438812.0,False,20210114,OTHER
2008,SOUTH CAROLINA,SC,45,57.0,48,US SENATE,statewide,gen,False,BOB CONLEY,DEMOCRAT,False,total,790621.0,1871431.0,False,20210114,DEMOCRAT
2008,SOUTH CAROLINA,SC,45,57.0,48,US SENATE,statewide,gen,False,LINDSEY GRAHAM,REPUBLICAN,False,total,1076534.0,1871431.0,False,20210114,REPUBLICAN
2008,SOUTH CAROLINA,SC,45,57.0,48,US SENATE,statewide,gen,False,,,True,total,4276.0,1871431.0,False,20210114,OTHER
2008,SOUTH DAKOTA,SD,46,45.0,37,US SENATE,statewide,gen,False,JOEL DYKSTRA,REPUBLICAN,False,total,142784.0,380673.0,False,20210114,REPUBLICAN
2008,SOUTH DAKOTA,SD,46,45.0,37,US SENATE,statewide,gen,False,TIM JOHNSON,DEMOCRAT,False,total,237889.0,380673.0,False,20210114,DEMOCRAT
2008,TENNESSEE,TN,47,62.0,54,US SENATE,statewide,gen,False,CHRIS LUGO,INDEPENDENT,False,total,9170.0,2424585.0,False,20210114,OTHER
2008,TENNESSEE,TN,47,62.0,54,US SENATE,statewide,gen,False,CHRISTOPHER G. FENNER,INDEPENDENT,False,total,11073.0,2424585.0,False,20210114,OTHER
2008,TENNESSEE,TN,47,62.0,54,US SENATE,statewide,gen,False,DANIEL TOWERS LEWIS,INDEPENDENT,False,total,9367.0,2424585.0,False,20210114,OTHER
2008,TENNESSEE,TN,47,62.0,54,US SENATE,statewide,gen,False,DAVID GATCHELL,INDEPENDENT,False,total,7645.0,2424585.0,False,20210114,OTHER
2008,TENNESSEE,TN,47,62.0,54,US SENATE,statewide,gen,False,ED LAWHORN,INDEPENDENT,False,total,8986.0,2424585.0,False,20210114,OTHER
2008,TENNESSEE,TN,47,62.0,54,US SENATE,statewide,gen,False,EDWARD L. BUCK,INDEPENDENT,False,total,31631.0,2424585.0,False,20210114,OTHER
2008,TENNESSEE,TN,47,62.0,54,US SENATE,statewide,gen,False,LAMAR ALEXANDER,REPUBLICAN,False,total,1579477.0,2424585.0,False,20210114,REPUBLICAN
2008,TENNESSEE,TN,47,62.0,54,US SENATE,statewide,gen,False,ROBERT D. TUKE,DEMOCRAT,False,total,767236.0,2424585.0,False,20210114,DEMOCRAT
2008,TEXAS,TX,48,74.0,49,US SENATE,statewide,gen,False,JOHN CORNYN,REPUBLICAN,False,total,4337469.0,7912075.0,False,20210114,REPUBLICAN
2008,TEXAS,TX,48,74.0,49,US SENATE,statewide,gen,False,"RICHARD J. ""RICK"" NORIEGA",DEMOCRAT,False,total,3389365.0,7912075.0,False,20210114,DEMOCRAT
2008,TEXAS,TX,48,74.0,49,US SENATE,statewide,gen,False,YVONNE ADAMS SCHICK,LIBERTARIAN,False,total,185241.0,7912075.0,False,20210114,LIBERTARIAN
2008,VIRGINIA,VA,51,54.0,40,US SENATE,statewide,gen,False,GLENDA GAIL PARKER,INDEPENDENT GREEN,False,total,21690.0,3643294.0,False,20210114,OTHER
2008,VIRGINIA,VA,51,54.0,40,US SENATE,statewide,gen,False,"JAMES S. ""JIM"" GILMORE III",REPUBLICAN,False,total,1228830.0,3643294.0,False,20210114,REPUBLICAN
2008,VIRGINIA,VA,51,54.0,40,US SENATE,statewide,gen,False,MARK R. WARNER,DEMOCRAT,False,total,2369327.0,3643294.0,False,20210114,DEMOCRAT
2008,VIRGINIA,VA,51,54.0,40,US SENATE,statewide,gen,False,WILLIAM B. REDPATH,LIBERTARIAN,False,total,20269.0,3643294.0,False,20210114,LIBERTARIAN
2008,VIRGINIA,VA,51,54.0,40,US SENATE,statewide,gen,False,,,True,total,3178.0,3643294.0,False,20210114,OTHER
2008,WEST VIRGINIA,WV,54,55.0,56,US SENATE,statewide,gen,False,JAY WOLFE,REPUBLICAN,False,total,254629.0,702308.0,False,20210114,REPUBLICAN
2008,WEST VIRGINIA,WV,54,55.0,56,US SENATE,statewide,gen,False,JOHN D. ROCKEFELLER IV,DEMOCRAT,False,total,447560.0,702308.0,False,20210114,DEMOCRAT
2008,WEST VIRGINIA,WV,54,55.0,56,US SENATE,statewide,gen,False,,,True,total,36.0,702308.0,False,20210114,OTHER
2008,WEST VIRGINIA,WV,54,55.0,56,US SENATE,statewide,gen,False,,,True,total,83.0,702308.0,False,20210114,OTHER
2008,WYOMING,WY,56,83.0,68,US SENATE,statewide,gen,False,CHRIS ROTHFUSS,DEMOCRAT,False,total,60631.0,250007.0,False,20210114,DEMOCRAT
2008,WYOMING,WY,56,83.0,68,US SENATE,statewide,gen,False,MICHAEL B. ENZI,REPUBLICAN,False,total,189046.0,250007.0,False,20210114,REPUBLICAN
2008,WYOMING,WY,56,83.0,68,US SENATE,statewide,gen,False,OVER VOTE,,False,total,61.0,250007.0,False,20210114,OTHER
2008,WYOMING,WY,56,83.0,68,US SENATE,statewide,gen,False,,,True,total,269.0,250007.0,False,20210114,OTHER
2008,WYOMING,WY,56,83.0,68,US SENATE,statewide,gen,True,JOHN BARRASSO,REPUBLICAN,False,total,183063.0,249619.0,False,20210114,REPUBLICAN
2008,WYOMING,WY,56,83.0,68,US SENATE,statewide,gen,True,NICK CARTER,DEMOCRAT,False,total,66202.0,249619.0,False,20210114,DEMOCRAT
2008,WYOMING,WY,56,83.0,68,US SENATE,statewide,gen,True,OVER VOTE,,False,total,61.0,249619.0,False,20210114,OTHER
2008,WYOMING,WY,56,83.0,68,US SENATE,statewide,gen,True,,,True,total,293.0,249619.0,False,20210114,OTHER
2010,ALABAMA,AL,1,63.0,41,US SENATE,statewide,gen,False,RICHARD C. SHELBY,REPUBLICAN,False,total,968181.0,1485499.0,False,20210114,REPUBLICAN
2010,ALABAMA,AL,1,63.0,41,US SENATE,statewide,gen,False,WILLIAM G. BARNES,DEMOCRAT,False,total,515619.0,1485499.0,False,20210114,DEMOCRAT
2010,ALABAMA,AL,1,63.0,41,US SENATE,statewide,gen,False,,,True,total,1699.0,1485499.0,False,20210114,OTHER
2010,ALASKA,AK,2,94.0,81,US SENATE,statewide,gen,False,"FREDRICK ""DAVID"" HAASE",LIBERTARIAN,False,total,1459.0,255503.0,False,20210114,LIBERTARIAN
2010,ALASKA,AK,2,94.0,81,US SENATE,statewide,gen,False,JOE MILLER,REPUBLICAN,False,total,90839.0,255503.0,False,20210114,REPUBLICAN
2010,ALASKA,AK,2,94.0,81,US SENATE,statewide,gen,False,LISA MURKOWSKI,,True,total,101091.0,255503.0,False,20210114,OTHER
2010,ALASKA,AK,2,94.0,81,US SENATE,statewide,gen,False,OTHER,,False,total,602.0,255503.0,False,20210114,OTHER
2010,ALASKA,AK,2,94.0,81,US SENATE,statewide,gen,False,SCOTT T. MCADAMS,DEMOCRAT,False,total,60045.0,255503.0,False,20210114,DEMOCRAT
2010,ALASKA,AK,2,94.0,81,US SENATE,statewide,gen,False,TED GIANOUTSOS,NONAFFILIATED,False,total,458.0,255503.0,False,20210114,OTHER
2010,ALASKA,AK,2,94.0,81,US SENATE,statewide,gen,False,TIM CARTER,NONAFFILIATED,False,total,927.0,255503.0,False,20210114,OTHER
2010,ALASKA,AK,2,94.0,81,US SENATE,statewide,gen,False,,,True,total,61.0,255503.0,False,20210114,OTHER
2010,ALASKA,AK,2,94.0,81,US SENATE,statewide,gen,False,,,True,total,21.0,255503.0,False,20210114,OTHER
2010,ARIZONA,AZ,4,86.0,61,US SENATE,statewide,gen,False,DAVID F. NOLAN,LIBERTARIAN,False,total,80097.0,1708484.0,False,20210114,LIBERTARIAN
2010,ARIZONA,AZ,4,86.0,61,US SENATE,statewide,gen,False,JERRY JOSLYN,GREEN,False,total,24603.0,1708484.0,False,20210114,OTHER
2010,ARIZONA,AZ,4,86.0,61,US SENATE,statewide,gen,False,JOHN MCCAIN,REPUBLICAN,False,total,1005615.0,1708484.0,False,20210114,REPUBLICAN
2010,ARIZONA,AZ,4,86.0,61,US SENATE,statewide,gen,False,RODNEY GLASSMAN,DEMOCRAT,False,total,592011.0,1708484.0,False,20210114,DEMOCRAT
2010,ARIZONA,AZ,4,86.0,61,US SENATE,statewide,gen,False,,,True,total,7.0,1708484.0,False,20210114,OTHER
2010,ARIZONA,AZ,4,86.0,61,US SENATE,statewide,gen,False,,,True,total,39.0,1708484.0,False,20210114,OTHER
2010,ARIZONA,AZ,4,86.0,61,US SENATE,statewide,gen,False,,,True,total,14.0,1708484.0,False,20210114,OTHER
2010,ARIZONA,AZ,4,86.0,61,US SENATE,statewide,gen,False,,,True,total,5938.0,1708484.0,False,20210114,OTHER
2010,ARIZONA,AZ,4,86.0,61,US SENATE,statewide,gen,False,,,True,total,160.0,1708484.0,False,20210114,OTHER
2010,ARKANSAS,AR,5,71.0,42,US SENATE,statewide,gen,False,BLANCHE L. LINCOLN,DEMOCRAT,False,total,288156.0,779957.0,False,20210114,DEMOCRAT
2010,ARKANSAS,AR,5,71.0,42,US SENATE,statewide,gen,False,JOHN BOOZMAN,REPUBLICAN,False,total,451618.0,779957.0,False,20210114,REPUBLICAN
2010,ARKANSAS,AR,5,71.0,42,US SENATE,statewide,gen,False,JOHN LANEY GRAY III,GREEN,False,total,14430.0,779957.0,False,20210114,OTHER
2010,ARKANSAS,AR,5,71.0,42,US SENATE,statewide,gen,False,"STEPHAN ""TROUBLEMAKER"" HERCHER",,True,total,143.0,779957.0,False,20210114,OTHER
2010,ARKANSAS,AR,5,71.0,42,US SENATE,statewide,gen,False,TREVOR DROWN,INDEPENDENT,False,total,25234.0,779957.0,False,20210114,OTHER
2010,ARKANSAS,AR,5,71.0,42,US SENATE,statewide,gen,False,,,True,total,376.0,779957.0,False,20210114,OTHER
2010,CALIFORNIA,CA,6,93.0,71,US SENATE,statewide,gen,False,BARBARA BOXER,DEMOCRAT,False,total,5218441.0,10000160.0,False,20210114,DEMOCRAT
2010,CALIFORNIA,CA,6,93.0,71,US SENATE,statewide,gen,False,CARLY FIORINA,REPUBLICAN,False,total,4217366.0,10000160.0,False,20210114,REPUBLICAN
2010,CALIFORNIA,CA,6,93.0,71,US SENATE,statewide,gen,False,DUANE ROBERTS,GREEN,False,total,128510.0,10000160.0,False,20210114,OTHER
2010,CALIFORNIA,CA,6,93.0,71,US SENATE,statewide,gen,False,EDWARD C. NOONAN,AMERICAN INDEPENDENT,False,total,125441.0,10000160.0,False,20210114,OTHER
2010,CALIFORNIA,CA,6,93.0,71,US SENATE,statewide,gen,False,GAIL K. LIGHTFOOT,LIBERTARIAN,False,total,175242.0,10000160.0,False,20210114,LIBERTARIAN
2010,CALIFORNIA,CA,6,93.0,71,US SENATE,statewide,gen,False,MARSHA FEINLAND,PEACE AND FREEDOM,False,total,135093.0,10000160.0,False,20210114,OTHER
2010,CALIFORNIA,CA,6,93.0,71,US SENATE,statewide,gen,False,,,True,total,10.0,10000160.0,False,20210114,OTHER
2010,CALIFORNIA,CA,6,93.0,71,US SENATE,statewide,gen,False,,,True,total,5.0,10000160.0,False,20210114,OTHER
2010,CALIFORNIA,CA,6,93.0,71,US SENATE,statewide,gen,False,,,True,total,41.0,10000160.0,False,20210114,OTHER
2010,CALIFORNIA,CA,6,93.0,71,US SENATE,statewide,gen,False,,,True,total,11.0,10000160.0,False,20210114,OTHER
2010,COLORADO,CO,8,84.0,62,US SENATE,statewide,gen,False,BOB KINSEY,GREEN,False,total,38768.0,1772286.0,False,20210114,OTHER
2010,COLORADO,CO,8,84.0,62,US SENATE,statewide,gen,False,CHARLEY MILLER,UNAFFILIATED,False,total,11330.0,1772286.0,False,20210114,OTHER
2010,COLORADO,CO,8,84.0,62,US SENATE,statewide,gen,False,J. MOROMISATO,UNAFFILIATED,False,total,5767.0,1772286.0,False,20210114,OTHER
2010,COLORADO,CO,8,84.0,62,US SENATE,statewide,gen,False,JASON NAPOLITANO,INDEPENDENT REFORM,False,total,19415.0,1772286.0,False,20210114,OTHER
2010,COLORADO,CO,8,84.0,62,US SENATE,statewide,gen,False,KEN BUCK,REPUBLICAN,False,total,822731.0,1772286.0,False,20210114,REPUBLICAN
2010,COLORADO,CO,8,84.0,62,US SENATE,statewide,gen,False,"MACLYN ""MAC"" STRINGER",LIBERTARIAN,False,total,22589.0,1772286.0,False,20210114,LIBERTARIAN
2010,COLORADO,CO,8,84.0,62,US SENATE,statewide,gen,False,MICHAEL F. BENNET,DEMOCRAT,False,total,851590.0,1772286.0,False,20210114,DEMOCRAT
2010,COLORADO,CO,8,84.0,62,US SENATE,statewide,gen,False,,,True,total,67.0,1772286.0,False,20210114,OTHER
2010,COLORADO,CO,8,84.0,62,US SENATE,statewide,gen,False,,,True,total,19.0,1772286.0,False,20210114,OTHER
2010,COLORADO,CO,8,84.0,62,US SENATE,statewide,gen,False,,,True,total,10.0,1772286.0,False,20210114,OTHER
2010,CONNECTICUT,CT,9,16.0,1,US SENATE,statewide,gen,False,JEFF RUSSELL,,True,total,45.0,1153115.0,False,20210114,OTHER
2010,CONNECTICUT,CT,9,16.0,1,US SENATE,statewide,gen,False,JOHN MERTENS,CONNECTICUT FOR LIEBERMAN,False,total,6735.0,1153115.0,False,20210114,OTHER
2010,CONNECTICUT,CT,9,16.0,1,US SENATE,statewide,gen,False,LINDA E. MCMAHON,REPUBLICAN,False,total,498341.0,1153115.0,False,20210114,REPUBLICAN
2010,CONNECTICUT,CT,9,16.0,1,US SENATE,statewide,gen,False,MATTHEW COLEMAN,,True,total,7.0,1153115.0,False,20210114,OTHER
2010,CONNECTICUT,CT,9,16.0,1,US SENATE,statewide,gen,False,RICHARD BLUMENTHAL,DEMOCRAT,False,total,605204.0,1153115.0,False,20210114,DEMOCRAT
2010,CONNECTICUT,CT,9,16.0,1,US SENATE,statewide,gen,False,RICHARD BLUMENTHAL,WORKING FAMILIES,False,total,30836.0,1153115.0,False,20210114,OTHER
2010,CONNECTICUT,CT,9,16.0,1,US SENATE,statewide,gen,False,WARREN B. MOSLER,INDEPENDENT,False,total,11275.0,1153115.0,False,20210114,OTHER
2010,CONNECTICUT,CT,9,16.0,1,US SENATE,statewide,gen,False,,,True,total,17.0,1153115.0,False,20210114,OTHER
2010,CONNECTICUT,CT,9,16.0,1,US SENATE,statewide,gen,False,,,True,total,45.0,1153115.0,False,20210114,OTHER
2010,CONNECTICUT,CT,9,16.0,1,US SENATE,statewide,gen,False,,,True,total,31.0,1153115.0,False,20210114,OTHER
2010,CONNECTICUT,CT,9,16.0,1,US SENATE,statewide,gen,False,,,True,total,5.0,1153115.0,False,20210114,OTHER
2010,CONNECTICUT,CT,9,16.0,1,US SENATE,statewide,gen,False,,,True,total,15.0,1153115.0,False,20210114,OTHER
2010,CONNECTICUT,CT,9,16.0,1,US SENATE,statewide,gen,False,,,True,total,559.0,1153115.0,False,20210114,OTHER
2010,DELAWARE,DE,10,51.0,11,US SENATE,statewide,gen,True,CHRISTINE O'DONNELL,REPUBLICAN,False,total,123053.0,307402.0,False,20210114,REPUBLICAN
2010,DELAWARE,DE,10,51.0,11,US SENATE,statewide,gen,True,CHRISTOPHER A. COONS,DEMOCRAT,False,total,174012.0,307402.0,False,20210114,DEMOCRAT
2010,DELAWARE,DE,10,51.0,11,US SENATE,statewide,gen,True,GLENN A. MILLER,INDEPENDENT PARTY OF DELAWARE,False,total,8201.0,307402.0,False,20210114,OTHER
2010,DELAWARE,DE,10,51.0,11,US SENATE,statewide,gen,True,JAMES W. RASH,LIBERTARIAN,False,total,2101.0,307402.0,False,20210114,LIBERTARIAN
2010,DELAWARE,DE,10,51.0,11,US SENATE,statewide,gen,True,,,True,total,25.0,307402.0,False,20210114,OTHER
2010,DELAWARE,DE,10,51.0,11,US SENATE,statewide,gen,True,,,True,total,10.0,307402.0,False,20210114,OTHER
2010,FLORIDA,FL,12,59.0,43,US SENATE,statewide,gen,False,ALEXANDER ANDREW SNITKER,LIBERTARIAN,False,total,24850.0,5411106.0,False,20210114,LIBERTARIAN
2010,FLORIDA,FL,12,59.0,43,US SENATE,statewide,gen,False,BERNIE DECASTRO,CONSTITUTION PARTY OF FLORIDA,False,total,4792.0,5411106.0,False,20210114,OTHER
2010,FLORIDA,FL,12,59.0,43,US SENATE,statewide,gen,False,BOBBIE BEAN,NO PARTY AFFILIATION,False,total,4301.0,5411106.0,False,20210114,OTHER
2010,FLORIDA,FL,12,59.0,43,US SENATE,statewide,gen,False,BRUCE RAY RIGGS,NO PARTY AFFILIATION,False,total,3647.0,5411106.0,False,20210114,OTHER
2010,FLORIDA,FL,12,59.0,43,US SENATE,statewide,gen,False,CHARLIE CRIST,NO PARTY AFFILIATION,False,total,1607549.0,5411106.0,False,20210114,OTHER
2010,FLORIDA,FL,12,59.0,43,US SENATE,statewide,gen,False,KENDRICK B. MEEK,DEMOCRAT,False,total,1092936.0,5411106.0,False,20210114,DEMOCRAT
2010,FLORIDA,FL,12,59.0,43,US SENATE,statewide,gen,False,LEWIS JEROME ARMSTRONG,NO PARTY AFFILIATION,False,total,4443.0,5411106.0,False,20210114,OTHER
2010,FLORIDA,FL,12,59.0,43,US SENATE,statewide,gen,False,MA,,True,total,18.0,5411106.0,False,20210114,OTHER
2010,FLORIDA,FL,12,59.0,43,US SENATE,statewide,gen,False,MARCO RUBIO,REPUBLICAN,False,total,2645743.0,5411106.0,False,20210114,REPUBLICAN
2010,FLORIDA,FL,12,59.0,43,US SENATE,statewide,gen,False,RICK TYLER,NO PARTY AFFILIATION,False,total,7397.0,5411106.0,False,20210114,OTHER
2010,FLORIDA,FL,12,59.0,43,US SENATE,statewide,gen,False,SUE ASKELAND,NO PARTY AFFILIATION,False,total,15340.0,5411106.0,False,20210114,OTHER
2010,FLORIDA,FL,12,59.0,43,US SENATE,statewide,gen,False,,,True,total,13.0,5411106.0,False,20210114,OTHER
2010,FLORIDA,FL,12,59.0,43,US SENATE,statewide,gen,False,,,True,total,18.0,5411106.0,False,20210114,OTHER
2010,FLORIDA,FL,12,59.0,43,US SENATE,statewide,gen,False,,,True,total,2.0,5411106.0,False,20210114,OTHER
2010,FLORIDA,FL,12,59.0,43,US SENATE,statewide,gen,False,,,True,total,6.0,5411106.0,False,20210114,OTHER
2010,FLORIDA,FL,12,59.0,43,US SENATE,statewide,gen,False,,,True,total,47.0,5411106.0,False,20210114,OTHER
2010,FLORIDA,FL,12,59.0,43,US SENATE,statewide,gen,False,,,True,total,4.0,5411106.0,False,20210114,OTHER
2010,GEORGIA,GA,13,58.0,44,US SENATE,statewide,gen,False,CHUCK DONOVAN,LIBERTARIAN,False,total,68750.0,2555258.0,False,20210114,LIBERTARIAN
2010,GEORGIA,GA,13,58.0,44,US SENATE,statewide,gen,False,JOHNNY ISAKSON,REPUBLICAN,False,total,1489904.0,2555258.0,False,20210114,REPUBLICAN
2010,GEORGIA,GA,13,58.0,44,US SENATE,statewide,gen,False,"MICHAEL ""MIKE"" THURMOND",DEMOCRAT,False,total,996516.0,2555258.0,False,20210114,DEMOCRAT
2010,GEORGIA,GA,13,58.0,44,US SENATE,statewide,gen,False,,,True,total,24.0,2555258.0,False,20210114,OTHER
2010,GEORGIA,GA,13,58.0,44,US SENATE,statewide,gen,False,,,True,total,52.0,2555258.0,False,20210114,OTHER
2010,GEORGIA,GA,13,58.0,44,US SENATE,statewide,gen,False,,,True,total,12.0,2555258.0,False,20210114,OTHER
2010,HAWAII,HI,15,95.0,82,US SENATE,statewide,gen,False,CAM CAVASSO,REPUBLICAN,False,total,79939.0,370583.0,False,20210114,REPUBLICAN
2010,HAWAII,HI,15,95.0,82,US SENATE,statewide,gen,False,DANIEL K. INOUYE,DEMOCRAT,False,total,277228.0,370583.0,False,20210114,DEMOCRAT
2010,HAWAII,HI,15,95.0,82,US SENATE,statewide,gen,False,JEFF FARRETT,NONPARTISAN,False,total,2697.0,370583.0,False,20210114,OTHER
2010,HAWAII,HI,15,95.0,82,US SENATE,statewide,gen,False,JIM BREWER,GREEN,False,total,7762.0,370583.0,False,20210114,OTHER
2010,HAWAII,HI,15,95.0,82,US SENATE,statewide,gen,False,LLOYD JEFFREY MALLAN,LIBERTARIAN,False,total,2957.0,370583.0,False,20210114,LIBERTARIAN
2010,IDAHO,ID,16,82.0,63,US SENATE,statewide,gen,False,MIKE CRAPO,REPUBLICAN,False,total,319953.0,449530.0,False,20210114,REPUBLICAN
2010,IDAHO,ID,16,82.0,63,US SENATE,statewide,gen,False,P. TOM SULLIVAN,DEMOCRAT,False,total,112057.0,449530.0,False,20210114,DEMOCRAT
2010,IDAHO,ID,16,82.0,63,US SENATE,statewide,gen,False,RANDY LYNN BERGQUIST,CONSTITUTION,False,total,17429.0,449530.0,False,20210114,OTHER
2010,IDAHO,ID,16,82.0,63,US SENATE,statewide,gen,False,,,True,total,91.0,449530.0,False,20210114,OTHER
2010,ILLINOIS,IL,17,33.0,21,US SENATE,statewide,gen,True,"ALEXANDER ""ALEXI"" GIANNOULIAS",DEMOCRAT,False,total,1719478.0,3704473.0,False,20210114,DEMOCRAT
2010,ILLINOIS,IL,17,33.0,21,US SENATE,statewide,gen,True,COREY DABNEY,,True,total,33.0,3704473.0,False,20210114,OTHER
2010,ILLINOIS,IL,17,33.0,21,US SENATE,statewide,gen,True,LEALAN M. JONES,GREEN,False,total,117914.0,3704473.0,False,20210114,OTHER
2010,ILLINOIS,IL,17,33.0,21,US SENATE,statewide,gen,True,MARK STEVEN KIRK,REPUBLICAN,False,total,1778698.0,3704473.0,False,20210114,REPUBLICAN
2010,ILLINOIS,IL,17,33.0,21,US SENATE,statewide,gen,True,MIKE LABNO,LIBERTARIAN,False,total,87247.0,3704473.0,False,20210114,LIBERTARIAN
2010,ILLINOIS,IL,17,33.0,21,US SENATE,statewide,gen,True,,,True,total,561.0,3704473.0,False,20210114,OTHER
2010,ILLINOIS,IL,17,33.0,21,US SENATE,statewide,gen,True,,,True,total,468.0,3704473.0,False,20210114,OTHER
2010,ILLINOIS,IL,17,33.0,21,US SENATE,statewide,gen,True,,,True,total,12.0,3704473.0,False,20210114,OTHER
2010,ILLINOIS,IL,17,33.0,21,US SENATE,statewide,gen,True,,,True,total,3.0,3704473.0,False,20210114,OTHER
2010,ILLINOIS,IL,17,33.0,21,US SENATE,statewide,gen,True,,,True,total,15.0,3704473.0,False,20210114,OTHER
2010,ILLINOIS,IL,17,33.0,21,US SENATE,statewide,gen,True,,,True,total,9.0,3704473.0,False,20210114,OTHER
2010,ILLINOIS,IL,17,33.0,21,US SENATE,statewide,gen,True,,,True,total,19.0,3704473.0,False,20210114,OTHER
2010,ILLINOIS,IL,17,33.0,21,US SENATE,statewide,gen,True,,,True,total,16.0,3704473.0,False,20210114,OTHER
2010,INDIANA,IN,18,32.0,22,US SENATE,statewide,gen,False,BRAD ELLSWORTH,DEMOCRAT,False,total,697775.0,1744481.0,False,20210114,DEMOCRAT
2010,INDIANA,IN,18,32.0,22,US SENATE,statewide,gen,False,DAN COATS,REPUBLICAN,False,total,952116.0,1744481.0,False,20210114,REPUBLICAN
2010,INDIANA,IN,18,32.0,22,US SENATE,statewide,gen,False,REBECCA SINK-BURRIS,LIBERTARIAN,False,total,94330.0,1744481.0,False,20210114,LIBERTARIAN
2010,INDIANA,IN,18,32.0,22,US SENATE,statewide,gen,False,,,True,total,161.0,1744481.0,False,20210114,OTHER
2010,INDIANA,IN,18,32.0,22,US SENATE,statewide,gen,False,,,True,total,99.0,1744481.0,False,20210114,OTHER
2010,IOWA,IA,19,42.0,31,US SENATE,statewide,gen,False,CHUCK GRASSLEY,REPUBLICAN,False,total,718215.0,1116063.0,False,20210114,REPUBLICAN
2010,IOWA,IA,19,42.0,31,US SENATE,statewide,gen,False,JOHN HEIDERSCHEIT,LIBERTARIAN,False,total,25290.0,1116063.0,False,20210114,LIBERTARIAN
2010,IOWA,IA,19,42.0,31,US SENATE,statewide,gen,False,ROXANNE CONLIN,DEMOCRAT,False,total,371686.0,1116063.0,False,20210114,DEMOCRAT
2010,IOWA,IA,19,42.0,31,US SENATE,statewide,gen,False,,,True,total,872.0,1116063.0,False,20210114,OTHER
2010,KANSAS,KS,20,47.0,32,US SENATE,statewide,gen,False,JERRY MORAN,REPUBLICAN,False,total,587175.0,837692.0,False,20210114,REPUBLICAN
2010,KANSAS,KS,20,47.0,32,US SENATE,statewide,gen,False,"JOSEPH ""JOE"" K. BELLIS",REFORM,False,total,11624.0,837692.0,False,20210114,OTHER
2010,KANSAS,KS,20,47.0,32,US SENATE,statewide,gen,False,LISA JOHNSTON,DEMOCRAT,False,total,220971.0,837692.0,False,20210114,DEMOCRAT
2010,KANSAS,KS,20,47.0,32,US SENATE,statewide,gen,False,MICHAEL WM. DANN,LIBERTARIAN,False,total,17922.0,837692.0,False,20210114,LIBERTARIAN
2010,KENTUCKY,KY,21,61.0,51,US SENATE,statewide,gen,False,JACK CONWAY,DEMOCRAT,False,total,600052.0,1356096.0,False,20210114,DEMOCRAT
2010,KENTUCKY,KY,21,61.0,51,US SENATE,statewide,gen,False,RAND PAUL,REPUBLICAN,False,total,755706.0,1356096.0,False,20210114,REPUBLICAN
2010,KENTUCKY,KY,21,61.0,51,US SENATE,statewide,gen,False,,,True,total,338.0,1356096.0,False,20210114,OTHER
2010,LOUISIANA,LA,22,72.0,45,US SENATE,statewide,gen,False,"""CHARLIE"" MELANCON",DEMOCRAT,False,total,476572.0,1264994.0,False,20210114,DEMOCRAT
2010,LOUISIANA,LA,22,72.0,45,US SENATE,statewide,gen,False,DAVID VITTER,REPUBLICAN,False,total,715415.0,1264994.0,False,20210114,REPUBLICAN
2010,LOUISIANA,LA,22,72.0,45,US SENATE,statewide,gen,False,ERNEST D. WOOLON,OTHER,False,total,8167.0,1264994.0,False,20210114,OTHER
2010,LOUISIANA,LA,22,72.0,45,US SENATE,statewide,gen,False,MICHAEL KARLTON BROWN,NO PARTY,False,total,9973.0,1264994.0,False,20210114,OTHER
2010,LOUISIANA,LA,22,72.0,45,US SENATE,statewide,gen,False,"MICHAEL LANE ""MIKE"" SPEARS",OTHER,False,total,9190.0,1264994.0,False,20210114,OTHER
2010,LOUISIANA,LA,22,72.0,45,US SENATE,statewide,gen,False,MILTON GORDON,NO PARTY,False,total,4810.0,1264994.0,False,20210114,OTHER
2010,LOUISIANA,LA,22,72.0,45,US SENATE,statewide,gen,False,"R. A. ""SKIP"" GALAN",NO PARTY,False,total,7474.0,1264994.0,False,20210114,OTHER
2010,LOUISIANA,LA,22,72.0,45,US SENATE,statewide,gen,False,RANDALL TODD HAYES,LIBERTARIAN,False,total,13957.0,1264994.0,False,20210114,LIBERTARIAN
2010,LOUISIANA,LA,22,72.0,45,US SENATE,statewide,gen,False,SAM HOUSTON MELTON,NO PARTY,False,total,3780.0,1264994.0,False,20210114,OTHER
2010,LOUISIANA,LA,22,72.0,45,US SENATE,statewide,gen,False,"THOMAS G. ""TOMMY"" LAFARGUE",OTHER,False,total,4043.0,1264994.0,False,20210114,OTHER
2010,LOUISIANA,LA,22,72.0,45,US SENATE,statewide,gen,False,WILLIAM R. MCSHAN,REFORM,False,total,5879.0,1264994.0,False,20210114,OTHER
2010,LOUISIANA,LA,22,72.0,45,US SENATE,statewide,gen,False,"WILLIAM ROBERT ""BOB"" LAND, JR.",OTHER,False,total,5734.0,1264994.0,False,20210114,OTHER
2010,MARYLAND,MD,24,52.0,52,US SENATE,statewide,gen,False,BARBARA MIKULSKI,DEMOCRAT,False,total,1140531.0,1833858.0,False,20210114,DEMOCRAT
2010,MARYLAND,MD,24,52.0,52,US SENATE,statewide,gen,False,ERIC WARGOTZ,REPUBLICAN,False,total,655666.0,1833858.0,False,20210114,REPUBLICAN
2010,MARYLAND,MD,24,52.0,52,US SENATE,statewide,gen,False,"JAMES T. LYNCH, JR.",DEMOCRAT,True,total,84.0,1833858.0,False,20210114,DEMOCRAT
2010,MARYLAND,MD,24,52.0,52,US SENATE,statewide,gen,False,KENNISS HENRY,GREEN,False,total,20717.0,1833858.0,False,20210114,OTHER
2010,MARYLAND,MD,24,52.0,52,US SENATE,statewide,gen,False,RICHARD SHAWVER,CONSTITUTION,False,total,14746.0,1833858.0,False,20210114,OTHER
2010,MARYLAND,MD,24,52.0,52,US SENATE,statewide,gen,False,,,True,total,80.0,1833858.0,False,20210114,OTHER
2010,MARYLAND,MD,24,52.0,52,US SENATE,statewide,gen,False,,,True,total,6.0,1833858.0,False,20210114,OTHER
2010,MARYLAND,MD,24,52.0,52,US SENATE,statewide,gen,False,,,True,total,14.0,1833858.0,False,20210114,OTHER
2010,MARYLAND,MD,24,52.0,52,US SENATE,statewide,gen,False,,,True,total,1644.0,1833858.0,False,20210114,OTHER
2010,MARYLAND,MD,24,52.0,52,US SENATE,statewide,gen,False,,,True,total,110.0,1833858.0,False,20210114,OTHER
2010,MARYLAND,MD,24,52.0,52,US SENATE,statewide,gen,False,,,True,total,204.0,1833858.0,False,20210114,OTHER
2010,MARYLAND,MD,24,52.0,52,US SENATE,statewide,gen,False,,,True,total,56.0,1833858.0,False,20210114,OTHER
2010,MISSOURI,MO,29,43.0,34,US SENATE,statewide,gen,False,JEFF WIRICK,,True,total,4.0,1943899.0,False,20210114,OTHER
2010,MISSOURI,MO,29,43.0,34,US SENATE,statewide,gen,False,JERRY BECK,CONSTITUTION,False,total,41309.0,1943899.0,False,20210114,OTHER
2010,MISSOURI,MO,29,43.0,34,US SENATE,statewide,gen,False,JONATHAN DINE,LIBERTARIAN,False,total,58663.0,1943899.0,False,20210114,LIBERTARIAN
2010,MISSOURI,MO,29,43.0,34,US SENATE,statewide,gen,False,ROBIN CARNAHAN,DEMOCRAT,False,total,789736.0,1943899.0,False,20210114,DEMOCRAT
2010,MISSOURI,MO,29,43.0,34,US SENATE,statewide,gen,False,ROY BLUNT,REPUBLICAN,False,total,1054160.0,1943899.0,False,20210114,REPUBLICAN
2010,MISSOURI,MO,29,43.0,34,US SENATE,statewide,gen,False,,,True,total,1.0,1943899.0,False,20210114,OTHER
2010,MISSOURI,MO,29,43.0,34,US SENATE,statewide,gen,False,,,True,total,7.0,1943899.0,False,20210114,OTHER
2010,MISSOURI,MO,29,43.0,34,US SENATE,statewide,gen,False,,,True,total,3.0,1943899.0,False,20210114,OTHER
2010,MISSOURI,MO,29,43.0,34,US SENATE,statewide,gen,False,,,True,total,2.0,1943899.0,False,20210114,OTHER
2010,MISSOURI,MO,29,43.0,34,US SENATE,statewide,gen,False,,,True,total,14.0,1943899.0,False,20210114,OTHER
2010,NEVADA,NV,32,88.0,65,US SENATE,statewide,gen,False,HARRY REID,DEMOCRAT,False,total,362785.0,721404.0,False,20210114,DEMOCRAT
2010,NEVADA,NV,32,88.0,65,US SENATE,statewide,gen,False,JEFFREY C. REEVES,INDEPENDENT,False,total,2510.0,721404.0,False,20210114,OTHER
2010,NEVADA,NV,32,88.0,65,US SENATE,statewide,gen,False,JESSE HOLLAND,INDEPENDENT,False,total,3175.0,721404.0,False,20210114,OTHER
2010,NEVADA,NV,32,88.0,65,US SENATE,statewide,gen,False,MICHAEL L. HAINES,INDEPENDENT,False,total,4261.0,721404.0,False,20210114,OTHER
2010,NEVADA,NV,32,88.0,65,US SENATE,statewide,gen,False,OTHER CANDIDATES,,False,total,16197.0,721404.0,False,20210114,OTHER
2010,NEVADA,NV,32,88.0,65,US SENATE,statewide,gen,False,SCOTT ASHJIAN,TEA PARTY OF NEVADA,False,total,5811.0,721404.0,False,20210114,OTHER
2010,NEVADA,NV,32,88.0,65,US SENATE,statewide,gen,False,SHARRON ANGLE,REPUBLICAN,False,total,321361.0,721404.0,False,20210114,REPUBLICAN
2010,NEVADA,NV,32,88.0,65,US SENATE,statewide,gen,False,TIM FASANO,INDEPENDENT AMERICAN,False,total,3185.0,721404.0,False,20210114,OTHER
2010,NEVADA,NV,32,88.0,65,US SENATE,statewide,gen,False,WIL STAND,INDEPENDENT,False,total,2119.0,721404.0,False,20210114,OTHER
2010,NEW HAMPSHIRE,NH,33,12.0,4,US SENATE,statewide,gen,False,CHRIS BOOTH,INDEPENDENT,False,total,9194.0,454710.0,False,20210114,OTHER
2010,NEW HAMPSHIRE,NH,33,12.0,4,US SENATE,statewide,gen,False,KELLY AYOTTE,REPUBLICAN,False,total,273218.0,454710.0,False,20210114,REPUBLICAN
2010,NEW HAMPSHIRE,NH,33,12.0,4,US SENATE,statewide,gen,False,KEN BLEEVENS,LIBERTARIAN,False,total,4753.0,454710.0,False,20210114,LIBERTARIAN
2010,NEW HAMPSHIRE,NH,33,12.0,4,US SENATE,statewide,gen,False,PAUL W. HODES,DEMOCRAT,False,total,167545.0,454710.0,False,20210114,DEMOCRAT
2010,NEW YORK,NY,36,21.0,13,US SENATE,statewide,gen,False,BLANK VOTE/SCATTERING,,False,total,168384.0,4763899.0,False,20210114,OTHER
2010,NEW YORK,NY,36,21.0,13,US SENATE,statewide,gen,False,CHARLES E. SCHUMER,DEMOCRAT,False,total,3047880.0,4763899.0,False,20210114,DEMOCRAT
2010,NEW YORK,NY,36,21.0,13,US SENATE,statewide,gen,False,COLIA CLARK,GREEN,False,total,42341.0,4763899.0,False,20210114,OTHER
2010,NEW YORK,NY,36,21.0,13,US SENATE,statewide,gen,False,JAY TOWNSEND,REPUBLICAN,False,total,1239605.0,4763899.0,False,20210114,REPUBLICAN
2010,NEW YORK,NY,36,21.0,13,US SENATE,statewide,gen,False,JAY TOWNSEND,CONSERVATIVE,False,total,240818.0,4763899.0,False,20210114,OTHER
2010,NEW YORK,NY,36,21.0,13,US SENATE,statewide,gen,False,RANDY A. CREDICO,LIBERTARIAN,False,total,24871.0,4763899.0,False,20210114,LIBERTARIAN
2010,NEW YORK,NY,36,21.0,13,US SENATE,statewide,gen,True,BLANK VOTE/SCATTERING,,False,total,250033.0,4757635.0,False,20210114,OTHER
2010,NEW YORK,NY,36,21.0,13,US SENATE,statewide,gen,True,BRUCE BLAKEMAN,TAX REVOLT,False,total,4516.0,4757635.0,False,20210114,OTHER
2010,NEW YORK,NY,36,21.0,13,US SENATE,statewide,gen,True,CECILE A. LAWRENCE,GREEN,False,total,35489.0,4757635.0,False,20210114,OTHER
2010,NEW YORK,NY,36,21.0,13,US SENATE,statewide,gen,True,JOHN CLIFTON,LIBERTARIAN,False,total,18414.0,4757635.0,False,20210114,LIBERTARIAN
2010,NEW YORK,NY,36,21.0,13,US SENATE,statewide,gen,True,JOSEPH HUFF,RENT IS 2 DAMN HIGH,False,total,17019.0,4757635.0,False,20210114,OTHER
2010,NEW YORK,NY,36,21.0,13,US SENATE,statewide,gen,True,JOSEPH J. DIOGUARDI,CONSERVATIVE,False,total,244385.0,4757635.0,False,20210114,OTHER
2010,NEW YORK,NY,36,21.0,13,US SENATE,statewide,gen,True,JOSEPH J. DIOGUARDI,REPUBLICAN,False,total,1338308.0,4757635.0,False,20210114,REPUBLICAN
2010,NEW YORK,NY,36,21.0,13,US SENATE,statewide,gen,True,KIRSTEN E. GILLIBRAND,DEMOCRAT,False,total,2837684.0,4757635.0,False,20210114,DEMOCRAT
2010,NEW YORK,NY,36,21.0,13,US SENATE,statewide,gen,True,VIVIA MORGAN,ANTI-PROHIBITION,False,total,11787.0,4757635.0,False,20210114,OTHER
2010,NORTH CAROLINA,NC,37,56.0,47,US SENATE,statewide,gen,False,ELAINE MARSHALL,DEMOCRAT,False,total,1145074.0,2660079.0,False,20210114,DEMOCRAT
2010,NORTH CAROLINA,NC,37,56.0,47,US SENATE,statewide,gen,False,MICHAEL BEITLER,LIBERTARIAN,False,total,55687.0,2660079.0,False,20210114,LIBERTARIAN
2010,NORTH CAROLINA,NC,37,56.0,47,US SENATE,statewide,gen,False,RICHARD BURR,REPUBLICAN,False,total,1458046.0,2660079.0,False,20210114,REPUBLICAN
2010,NORTH CAROLINA,NC,37,56.0,47,US SENATE,statewide,gen,False,,,True,total,1272.0,2660079.0,False,20210114,OTHER
2010,NORTH DAKOTA,ND,38,44.0,36,US SENATE,statewide,gen,False,JOHN HOEVEN,REPUBLICAN,False,total,181689.0,238534.0,False,20210114,REPUBLICAN
2010,NORTH DAKOTA,ND,38,44.0,36,US SENATE,statewide,gen,False,KEITH J. HANSON,LIBERTARIAN,False,total,3890.0,238534.0,False,20210114,LIBERTARIAN
2010,NORTH DAKOTA,ND,38,44.0,36,US SENATE,statewide,gen,False,TRACY POTTER,DEMOCRATIC-NONPARTISAN LEAGUE,False,total,52955.0,238534.0,False,20210114,DEMOCRAT
2010,OHIO,OH,39,31.0,24,US SENATE,statewide,gen,False,DANIEL H. LABOTZ,SOCIALIST,False,total,26454.0,3815098.0,False,20210114,OTHER
2010,OHIO,OH,39,31.0,24,US SENATE,statewide,gen,False,ERIC W. DEATON,CONSTITUTION,False,total,65856.0,3815098.0,False,20210114,OTHER
2010,OHIO,OH,39,31.0,24,US SENATE,statewide,gen,False,LEE FISHER,DEMOCRAT,False,total,1503297.0,3815098.0,False,20210114,DEMOCRAT
2010,OHIO,OH,39,31.0,24,US SENATE,statewide,gen,False,MICHAEL L. PRYCE,INDEPENDENT,False,total,50101.0,3815098.0,False,20210114,OTHER
2010,OHIO,OH,39,31.0,24,US SENATE,statewide,gen,False,ROB PORTMAN,REPUBLICAN,False,total,2168742.0,3815098.0,False,20210114,REPUBLICAN
2010,OHIO,OH,39,31.0,24,US SENATE,statewide,gen,False,,,True,total,648.0,3815098.0,False,20210114,OTHER
2010,OKLAHOMA,OK,40,73.0,53,US SENATE,statewide,gen,False,JIM ROGERS,DEMOCRAT,False,total,265814.0,1017151.0,False,20210114,DEMOCRAT
2010,OKLAHOMA,OK,40,73.0,53,US SENATE,statewide,gen,False,RONALD F. DWYER,INDEPENDENT,False,total,7807.0,1017151.0,False,20210114,OTHER
2010,OKLAHOMA,OK,40,73.0,53,US SENATE,statewide,gen,False,STEPHEN P. WALLACE,INDEPENDENT,False,total,25048.0,1017151.0,False,20210114,OTHER
2010,OKLAHOMA,OK,40,73.0,53,US SENATE,statewide,gen,False,THOMAS A. COBURN,REPUBLICAN,False,total,718482.0,1017151.0,False,20210114,REPUBLICAN
2010,OREGON,OR,41,92.0,72,US SENATE,statewide,gen,False,BRUCE CRONK,WORKING FAMILIES,False,total,18940.0,1442588.0,False,20210114,OTHER
2010,OREGON,OR,41,92.0,72,US SENATE,statewide,gen,False,JIM HUFFMAN,REPUBLICAN,False,total,566199.0,1442588.0,False,20210114,REPUBLICAN
2010,OREGON,OR,41,92.0,72,US SENATE,statewide,gen,False,MARC DELPHINE,LIBERTARIAN,False,total,16028.0,1442588.0,False,20210114,LIBERTARIAN
2010,OREGON,OR,41,92.0,72,US SENATE,statewide,gen,False,OTHER,,False,total,1448.0,1442588.0,False,20210114,OTHER
2010,OREGON,OR,41,92.0,72,US SENATE,statewide,gen,False,RICK STAGGENBORG,PROGRESSIVE,False,total,14466.0,1442588.0,False,20210114,OTHER
2010,OREGON,OR,41,92.0,72,US SENATE,statewide,gen,False,RON WYDEN,DEMOCRAT,False,total,825507.0,1442588.0,False,20210114,DEMOCRAT
2010,PENNSYLVANIA,PA,42,23.0,14,US SENATE,statewide,gen,False,JOE SESTAK,DEMOCRAT,False,total,1948716.0,3977661.0,False,20210114,DEMOCRAT
2010,PENNSYLVANIA,PA,42,23.0,14,US SENATE,statewide,gen,False,PAT TOOMEY,REPUBLICAN,False,total,2028945.0,3977661.0,False,20210114,REPUBLICAN
2010,SOUTH CAROLINA,SC,45,57.0,48,US SENATE,statewide,gen,False,ALVIN M. GREENE,DEMOCRAT,False,total,364598.0,1318794.0,False,20210114,DEMOCRAT
2010,SOUTH CAROLINA,SC,45,57.0,48,US SENATE,statewide,gen,False,JIM DEMINT,REPUBLICAN,False,total,810771.0,1318794.0,False,20210114,REPUBLICAN
2010,SOUTH CAROLINA,SC,45,57.0,48,US SENATE,statewide,gen,False,TOM CLEMENTS,GREEN,False,total,121472.0,1318794.0,False,20210114,OTHER
2010,SOUTH CAROLINA,SC,45,57.0,48,US SENATE,statewide,gen,False,,,True,total,21953.0,1318794.0,False,20210114,OTHER
2010,SOUTH DAKOTA,SD,46,45.0,37,US SENATE,statewide,gen,False,JOHN THUNE,REPUBLICAN,False,total,227947.0,227947.0,False,20210114,REPUBLICAN
2010,UTAH,UT,49,87.0,67,US SENATE,statewide,gen,False,MIKE LEE,REPUBLICAN,False,total,360403.0,585230.0,False,20210114,REPUBLICAN
2010,UTAH,UT,49,87.0,67,US SENATE,statewide,gen,False,SAM F. GRANATO,DEMOCRAT,False,total,191732.0,585230.0,False,20210114,DEMOCRAT
2010,UTAH,UT,49,87.0,67,US SENATE,statewide,gen,False,SCOTT N. BRADLEY,CONSTITUTION,False,total,33095.0,585230.0,False,20210114,OTHER
2010,VERMONT,VT,50,13.0,6,US SENATE,statewide,gen,False,CRIS ERICSON,UNITED STATES MARIJUANA,False,total,2731.0,235178.0,False,20210114,OTHER
2010,VERMONT,VT,50,13.0,6,US SENATE,statewide,gen,False,DANIEL FREILICH,INDEPENDENT,False,total,3544.0,235178.0,False,20210114,OTHER
2010,VERMONT,VT,50,13.0,6,US SENATE,statewide,gen,False,JOHENRY NUNES,INDEPENDENT,False,total,1021.0,235178.0,False,20210114,OTHER
2010,VERMONT,VT,50,13.0,6,US SENATE,statewide,gen,False,LEN BRITTON,REPUBLICAN,False,total,72699.0,235178.0,False,20210114,REPUBLICAN
2010,VERMONT,VT,50,13.0,6,US SENATE,statewide,gen,False,PATRICK J. LEAHY,DEMOCRAT,False,total,151281.0,235178.0,False,20210114,DEMOCRAT
2010,VERMONT,VT,50,13.0,6,US SENATE,statewide,gen,False,PETER DIAMONDSTONE,SOCIALIST,False,total,1433.0,235178.0,False,20210114,OTHER
2010,VERMONT,VT,50,13.0,6,US SENATE,statewide,gen,False,STEPHEN J. CAIN,INDEPENDENT,False,total,2356.0,235178.0,False,20210114,OTHER
2010,VERMONT,VT,50,13.0,6,US SENATE,statewide,gen,False,,,True,total,113.0,235178.0,False,20210114,OTHER
2010,WASHINGTON,WA,53,91.0,73,US SENATE,statewide,gen,False,DINO ROSSI,REPUBLICAN,False,total,1196164.0,2511094.0,False,20210114,REPUBLICAN
2010,WASHINGTON,WA,53,91.0,73,US SENATE,statewide,gen,False,PATTY MURRAY,DEMOCRAT,False,total,1314930.0,2511094.0,False,20210114,DEMOCRAT
2010,WEST VIRGINIA,WV,54,55.0,56,US SENATE,statewide,gen,True,JEFF BECKER,CONSTITUTION,False,total,6425.0,529948.0,False,20210114,OTHER
2010,WEST VIRGINIA,WV,54,55.0,56,US SENATE,statewide,gen,True,JESSE JOHNSON,MOUNTAIN PARTY,False,total,10152.0,529948.0,False,20210114,OTHER
2010,WEST VIRGINIA,WV,54,55.0,56,US SENATE,statewide,gen,True,JOE MANCHIN III,DEMOCRAT,False,total,283358.0,529948.0,False,20210114,DEMOCRAT
2010,WEST VIRGINIA,WV,54,55.0,56,US SENATE,statewide,gen,True,JOHN R. RAESE,REPUBLICAN,False,total,230013.0,529948.0,False,20210114,REPUBLICAN
2010,WISCONSIN,WI,55,35.0,25,US SENATE,statewide,gen,False,BLANK VOTE/SCATTERING,,False,total,638.0,2171331.0,False,20210114,OTHER
2010,WISCONSIN,WI,55,35.0,25,US SENATE,statewide,gen,False,"ERNEST J. PAGELS, JR.",REPUBLICAN,False,total,134.0,2171331.0,False,20210114,REPUBLICAN
2010,WISCONSIN,WI,55,35.0,25,US SENATE,statewide,gen,False,MICHAEL D. LAFOREST,INDEPENDENT,False,total,129.0,2171331.0,False,20210114,OTHER
2010,WISCONSIN,WI,55,35.0,25,US SENATE,statewide,gen,False,ROB TAYLOR,CONSTITUTION PARTY OF WISCONSIN,False,total,23473.0,2171331.0,False,20210114,OTHER
2010,WISCONSIN,WI,55,35.0,25,US SENATE,statewide,gen,False,RON JOHNSON,REPUBLICAN,False,total,1125999.0,2171331.0,False,20210114,REPUBLICAN
2010,WISCONSIN,WI,55,35.0,25,US SENATE,statewide,gen,False,RUSSELL D. FEINGOLD,DEMOCRAT,False,total,1020958.0,2171331.0,False,20210114,DEMOCRAT
2012,ARIZONA,AZ,4,86.0,61,US SENATE,statewide,gen,False,JEFF FLAKE,REPUBLICAN,False,total,1104457.0,2243422.0,False,20210114,REPUBLICAN
2012,ARIZONA,AZ,4,86.0,61,US SENATE,statewide,gen,False,MARC VICTOR,LIBERTARIAN,False,total,102109.0,2243422.0,False,20210114,LIBERTARIAN
2012,ARIZONA,AZ,4,86.0,61,US SENATE,statewide,gen,False,RICHARD CARMONA,DEMOCRAT,False,total,1036542.0,2243422.0,False,20210114,DEMOCRAT
2012,ARIZONA,AZ,4,86.0,61,US SENATE,statewide,gen,False,,,True,total,290.0,2243422.0,False,20210114,OTHER
2012,ARIZONA,AZ,4,86.0,61,US SENATE,statewide,gen,False,,,True,total,24.0,2243422.0,False,20210114,OTHER
2012,CALIFORNIA,CA,6,93.0,71,US SENATE,statewide,gen,False,DIANNE FEINSTEIN,DEMOCRAT,False,total,7864624.0,12578511.0,False,20210114,DEMOCRAT
2012,CALIFORNIA,CA,6,93.0,71,US SENATE,statewide,gen,False,ELIZABETH EMKEN,REPUBLICAN,False,total,4713887.0,12578511.0,False,20210114,REPUBLICAN
2012,CONNECTICUT,CT,9,16.0,1,US SENATE,statewide,gen,False,CHRISTOPHER S. MURPHY,DEMOCRAT,False,total,792983.0,1511764.0,False,20210114,DEMOCRAT
2012,CONNECTICUT,CT,9,16.0,1,US SENATE,statewide,gen,False,CHRISTOPHER S. MURPHY,WORKING FAMILIES,False,total,35778.0,1511764.0,False,20210114,OTHER
2012,CONNECTICUT,CT,9,16.0,1,US SENATE,statewide,gen,False,LINDA E. MCMAHON,INDEPENDENT,False,total,46520.0,1511764.0,False,20210114,OTHER
2012,CONNECTICUT,CT,9,16.0,1,US SENATE,statewide,gen,False,LINDA E. MCMAHON,REPUBLICAN,False,total,604569.0,1511764.0,False,20210114,REPUBLICAN
2012,CONNECTICUT,CT,9,16.0,1,US SENATE,statewide,gen,False,PAUL PASSARELLI,LIBERTARIAN,False,total,25045.0,1511764.0,False,20210114,LIBERTARIAN
2012,CONNECTICUT,CT,9,16.0,1,US SENATE,statewide,gen,False,,,True,total,19.0,1511764.0,False,20210114,OTHER
2012,CONNECTICUT,CT,9,16.0,1,US SENATE,statewide,gen,False,,,True,total,8.0,1511764.0,False,20210114,OTHER
2012,CONNECTICUT,CT,9,16.0,1,US SENATE,statewide,gen,False,,,True,total,6414.0,1511764.0,False,20210114,OTHER
2012,CONNECTICUT,CT,9,16.0,1,US SENATE,statewide,gen,False,,,True,total,40.0,1511764.0,False,20210114,OTHER
2012,CONNECTICUT,CT,9,16.0,1,US SENATE,statewide,gen,False,,,True,total,388.0,1511764.0,False,20210114,OTHER
2012,DELAWARE,DE,10,51.0,11,US SENATE,statewide,gen,False,ALEXANDER PIRES,INDEPENDENT,False,total,15300.0,399606.0,False,20210114,OTHER
2012,DELAWARE,DE,10,51.0,11,US SENATE,statewide,gen,False,ANDREW RICHARD GROFF,GREEN,False,total,3191.0,399606.0,False,20210114,OTHER
2012,DELAWARE,DE,10,51.0,11,US SENATE,statewide,gen,False,KEVIN WADE,REPUBLICAN,False,total,115700.0,399606.0,False,20210114,REPUBLICAN
2012,DELAWARE,DE,10,51.0,11,US SENATE,statewide,gen,False,THOMAS R. CARPER,DEMOCRAT,False,total,265415.0,399606.0,False,20210114,DEMOCRAT
2012,FLORIDA,FL,12,59.0,43,US SENATE,statewide,gen,False,BILL GAYLOR,NONE,False,total,126079.0,8189946.0,False,20210114,OTHER
2012,FLORIDA,FL,12,59.0,43,US SENATE,statewide,gen,False,BILL NELSON,DEMOCRAT,False,total,4523451.0,8189946.0,False,20210114,DEMOCRAT
2012,FLORIDA,FL,12,59.0,43,US SENATE,statewide,gen,False,CHRIS BORGIA,NONE,False,total,82089.0,8189946.0,False,20210114,OTHER
2012,FLORIDA,FL,12,59.0,43,US SENATE,statewide,gen,False,CONNIE MACK,REPUBLICAN,False,total,3458267.0,8189946.0,False,20210114,REPUBLICAN
2012,FLORIDA,FL,12,59.0,43,US SENATE,statewide,gen,False,NAOMI CRAINE,,True,total,19.0,8189946.0,False,20210114,OTHER
2012,FLORIDA,FL,12,59.0,43,US SENATE,statewide,gen,False,,,True,total,12.0,8189946.0,False,20210114,OTHER
2012,FLORIDA,FL,12,59.0,43,US SENATE,statewide,gen,False,,,True,total,2.0,8189946.0,False,20210114,OTHER
2012,FLORIDA,FL,12,59.0,43,US SENATE,statewide,gen,False,,,True,total,9.0,8189946.0,False,20210114,OTHER
2012,FLORIDA,FL,12,59.0,43,US SENATE,statewide,gen,False,,,True,total,18.0,8189946.0,False,20210114,OTHER
2012,HAWAII,HI,15,95.0,82,US SENATE,statewide,gen,False,BLANK VOTE,,False,total,6599.0,437159.0,False,20210114,OTHER
2012,HAWAII,HI,15,95.0,82,US SENATE,statewide,gen,False,LINDA LINGLE,REPUBLICAN,False,total,160994.0,437159.0,False,20210114,REPUBLICAN
2012,HAWAII,HI,15,95.0,82,US SENATE,statewide,gen,False,MAZIE K. HIRONO,DEMOCRAT,False,total,269489.0,437159.0,False,20210114,DEMOCRAT
2012,HAWAII,HI,15,95.0,82,US SENATE,statewide,gen,False,OVER VOTE,,False,total,77.0,437159.0,False,20210114,OTHER
2012,INDIANA,IN,18,32.0,22,US SENATE,statewide,gen,False,ANDREW ??ANDY?? HORNING,LIBERTARIAN,False,total,145282.0,2560102.0,False,20210114,LIBERTARIAN
2012,INDIANA,IN,18,32.0,22,US SENATE,statewide,gen,False,JOE DONNELLY,DEMOCRAT,False,total,1281181.0,2560102.0,False,20210114,DEMOCRAT
2012,INDIANA,IN,18,32.0,22,US SENATE,statewide,gen,False,RICHARD E. MOURDOCK,REPUBLICAN,False,total,1133621.0,2560102.0,False,20210114,REPUBLICAN
2012,INDIANA,IN,18,32.0,22,US SENATE,statewide,gen,False,,,True,total,15.0,2560102.0,False,20210114,OTHER
2012,INDIANA,IN,18,32.0,22,US SENATE,statewide,gen,False,,,True,total,3.0,2560102.0,False,20210114,OTHER
2012,MAINE,ME,23,11.0,2,US SENATE,statewide,gen,False,ANDREW IAN DODGE,INDEPENDENT FOR LIBERTY,False,total,5624.0,724720.0,False,20210114,OTHER
2012,MAINE,ME,23,11.0,2,US SENATE,statewide,gen,False,ANGUS KING,INDEPENDENT FOR MAINE,False,total,370580.0,724720.0,False,20210114,OTHER
2012,MAINE,ME,23,11.0,2,US SENATE,statewide,gen,False,BLANK VOTE,,False,total,24121.0,724720.0,False,20210114,OTHER
2012,MAINE,ME,23,11.0,2,US SENATE,statewide,gen,False,"CHARLES E. SUMMERS, JR.",REPUBLICAN,False,total,215399.0,724720.0,False,20210114,REPUBLICAN
2012,MAINE,ME,23,11.0,2,US SENATE,statewide,gen,False,CYNTHIA ANN DILL,DEMOCRAT,False,total,92900.0,724720.0,False,20210114,DEMOCRAT
2012,MAINE,ME,23,11.0,2,US SENATE,statewide,gen,False,DANNY FRANCIS DALTON,,False,total,5807.0,724720.0,False,20210114,OTHER
2012,MAINE,ME,23,11.0,2,US SENATE,statewide,gen,False,STEPHEN M. WOODS,,False,total,10289.0,724720.0,False,20210114,OTHER
2012,MARYLAND,MD,24,52.0,52,US SENATE,statewide,gen,False,BENJAMIN L. CARDIN,DEMOCRAT,False,total,1474028.0,2633234.0,False,20210114,DEMOCRAT
2012,MARYLAND,MD,24,52.0,52,US SENATE,statewide,gen,False,DANIEL JOHN BONGINO,REPUBLICAN,False,total,693291.0,2633234.0,False,20210114,REPUBLICAN
2012,MARYLAND,MD,24,52.0,52,US SENATE,statewide,gen,False,DEAN AHMAD,LIBERTARIAN,False,total,32252.0,2633234.0,False,20210114,LIBERTARIAN
2012,MARYLAND,MD,24,52.0,52,US SENATE,statewide,gen,False,S. ROB SOBHANI,NONE,False,total,430934.0,2633234.0,False,20210114,OTHER
2012,MARYLAND,MD,24,52.0,52,US SENATE,statewide,gen,False,,,True,total,151.0,2633234.0,False,20210114,OTHER
2012,MARYLAND,MD,24,52.0,52,US SENATE,statewide,gen,False,,,True,total,2346.0,2633234.0,False,20210114,OTHER
2012,MARYLAND,MD,24,52.0,52,US SENATE,statewide,gen,False,,,True,total,163.0,2633234.0,False,20210114,OTHER
2012,MARYLAND,MD,24,52.0,52,US SENATE,statewide,gen,False,,,True,total,48.0,2633234.0,False,20210114,OTHER
2012,MARYLAND,MD,24,52.0,52,US SENATE,statewide,gen,False,,,True,total,21.0,2633234.0,False,20210114,OTHER
2012,MASSACHUSETTS,MA,25,14.0,3,US SENATE,statewide,gen,False,BLANK VOTE/SCATTERING,,False,total,27643.0,3184196.0,False,20210114,OTHER
2012,MASSACHUSETTS,MA,25,14.0,3,US SENATE,statewide,gen,False,ELIZABETH A. WARREN,DEMOCRAT,False,total,1696346.0,3184196.0,False,20210114,DEMOCRAT
2012,MASSACHUSETTS,MA,25,14.0,3,US SENATE,statewide,gen,False,OTHER,,False,total,2159.0,3184196.0,False,20210114,OTHER
2012,MASSACHUSETTS,MA,25,14.0,3,US SENATE,statewide,gen,False,SCOTT P. BROWN,REPUBLICAN,False,total,1458048.0,3184196.0,False,20210114,REPUBLICAN
2012,MICHIGAN,MI,26,34.0,23,US SENATE,statewide,gen,False,DEBBIE STABENOW,DEMOCRAT,False,total,2735826.0,4652918.0,False,20210114,DEMOCRAT
2012,MICHIGAN,MI,26,34.0,23,US SENATE,statewide,gen,False,HARLEY MIKKELSON,GREEN,False,total,27890.0,4652918.0,False,20210114,OTHER
2012,MICHIGAN,MI,26,34.0,23,US SENATE,statewide,gen,False,JOHN D. LITLE,NATURAL LAW,False,total,11229.0,4652918.0,False,20210114,OTHER
2012,MICHIGAN,MI,26,34.0,23,US SENATE,statewide,gen,False,PETE HOEKSTRA,REPUBLICAN,False,total,1767386.0,4652918.0,False,20210114,REPUBLICAN
2012,MICHIGAN,MI,26,34.0,23,US SENATE,statewide,gen,False,RICHARD A. MATKIN,U.S. TAXPAYERS,False,total,26038.0,4652918.0,False,20210114,OTHER
2012,MICHIGAN,MI,26,34.0,23,US SENATE,statewide,gen,False,SCOTTY BOMAN,LIBERTARIAN,False,total,84480.0,4652918.0,False,20210114,LIBERTARIAN
2012,MICHIGAN,MI,26,34.0,23,US SENATE,statewide,gen,False,,,True,total,10.0,4652918.0,False,20210114,OTHER
2012,MICHIGAN,MI,26,34.0,23,US SENATE,statewide,gen,False,,,True,total,7.0,4652918.0,False,20210114,OTHER
2012,MICHIGAN,MI,26,34.0,23,US SENATE,statewide,gen,False,,,True,total,48.0,4652918.0,False,20210114,OTHER
2012,MICHIGAN,MI,26,34.0,23,US SENATE,statewide,gen,False,,,True,total,4.0,4652918.0,False,20210114,OTHER
2012,MINNESOTA,MN,27,41.0,33,US SENATE,statewide,gen,False,AMY KLOBUCHAR,DEMOCRAT,False,total,1854595.0,2843207.0,False,20210114,DEMOCRAT
2012,MINNESOTA,MN,27,41.0,33,US SENATE,statewide,gen,False,KURT BILLS,REPUBLICAN,False,total,867974.0,2843207.0,False,20210114,REPUBLICAN
2012,MINNESOTA,MN,27,41.0,33,US SENATE,statewide,gen,False,MICHAEL CAVLAN,MINNESOTA OPEN PROGRESSIVES,False,total,13986.0,2843207.0,False,20210114,OTHER
2012,MINNESOTA,MN,27,41.0,33,US SENATE,statewide,gen,False,STEPHEN WILLIAMS,INDEPENDENCE,False,total,73539.0,2843207.0,False,20210114,OTHER
2012,MINNESOTA,MN,27,41.0,33,US SENATE,statewide,gen,False,TIM DAVIS,GRASSROOTS PARTY,False,total,30531.0,2843207.0,False,20210114,OTHER
2012,MINNESOTA,MN,27,41.0,33,US SENATE,statewide,gen,False,,,True,total,2582.0,2843207.0,False,20210114,OTHER
2012,MISSISSIPPI,MS,28,64.0,46,US SENATE,statewide,gen,False,"ALBERT N. GORE, JR.",DEMOCRAT,False,total,503467.0,1241568.0,False,20210114,DEMOCRAT
2012,MISSISSIPPI,MS,28,64.0,46,US SENATE,statewide,gen,False,ROGER F. WICKER,REPUBLICAN,False,total,709626.0,1241568.0,False,20210114,REPUBLICAN
2012,MISSISSIPPI,MS,28,64.0,46,US SENATE,statewide,gen,False,SHAWN O'HARA,REFORM,False,total,13194.0,1241568.0,False,20210114,OTHER
2012,MISSISSIPPI,MS,28,64.0,46,US SENATE,statewide,gen,False,THOMAS CRAMER,CONSTITUTION,False,total,15281.0,1241568.0,False,20210114,OTHER
2012,MISSOURI,MO,29,43.0,34,US SENATE,statewide,gen,False,CLAIRE MCCASKILL,DEMOCRAT,False,total,1494125.0,2725793.0,False,20210114,DEMOCRAT
2012,MISSOURI,MO,29,43.0,34,US SENATE,statewide,gen,False,JONATHAN DINE,LIBERTARIAN,False,total,165468.0,2725793.0,False,20210114,LIBERTARIAN
2012,MISSOURI,MO,29,43.0,34,US SENATE,statewide,gen,False,W. TODD AKIN,REPUBLICAN,False,total,1066159.0,2725793.0,False,20210114,REPUBLICAN
2012,MISSOURI,MO,29,43.0,34,US SENATE,statewide,gen,False,,,True,total,4.0,2725793.0,False,20210114,OTHER
2012,MISSOURI,MO,29,43.0,34,US SENATE,statewide,gen,False,,,True,total,5.0,2725793.0,False,20210114,OTHER
2012,MISSOURI,MO,29,43.0,34,US SENATE,statewide,gen,False,,,True,total,6.0,2725793.0,False,20210114,OTHER
2012,MISSOURI,MO,29,43.0,34,US SENATE,statewide,gen,False,,,True,total,2.0,2725793.0,False,20210114,OTHER
2012,MISSOURI,MO,29,43.0,34,US SENATE,statewide,gen,False,,,True,total,9.0,2725793.0,False,20210114,OTHER
2012,MISSOURI,MO,29,43.0,34,US SENATE,statewide,gen,False,,,True,total,15.0,2725793.0,False,20210114,OTHER
2012,MONTANA,MT,30,81.0,64,US SENATE,statewide,gen,False,DAN COX,LIBERTARIAN,False,total,31892.0,486066.0,False,20210114,LIBERTARIAN
2012,MONTANA,MT,30,81.0,64,US SENATE,statewide,gen,False,DENNY REHBERG,REPUBLICAN,False,total,218051.0,486066.0,False,20210114,REPUBLICAN
2012,MONTANA,MT,30,81.0,64,US SENATE,statewide,gen,False,JON TESTER,DEMOCRAT,False,total,236123.0,486066.0,False,20210114,DEMOCRAT
2012,NEBRASKA,NE,31,46.0,35,US SENATE,statewide,gen,False,BOB KERREY,DEMOCRAT,False,total,332979.0,788572.0,False,20210114,DEMOCRAT
2012,NEBRASKA,NE,31,46.0,35,US SENATE,statewide,gen,False,DEB FISCHER,REPUBLICAN,False,total,455593.0,788572.0,False,20210114,REPUBLICAN
2012,NEVADA,NV,32,88.0,65,US SENATE,statewide,gen,False,DAVID LORY VANDERBEEK,INDEPENDENT AMERICAN,False,total,48792.0,997805.0,False,20210114,OTHER
2012,NEVADA,NV,32,88.0,65,US SENATE,statewide,gen,False,DEAN HELLER,REPUBLICAN,False,total,457656.0,997805.0,False,20210114,REPUBLICAN
2012,NEVADA,NV,32,88.0,65,US SENATE,statewide,gen,False,OTHER,,False,total,45277.0,997805.0,False,20210114,OTHER
2012,NEVADA,NV,32,88.0,65,US SENATE,statewide,gen,False,SHELLEY BERKLEY,DEMOCRAT,False,total,446080.0,997805.0,False,20210114,DEMOCRAT
2012,NEW JERSEY,NJ,34,22.0,12,US SENATE,statewide,gen,False,DARYL MIKELL BROOKS,REFORM NATION,False,total,2066.0,3376649.0,False,20210114,OTHER
2012,NEW JERSEY,NJ,34,22.0,12,US SENATE,statewide,gen,False,EUGENE MARTIN LAVERGNE,NO SLOGAN,False,total,2198.0,3376649.0,False,20210114,OTHER
2012,NEW JERSEY,NJ,34,22.0,12,US SENATE,statewide,gen,False,GREGORY PASON,SOCIALIST PARTY USA,False,total,2249.0,3376649.0,False,20210114,OTHER
2012,NEW JERSEY,NJ,34,22.0,12,US SENATE,statewide,gen,False,GWEN DIAKOS,JERSEY STRONG INDEPENDENTS,False,total,9359.0,3376649.0,False,20210114,OTHER
2012,NEW JERSEY,NJ,34,22.0,12,US SENATE,statewide,gen,False,INDER ??ANDY?? SONI,AMERICA FIRST,False,total,3593.0,3376649.0,False,20210114,OTHER
2012,NEW JERSEY,NJ,34,22.0,12,US SENATE,statewide,gen,False,J. DAVID DRANIKOFF,TOTALLY INDEPENDENT CANDIDATE,False,total,3834.0,3376649.0,False,20210114,OTHER
2012,NEW JERSEY,NJ,34,22.0,12,US SENATE,statewide,gen,False,JOE KYRILLOS,REPUBLICAN,False,total,1329534.0,3376649.0,False,20210114,REPUBLICAN
2012,NEW JERSEY,NJ,34,22.0,12,US SENATE,statewide,gen,False,KEN WOLSKI,GREEN,False,total,15801.0,3376649.0,False,20210114,OTHER
2012,NEW JERSEY,NJ,34,22.0,12,US SENATE,statewide,gen,False,KENNETH R. KAPLAN,LIBERTARIAN,False,total,16803.0,3376649.0,False,20210114,LIBERTARIAN
2012,NEW JERSEY,NJ,34,22.0,12,US SENATE,statewide,gen,False,ROBERT ??TURK?? TURKAVAGE,RESPONSIBILITY FAIRNESS INTEGRITY,False,total,3532.0,3376649.0,False,20210114,OTHER
2012,NEW JERSEY,NJ,34,22.0,12,US SENATE,statewide,gen,False,ROBERT MENENDEZ,DEMOCRAT,False,total,1987680.0,3376649.0,False,20210114,DEMOCRAT
2012,NEW MEXICO,NM,35,85.0,66,US SENATE,statewide,gen,False,HEATHER A. WILSON,REPUBLICAN,False,total,351260.0,775793.0,False,20210114,REPUBLICAN
2012,NEW MEXICO,NM,35,85.0,66,US SENATE,statewide,gen,False,JON R. BARRIE,INDEPENDENT AMERICAN,False,total,28199.0,775793.0,False,20210114,OTHER
2012,NEW MEXICO,NM,35,85.0,66,US SENATE,statewide,gen,False,MARTIN HEINRICH,DEMOCRAT,False,total,395717.0,775793.0,False,20210114,DEMOCRAT
2012,NEW MEXICO,NM,35,85.0,66,US SENATE,statewide,gen,False,,,True,total,617.0,775793.0,False,20210114,OTHER
2012,NEW YORK,NY,36,21.0,13,US SENATE,statewide,gen,False,BLANK VOTE/VOID VOTE/SCATTERING,,False,total,455963.0,7116628.0,False,20210114,OTHER
2012,NEW YORK,NY,36,21.0,13,US SENATE,statewide,gen,False,CHRIS EDES,LIBERTARIAN,False,total,31894.0,7116628.0,False,20210114,LIBERTARIAN
2012,NEW YORK,NY,36,21.0,13,US SENATE,statewide,gen,False,COLIA CLARK,GREEN,False,total,42442.0,7116628.0,False,20210114,OTHER
2012,NEW YORK,NY,36,21.0,13,US SENATE,statewide,gen,False,JOHN MANGELLI,COMMON SENSE,False,total,21985.0,7116628.0,False,20210114,OTHER
2012,NEW YORK,NY,36,21.0,13,US SENATE,statewide,gen,False,KIRSTEN E. GILLIBRAND,WORKING FAMILIES,False,total,250580.0,7116628.0,False,20210114,OTHER
2012,NEW YORK,NY,36,21.0,13,US SENATE,statewide,gen,False,KIRSTEN E. GILLIBRAND,INDEPENDENCE,False,total,138255.0,7116628.0,False,20210114,OTHER
2012,NEW YORK,NY,36,21.0,13,US SENATE,statewide,gen,False,KIRSTEN E. GILLIBRAND,DEMOCRAT,False,total,4420043.0,7116628.0,False,20210114,DEMOCRAT
2012,NEW YORK,NY,36,21.0,13,US SENATE,statewide,gen,False,WENDY LONG,REPUBLICAN,False,total,1514647.0,7116628.0,False,20210114,REPUBLICAN
2012,NEW YORK,NY,36,21.0,13,US SENATE,statewide,gen,False,WENDY LONG,CONSERVATIVE,False,total,240819.0,7116628.0,False,20210114,OTHER
2012,NORTH DAKOTA,ND,38,44.0,36,US SENATE,statewide,gen,False,HEIDI HEITKAMP,DEMOCRAT,False,total,161337.0,321144.0,False,20210114,DEMOCRAT
2012,NORTH DAKOTA,ND,38,44.0,36,US SENATE,statewide,gen,False,RICK BERG,REPUBLICAN,False,total,158401.0,321144.0,False,20210114,REPUBLICAN
2012,NORTH DAKOTA,ND,38,44.0,36,US SENATE,statewide,gen,False,,,True,total,1406.0,321144.0,False,20210114,OTHER
2012,OHIO,OH,39,31.0,24,US SENATE,statewide,gen,False,JOSH MANDEL,REPUBLICAN,False,total,2435712.0,5449018.0,False,20210114,REPUBLICAN
2012,OHIO,OH,39,31.0,24,US SENATE,statewide,gen,False,SCOTT A. RUPERT,INDEPENDENT,False,total,250616.0,5449018.0,False,20210114,OTHER
2012,OHIO,OH,39,31.0,24,US SENATE,statewide,gen,False,SHERROD BROWN,DEMOCRAT,False,total,2762690.0,5449018.0,False,20210114,DEMOCRAT
2012,PENNSYLVANIA,PA,42,23.0,14,US SENATE,statewide,gen,False,RAYBURN DOUGLAS SMITH,LIBERTARIAN,False,total,96926.0,5627422.0,False,20210114,LIBERTARIAN
2012,PENNSYLVANIA,PA,42,23.0,14,US SENATE,statewide,gen,False,"ROBERT P. CASEY, JR.",DEMOCRAT,False,total,3021364.0,5627422.0,False,20210114,DEMOCRAT
2012,PENNSYLVANIA,PA,42,23.0,14,US SENATE,statewide,gen,False,TOM SMITH,REPUBLICAN,False,total,2509132.0,5627422.0,False,20210114,REPUBLICAN
2012,RHODE ISLAND,RI,44,15.0,5,US SENATE,statewide,gen,False,BENJAMIN BARRETT HINCKLEY III,REPUBLICAN,False,total,146222.0,418189.0,False,20210114,REPUBLICAN
2012,RHODE ISLAND,RI,44,15.0,5,US SENATE,statewide,gen,False,SHELDON WHITEHOUSE,DEMOCRAT,False,total,271034.0,418189.0,False,20210114,DEMOCRAT
2012,RHODE ISLAND,RI,44,15.0,5,US SENATE,statewide,gen,False,,,True,total,933.0,418189.0,False,20210114,OTHER
2012,TENNESSEE,TN,47,62.0,54,US SENATE,statewide,gen,False,BOB CORKER,REPUBLICAN,False,total,1506443.0,2321477.0,False,20210114,REPUBLICAN
2012,TENNESSEE,TN,47,62.0,54,US SENATE,statewide,gen,False,DAVID GATCHELL,INDEPENDENT,False,total,6523.0,2321477.0,False,20210114,OTHER
2012,TENNESSEE,TN,47,62.0,54,US SENATE,statewide,gen,False,JAMES HIGDON,INDEPENDENT,False,total,8085.0,2321477.0,False,20210114,OTHER
2012,TENNESSEE,TN,47,62.0,54,US SENATE,statewide,gen,False,KERMIT STECK,CONSTITUTION,False,total,18620.0,2321477.0,False,20210114,OTHER
2012,TENNESSEE,TN,47,62.0,54,US SENATE,statewide,gen,False,MARK E. CLAYTON,DEMOCRAT,False,total,705882.0,2321477.0,False,20210114,DEMOCRAT
2012,TENNESSEE,TN,47,62.0,54,US SENATE,statewide,gen,False,MARTIN PLEASANT,GREEN,False,total,38472.0,2321477.0,False,20210114,OTHER
2012,TENNESSEE,TN,47,62.0,54,US SENATE,statewide,gen,False,MICHEL JOSEPH LONG,INDEPENDENT,False,total,8080.0,2321477.0,False,20210114,OTHER
2012,TENNESSEE,TN,47,62.0,54,US SENATE,statewide,gen,False,SHAUN E. CROWELL,INDEPENDENT,False,total,20936.0,2321477.0,False,20210114,OTHER
2012,TENNESSEE,TN,47,62.0,54,US SENATE,statewide,gen,False,TROY STEPHEN SCOGGIN,INDEPENDENT,False,total,7148.0,2321477.0,False,20210114,OTHER
2012,TENNESSEE,TN,47,62.0,54,US SENATE,statewide,gen,False,,,True,total,409.0,2321477.0,False,20210114,OTHER
2012,TENNESSEE,TN,47,62.0,54,US SENATE,statewide,gen,False,,,True,total,18.0,2321477.0,False,20210114,OTHER
2012,TENNESSEE,TN,47,62.0,54,US SENATE,statewide,gen,False,,,True,total,2.0,2321477.0,False,20210114,OTHER
2012,TENNESSEE,TN,47,62.0,54,US SENATE,statewide,gen,False,,,True,total,117.0,2321477.0,False,20210114,OTHER
2012,TENNESSEE,TN,47,62.0,54,US SENATE,statewide,gen,False,,,True,total,5.0,2321477.0,False,20210114,OTHER
2012,TENNESSEE,TN,47,62.0,54,US SENATE,statewide,gen,False,,,True,total,12.0,2321477.0,False,20210114,OTHER
2012,TENNESSEE,TN,47,62.0,54,US SENATE,statewide,gen,False,,,True,total,14.0,2321477.0,False,20210114,OTHER
2012,TENNESSEE,TN,47,62.0,54,US SENATE,statewide,gen,False,,,True,total,470.0,2321477.0,False,20210114,OTHER
2012,TENNESSEE,TN,47,62.0,54,US SENATE,statewide,gen,False,,,True,total,23.0,2321477.0,False,20210114,OTHER
2012,TENNESSEE,TN,47,62.0,54,US SENATE,statewide,gen,False,,,True,total,218.0,2321477.0,False,20210114,OTHER
2012,TEXAS,TX,48,74.0,49,US SENATE,statewide,gen,False,DAVID B. COLLINS,GREEN,False,total,67404.0,7864822.0,False,20210114,OTHER
2012,TEXAS,TX,48,74.0,49,US SENATE,statewide,gen,False,JOHN JAY MYERS,LIBERTARIAN,False,total,162354.0,7864822.0,False,20210114,LIBERTARIAN
2012,TEXAS,TX,48,74.0,49,US SENATE,statewide,gen,False,PAUL SADLER,DEMOCRAT,False,total,3194927.0,7864822.0,False,20210114,DEMOCRAT
2012,TEXAS,TX,48,74.0,49,US SENATE,statewide,gen,False,TED CRUZ,REPUBLICAN,False,total,4440137.0,7864822.0,False,20210114,REPUBLICAN
2012,UTAH,UT,49,87.0,67,US SENATE,statewide,gen,False,BILL BARRON,NONE,False,total,7172.0,1006901.0,False,20210114,OTHER
2012,UTAH,UT,49,87.0,67,US SENATE,statewide,gen,False,DANIEL GEERY,JUSTICE,False,total,8342.0,1006901.0,False,20210114,OTHER
2012,UTAH,UT,49,87.0,67,US SENATE,statewide,gen,False,ORRIN G. HATCH,REPUBLICAN,False,total,657608.0,1006901.0,False,20210114,REPUBLICAN
2012,UTAH,UT,49,87.0,67,US SENATE,statewide,gen,False,SCOTT HOWELL,DEMOCRAT,False,total,301873.0,1006901.0,False,20210114,DEMOCRAT
2012,UTAH,UT,49,87.0,67,US SENATE,statewide,gen,False,SHAUN LYNN MCCAUSLAND,CONSTITUTION,False,total,31905.0,1006901.0,False,20210114,OTHER
2012,UTAH,UT,49,87.0,67,US SENATE,statewide,gen,False,,,True,total,1.0,1006901.0,False,20210114,OTHER
2012,VERMONT,VT,50,13.0,6,US SENATE,statewide,gen,False,BERNARD SANDERS,INDEPENDENT,False,total,207848.0,292762.0,False,20210114,OTHER
2012,VERMONT,VT,50,13.0,6,US SENATE,statewide,gen,False,CHRIS ERICSON,UNITED STATES MARIJUANA,False,total,5924.0,292762.0,False,20210114,OTHER
2012,VERMONT,VT,50,13.0,6,US SENATE,statewide,gen,False,JOHN MACGOVERN,REPUBLICAN,False,total,72898.0,292762.0,False,20210114,REPUBLICAN
2012,VERMONT,VT,50,13.0,6,US SENATE,statewide,gen,False,LAUREL LAFRAMBOISE,VOTEKISS,False,total,877.0,292762.0,False,20210114,OTHER
2012,VERMONT,VT,50,13.0,6,US SENATE,statewide,gen,False,PETE DIAMONDSTONE,LIBERTY UNION,False,total,2511.0,292762.0,False,20210114,OTHER
2012,VERMONT,VT,50,13.0,6,US SENATE,statewide,gen,False,PETER MOSS,PEACE AND PROSPERITY,False,total,2452.0,292762.0,False,20210114,OTHER
2012,VERMONT,VT,50,13.0,6,US SENATE,statewide,gen,False,,,True,total,252.0,292762.0,False,20210114,OTHER
2012,VIRGINIA,VA,51,54.0,40,US SENATE,statewide,gen,False,GEORGE F. ALLEN,REPUBLICAN,False,total,1785542.0,3802196.0,False,20210114,REPUBLICAN
2012,VIRGINIA,VA,51,54.0,40,US SENATE,statewide,gen,False,TIMOTHY M. KAINE,DEMOCRAT,False,total,2010067.0,3802196.0,False,20210114,DEMOCRAT
2012,VIRGINIA,VA,51,54.0,40,US SENATE,statewide,gen,False,,,True,total,6587.0,3802196.0,False,20210114,OTHER
2012,WASHINGTON,WA,53,91.0,73,US SENATE,statewide,gen,False,MARIA CANTWELL,DEMOCRAT,False,total,1855493.0,3069417.0,False,20210114,DEMOCRAT
2012,WASHINGTON,WA,53,91.0,73,US SENATE,statewide,gen,False,MICHAEL BAUMGARTNER,REPUBLICAN,False,total,1213924.0,3069417.0,False,20210114,REPUBLICAN
2012,WEST VIRGINIA,WV,54,55.0,56,US SENATE,statewide,gen,False,BOB HENRY BABER,MOUNTAIN PARTY,False,total,19517.0,660202.0,False,20210114,OTHER
2012,WEST VIRGINIA,WV,54,55.0,56,US SENATE,statewide,gen,False,JOE MANCHIN III,DEMOCRAT,False,total,399898.0,660202.0,False,20210114,DEMOCRAT
2012,WEST VIRGINIA,WV,54,55.0,56,US SENATE,statewide,gen,False,JOHN R. RAESE,REPUBLICAN,False,total,240787.0,660202.0,False,20210114,REPUBLICAN
2012,WISCONSIN,WI,55,35.0,25,US SENATE,statewide,gen,False,JOSEPH KEXEL,LIBERTARIAN,False,total,62240.0,3009411.0,False,20210114,LIBERTARIAN
2012,WISCONSIN,WI,55,35.0,25,US SENATE,statewide,gen,False,NIMROD Y. U. ALLEN III,I.D.E.A.,False,total,16455.0,3009411.0,False,20210114,OTHER
2012,WISCONSIN,WI,55,35.0,25,US SENATE,statewide,gen,False,SCATTER,,False,total,3373.0,3009411.0,False,20210114,OTHER
2012,WISCONSIN,WI,55,35.0,25,US SENATE,statewide,gen,False,TAMMY BALDWIN,DEMOCRAT,False,total,1547104.0,3009411.0,False,20210114,DEMOCRAT
2012,WISCONSIN,WI,55,35.0,25,US SENATE,statewide,gen,False,TOMMY G. THOMPSON,REPUBLICAN,False,total,1380126.0,3009411.0,False,20210114,REPUBLICAN
2012,WISCONSIN,WI,55,35.0,25,US SENATE,statewide,gen,False,,,True,total,43.0,3009411.0,False,20210114,OTHER
2012,WISCONSIN,WI,55,35.0,25,US SENATE,statewide,gen,False,,,True,total,70.0,3009411.0,False,20210114,OTHER
2012,WYOMING,WY,56,83.0,68,US SENATE,statewide,gen,False,BLANK VOTE,,False,total,5747.0,250700.0,False,20210114,OTHER
2012,WYOMING,WY,56,83.0,68,US SENATE,statewide,gen,False,JOEL OTTO,COUNTRY PARTY,False,total,6176.0,250700.0,False,20210114,OTHER
2012,WYOMING,WY,56,83.0,68,US SENATE,statewide,gen,False,JOHN BARRASSO,REPUBLICAN,False,total,185250.0,250700.0,False,20210114,REPUBLICAN
2012,WYOMING,WY,56,83.0,68,US SENATE,statewide,gen,False,OVER VOTE,,False,total,91.0,250700.0,False,20210114,OTHER
2012,WYOMING,WY,56,83.0,68,US SENATE,statewide,gen,False,TIM CHESNUT,DEMOCRAT,False,total,53019.0,250700.0,False,20210114,DEMOCRAT
2012,WYOMING,WY,56,83.0,68,US SENATE,statewide,gen,False,,,True,total,417.0,250700.0,False,20210114,OTHER
2014,ALABAMA,AL,1,63.0,41,US SENATE,statewide,gen,False,JEFF SESSIONS,REPUBLICAN,False,total,795606.0,818090.0,False,20210114,REPUBLICAN
2014,ALABAMA,AL,1,63.0,41,US SENATE,statewide,gen,False,,,True,total,22484.0,818090.0,False,20210114,OTHER
2014,ALASKA,AK,2,94.0,81,US SENATE,statewide,gen,False,DAN SULLIVAN,REPUBLICAN,False,total,135445.0,282400.0,False,20210114,REPUBLICAN
2014,ALASKA,AK,2,94.0,81,US SENATE,statewide,gen,False,MARK BEGICH,DEMOCRAT,False,total,129431.0,282400.0,False,20210114,DEMOCRAT
2014,ALASKA,AK,2,94.0,81,US SENATE,statewide,gen,False,MARK S. FISH,LIBERTARIAN,False,total,10512.0,282400.0,False,20210114,LIBERTARIAN
2014,ALASKA,AK,2,94.0,81,US SENATE,statewide,gen,False,TED GIANOUTSOS,NONAFFILIATED,False,total,5636.0,282400.0,False,20210114,OTHER
2014,ALASKA,AK,2,94.0,81,US SENATE,statewide,gen,False,,,True,total,1376.0,282400.0,False,20210114,OTHER
2014,ARKANSAS,AR,5,71.0,42,US SENATE,statewide,gen,False,MARK H. SWANEY,GREEN,False,total,16797.0,847505.0,False,20210114,OTHER
2014,ARKANSAS,AR,5,71.0,42,US SENATE,statewide,gen,False,MARK L. PRYOR,DEMOCRAT,False,total,334174.0,847505.0,False,20210114,DEMOCRAT
2014,ARKANSAS,AR,5,71.0,42,US SENATE,statewide,gen,False,NATHAN LAFRANCE,LIBERTARIAN,False,total,17210.0,847505.0,False,20210114,LIBERTARIAN
2014,ARKANSAS,AR,5,71.0,42,US SENATE,statewide,gen,False,TOM COTTON,REPUBLICAN,False,total,478819.0,847505.0,False,20210114,REPUBLICAN
2014,ARKANSAS,AR,5,71.0,42,US SENATE,statewide,gen,False,,,True,total,505.0,847505.0,False,20210114,OTHER
2014,COLORADO,CO,8,84.0,62,US SENATE,statewide,gen,False,BILL HAMMONS,UNITY PARTY OF COLORADO,False,total,6427.0,2041058.0,False,20210114,OTHER
2014,COLORADO,CO,8,84.0,62,US SENATE,statewide,gen,False,CORY GARDNER,REPUBLICAN,False,total,983891.0,2041058.0,False,20210114,REPUBLICAN
2014,COLORADO,CO,8,84.0,62,US SENATE,statewide,gen,False,GAYLON KENT,LIBERTARIAN,False,total,52876.0,2041058.0,False,20210114,LIBERTARIAN
2014,COLORADO,CO,8,84.0,62,US SENATE,statewide,gen,False,MARK UDALL,DEMOCRAT,False,total,944203.0,2041058.0,False,20210114,DEMOCRAT
2014,COLORADO,CO,8,84.0,62,US SENATE,statewide,gen,False,RA_L ACOSTA,UNAFFILIATED,False,total,24151.0,2041058.0,False,20210114,OTHER
2014,COLORADO,CO,8,84.0,62,US SENATE,statewide,gen,False,STEVE SHOGAN,UNAFFILIATED,False,total,29472.0,2041058.0,False,20210114,OTHER
2014,COLORADO,CO,8,84.0,62,US SENATE,statewide,gen,False,,,True,total,21.0,2041058.0,False,20210114,OTHER
2014,COLORADO,CO,8,84.0,62,US SENATE,statewide,gen,False,,,True,total,17.0,2041058.0,False,20210114,OTHER
2014,DELAWARE,DE,10,51.0,11,US SENATE,statewide,gen,False,ANDREW GROFF,GREEN,False,total,4560.0,234038.0,False,20210114,OTHER
2014,DELAWARE,DE,10,51.0,11,US SENATE,statewide,gen,False,CHRISTOPHER A. COONS,DEMOCRAT,False,total,130655.0,234038.0,False,20210114,DEMOCRAT
2014,DELAWARE,DE,10,51.0,11,US SENATE,statewide,gen,False,KEVIN WADE,REPUBLICAN,False,total,98823.0,234038.0,False,20210114,REPUBLICAN
2014,GEORGIA,GA,13,58.0,44,US SENATE,statewide,gen,False,AMANDA C. SWAFFORD,LIBERTARIAN,False,total,48862.0,2567805.0,False,20210114,LIBERTARIAN
2014,GEORGIA,GA,13,58.0,44,US SENATE,statewide,gen,False,DAVID A. PERDUE,REPUBLICAN,False,total,1358088.0,2567805.0,False,20210114,REPUBLICAN
2014,GEORGIA,GA,13,58.0,44,US SENATE,statewide,gen,False,M. MICHELLE NUNN,DEMOCRAT,False,total,1160811.0,2567805.0,False,20210114,DEMOCRAT
2014,GEORGIA,GA,13,58.0,44,US SENATE,statewide,gen,False,,,True,total,14.0,2567805.0,False,20210114,OTHER
2014,GEORGIA,GA,13,58.0,44,US SENATE,statewide,gen,False,,,True,total,9.0,2567805.0,False,20210114,OTHER
2014,GEORGIA,GA,13,58.0,44,US SENATE,statewide,gen,False,,,True,total,21.0,2567805.0,False,20210114,OTHER
2014,HAWAII,HI,15,95.0,82,US SENATE,statewide,gen,True,BLANK VOTE,,False,total,15777.0,369703.0,False,20210114,OTHER
2014,HAWAII,HI,15,95.0,82,US SENATE,statewide,gen,True,BRIAN SCHATZ,DEMOCRAT,False,total,246827.0,369703.0,False,20210114,DEMOCRAT
2014,HAWAII,HI,15,95.0,82,US SENATE,statewide,gen,True,CAM CAVASSO,REPUBLICAN,False,total,98006.0,369703.0,False,20210114,REPUBLICAN
2014,HAWAII,HI,15,95.0,82,US SENATE,statewide,gen,True,MICHAEL KOKOSKI,LIBERTARIAN,False,total,8941.0,369703.0,False,20210114,LIBERTARIAN
2014,HAWAII,HI,15,95.0,82,US SENATE,statewide,gen,True,OVER VOTE,,False,total,152.0,369703.0,False,20210114,OTHER
2014,IDAHO,ID,16,82.0,63,US SENATE,statewide,gen,False,JAMES E. RISCH,REPUBLICAN,False,total,285596.0,437170.0,False,20210114,REPUBLICAN
2014,IDAHO,ID,16,82.0,63,US SENATE,statewide,gen,False,NELS MITCHELL,DEMOCRAT,False,total,151574.0,437170.0,False,20210114,DEMOCRAT
2014,ILLINOIS,IL,17,33.0,21,US SENATE,statewide,gen,False,"JAMES D. ""JIM"" OBERWEIS",REPUBLICAN,False,total,1538522.0,3603519.0,False,20210114,REPUBLICAN
2014,ILLINOIS,IL,17,33.0,21,US SENATE,statewide,gen,False,RICHARD J. DURBIN,DEMOCRAT,False,total,1929637.0,3603519.0,False,20210114,DEMOCRAT
2014,ILLINOIS,IL,17,33.0,21,US SENATE,statewide,gen,False,SHARON HANSEN,LIBERTARIAN,False,total,135316.0,3603519.0,False,20210114,LIBERTARIAN
2014,ILLINOIS,IL,17,33.0,21,US SENATE,statewide,gen,False,,,True,total,12.0,3603519.0,False,20210114,OTHER
2014,ILLINOIS,IL,17,33.0,21,US SENATE,statewide,gen,False,,,True,total,1.0,3603519.0,False,20210114,OTHER
2014,ILLINOIS,IL,17,33.0,21,US SENATE,statewide,gen,False,,,True,total,31.0,3603519.0,False,20210114,OTHER
2014,IOWA,IA,19,42.0,31,US SENATE,statewide,gen,False,BOB QUAST,BOB QUAST FOR TERM LIMITS,False,total,5873.0,1129700.0,False,20210114,OTHER
2014,IOWA,IA,19,42.0,31,US SENATE,statewide,gen,False,BRUCE BRALEY,DEMOCRAT,False,total,494370.0,1129700.0,False,20210114,DEMOCRAT
2014,IOWA,IA,19,42.0,31,US SENATE,statewide,gen,False,DOUGLAS BUTZIER,LIBERTARIAN,False,total,8232.0,1129700.0,False,20210114,LIBERTARIAN
2014,IOWA,IA,19,42.0,31,US SENATE,statewide,gen,False,JONI ERNST,REPUBLICAN,False,total,588575.0,1129700.0,False,20210114,REPUBLICAN
2014,IOWA,IA,19,42.0,31,US SENATE,statewide,gen,False,RICK STEWART,INDEPENDENT,False,total,26815.0,1129700.0,False,20210114,OTHER
2014,IOWA,IA,19,42.0,31,US SENATE,statewide,gen,False,RUTH SMITH,NOMINATED BY PETITION,False,total,4724.0,1129700.0,False,20210114,OTHER
2014,IOWA,IA,19,42.0,31,US SENATE,statewide,gen,False,,,True,total,1111.0,1129700.0,False,20210114,OTHER
2014,KANSAS,KS,20,47.0,32,US SENATE,statewide,gen,False,GREG ORMAN,INDEPENDENT,False,total,368372.0,866191.0,False,20210114,OTHER
2014,KANSAS,KS,20,47.0,32,US SENATE,statewide,gen,False,PAT ROBERTS,REPUBLICAN,False,total,460350.0,866191.0,False,20210114,REPUBLICAN
2014,KANSAS,KS,20,47.0,32,US SENATE,statewide,gen,False,RANDALL BATSON,LIBERTARIAN,False,total,37469.0,866191.0,False,20210114,LIBERTARIAN
2014,KENTUCKY,KY,21,61.0,51,US SENATE,statewide,gen,False,ALISON LUNDERGAN GRIMES,DEMOCRAT,False,total,584698.0,1435868.0,False,20210114,DEMOCRAT
2014,KENTUCKY,KY,21,61.0,51,US SENATE,statewide,gen,False,DAVID M. PATTERSON,LIBERTARIAN,False,total,44240.0,1435868.0,False,20210114,LIBERTARIAN
2014,KENTUCKY,KY,21,61.0,51,US SENATE,statewide,gen,False,GREGORY D. WELCH,,True,total,64.0,1435868.0,False,20210114,OTHER
2014,KENTUCKY,KY,21,61.0,51,US SENATE,statewide,gen,False,MICH MCCONNELL,REPUBLICAN,False,total,806787.0,1435868.0,False,20210114,REPUBLICAN
2014,KENTUCKY,KY,21,61.0,51,US SENATE,statewide,gen,False,,,True,total,17.0,1435868.0,False,20210114,OTHER
2014,KENTUCKY,KY,21,61.0,51,US SENATE,statewide,gen,False,,,True,total,53.0,1435868.0,False,20210114,OTHER
2014,KENTUCKY,KY,21,61.0,51,US SENATE,statewide,gen,False,,,True,total,9.0,1435868.0,False,20210114,OTHER
2014,LOUISIANA,LA,22,72.0,45,US SENATE,statewide,gen,False,"""ROB"" MANESS",REPUBLICAN,False,total,202556.0,3523183.0,False,20210114,REPUBLICAN
2014,LOUISIANA,LA,22,72.0,45,US SENATE,statewide,gen,False,BILL CASSIDY,REPUBLICAN,False,total,1712379.0,3523183.0,False,20210114,REPUBLICAN
2014,LOUISIANA,LA,22,72.0,45,US SENATE,statewide,gen,False,BRANNON LEE MCMORRIS,LIBERTARIAN,False,total,13034.0,3523183.0,False,20210114,LIBERTARIAN
2014,LOUISIANA,LA,22,72.0,45,US SENATE,statewide,gen,False,MARY L. LANDRIEU,DEMOCRAT,False,total,1561210.0,3523183.0,False,20210114,DEMOCRAT
2014,LOUISIANA,LA,22,72.0,45,US SENATE,statewide,gen,False,THOMAS CLEMENTS,REPUBLICAN,False,total,14173.0,3523183.0,False,20210114,REPUBLICAN
2014,LOUISIANA,LA,22,72.0,45,US SENATE,statewide,gen,False,VALLIAN SENEGAL,DEMOCRAT,False,total,3835.0,3523183.0,False,20210114,DEMOCRAT
2014,LOUISIANA,LA,22,72.0,45,US SENATE,statewide,gen,False,WAYNE ABLES,DEMOCRAT,False,total,11323.0,3523183.0,False,20210114,DEMOCRAT
2014,LOUISIANA,LA,22,72.0,45,US SENATE,statewide,gen,False,WILLIAM P. WAYMIRE JR.,DEMOCRAT,False,total,4673.0,3523183.0,False,20210114,DEMOCRAT
2014,MAINE,ME,23,11.0,2,US SENATE,statewide,gen,False,BLANK VOTE,,False,total,12968.0,616996.0,False,20210114,OTHER
2014,MAINE,ME,23,11.0,2,US SENATE,statewide,gen,False,OTHER,,False,total,269.0,616996.0,False,20210114,OTHER
2014,MAINE,ME,23,11.0,2,US SENATE,statewide,gen,False,SHENNA BELLOWS,DEMOCRAT,False,total,190254.0,616996.0,False,20210114,DEMOCRAT
2014,MAINE,ME,23,11.0,2,US SENATE,statewide,gen,False,SUSAN M. COLLINS,REPUBLICAN,False,total,413505.0,616996.0,False,20210114,REPUBLICAN
2014,MASSACHUSETTS,MA,25,14.0,3,US SENATE,statewide,gen,False,BLANK VOTE,,False,total,101817.0,2186789.0,False,20210114,OTHER
2014,MASSACHUSETTS,MA,25,14.0,3,US SENATE,statewide,gen,False,BRIAN J. HERR,REPUBLICAN,False,total,791950.0,2186789.0,False,20210114,REPUBLICAN
2014,MASSACHUSETTS,MA,25,14.0,3,US SENATE,statewide,gen,False,EDWARD J. MARKEY,DEMOCRAT,False,total,1289944.0,2186789.0,False,20210114,DEMOCRAT
2014,MASSACHUSETTS,MA,25,14.0,3,US SENATE,statewide,gen,False,OTHER,,False,total,3072.0,2186789.0,False,20210114,OTHER
2014,MASSACHUSETTS,MA,25,14.0,3,US SENATE,statewide,gen,False,,,True,total,6.0,2186789.0,False,20210114,OTHER
2014,MICHIGAN,MI,26,34.0,23,US SENATE,statewide,gen,False,CHRIS WAHMHOFF,GREEN,False,total,26137.0,3121771.0,False,20210114,OTHER
2014,MICHIGAN,MI,26,34.0,23,US SENATE,statewide,gen,False,GARY C. PETERS,DEMOCRAT,False,total,1704936.0,3121771.0,False,20210114,DEMOCRAT
2014,MICHIGAN,MI,26,34.0,23,US SENATE,statewide,gen,False,JIM FULNER,LIBERTARIAN,False,total,62897.0,3121771.0,False,20210114,LIBERTARIAN
2014,MICHIGAN,MI,26,34.0,23,US SENATE,statewide,gen,False,RICHARD A. MATKIN,U.S. TAXPAYERS,False,total,37529.0,3121771.0,False,20210114,OTHER
2014,MICHIGAN,MI,26,34.0,23,US SENATE,statewide,gen,False,TERRI LYNN LAND,REPUBLICAN,False,total,1290199.0,3121771.0,False,20210114,REPUBLICAN
2014,MICHIGAN,MI,26,34.0,23,US SENATE,statewide,gen,False,,,True,total,67.0,3121771.0,False,20210114,OTHER
2014,MICHIGAN,MI,26,34.0,23,US SENATE,statewide,gen,False,,,True,total,6.0,3121771.0,False,20210114,OTHER
2014,MINNESOTA,MN,27,41.0,33,US SENATE,statewide,gen,False,AL FRANKEN,DEMOCRAT,False,total,1053205.0,1981528.0,False,20210114,DEMOCRAT
2014,MINNESOTA,MN,27,41.0,33,US SENATE,statewide,gen,False,HEATHER JOHNSON,LIBERTARIAN,False,total,29685.0,1981528.0,False,20210114,LIBERTARIAN
2014,MINNESOTA,MN,27,41.0,33,US SENATE,statewide,gen,False,MIKE MCFADDEN,REPUBLICAN,False,total,850227.0,1981528.0,False,20210114,REPUBLICAN
2014,MINNESOTA,MN,27,41.0,33,US SENATE,statewide,gen,False,STEVE CARLSON,INDEPENDENCE,False,total,47530.0,1981528.0,False,20210114,OTHER
2014,MINNESOTA,MN,27,41.0,33,US SENATE,statewide,gen,False,,,True,total,881.0,1981528.0,False,20210114,OTHER
2014,MISSISSIPPI,MS,28,64.0,46,US SENATE,statewide,gen,False,SHAWN O'HARA,REFORM,False,total,13938.0,631858.0,False,20210114,OTHER
2014,MISSISSIPPI,MS,28,64.0,46,US SENATE,statewide,gen,False,THAD COCHRAN,REPUBLICAN,False,total,378481.0,631858.0,False,20210114,REPUBLICAN
2014,MISSISSIPPI,MS,28,64.0,46,US SENATE,statewide,gen,False,TRAVIS W. CHILDERS,DEMOCRAT,False,total,239439.0,631858.0,False,20210114,DEMOCRAT
2014,MONTANA,MT,30,81.0,64,US SENATE,statewide,gen,False,AMANDA CURTIS,DEMOCRAT,False,total,148184.0,369826.0,False,20210114,DEMOCRAT
2014,MONTANA,MT,30,81.0,64,US SENATE,statewide,gen,False,ROGER ROOTS,LIBERTARIAN,False,total,7933.0,369826.0,False,20210114,LIBERTARIAN
2014,MONTANA,MT,30,81.0,64,US SENATE,statewide,gen,False,STEVE DAINES,REPUBLICAN,False,total,213709.0,369826.0,False,20210114,REPUBLICAN
2014,NEBRASKA,NE,31,46.0,35,US SENATE,statewide,gen,False,BEN SASSE,REPUBLICAN,False,total,347636.0,540337.0,False,20210114,REPUBLICAN
2014,NEBRASKA,NE,31,46.0,35,US SENATE,statewide,gen,False,DAVE DOMINA,DEMOCRAT,False,total,170127.0,540337.0,False,20210114,DEMOCRAT
2014,NEBRASKA,NE,31,46.0,35,US SENATE,statewide,gen,False,JIM JENKINS,BY PETITION,False,total,15868.0,540337.0,False,20210114,OTHER
2014,NEBRASKA,NE,31,46.0,35,US SENATE,statewide,gen,False,SCATTER,,True,total,446.0,540337.0,False,20210114,OTHER
2014,NEBRASKA,NE,31,46.0,35,US SENATE,statewide,gen,False,TODD F. WATSON,BY PETITION,False,total,6260.0,540337.0,False,20210114,OTHER
2014,NEW HAMPSHIRE,NH,33,12.0,4,US SENATE,statewide,gen,False,JEANNE SHAHEEN,DEMOCRAT,False,total,251184.0,488159.0,False,20210114,DEMOCRAT
2014,NEW HAMPSHIRE,NH,33,12.0,4,US SENATE,statewide,gen,False,SCATTER,,False,total,1628.0,488159.0,False,20210114,OTHER
2014,NEW HAMPSHIRE,NH,33,12.0,4,US SENATE,statewide,gen,False,SCOTT P. BROWN,REPUBLICAN,False,total,235347.0,488159.0,False,20210114,REPUBLICAN
2014,NEW JERSEY,NJ,34,22.0,12,US SENATE,statewide,gen,False,ANTONIO N. SABAS,INDEPENDENT,False,total,3544.0,1869535.0,False,20210114,OTHER
2014,NEW JERSEY,NJ,34,22.0,12,US SENATE,statewide,gen,False,CORY A. BOOKER,DEMOCRAT,False,total,1043866.0,1869535.0,False,20210114,DEMOCRAT
2014,NEW JERSEY,NJ,34,22.0,12,US SENATE,statewide,gen,False,EUGENE MARTIN LAVERGNE,D-R PARTY,False,total,3890.0,1869535.0,False,20210114,OTHER
2014,NEW JERSEY,NJ,34,22.0,12,US SENATE,statewide,gen,False,HANK SCHROEDER,ECONOMIC GROWTH,False,total,5704.0,1869535.0,False,20210114,OTHER
2014,NEW JERSEY,NJ,34,22.0,12,US SENATE,statewide,gen,False,JEFF BELL,REPUBLICAN,False,total,791297.0,1869535.0,False,20210114,REPUBLICAN
2014,NEW JERSEY,NJ,34,22.0,12,US SENATE,statewide,gen,False,JEFF BOSS,INDEPENDENT,False,total,4513.0,1869535.0,False,20210114,OTHER
2014,NEW JERSEY,NJ,34,22.0,12,US SENATE,statewide,gen,False,JOSEPH BARATELLI,LIBERTARIAN,False,total,16721.0,1869535.0,False,20210114,LIBERTARIAN
2014,NEW MEXICO,NM,35,85.0,66,US SENATE,statewide,gen,False,ALLEN E. WEH,REPUBLICAN,False,total,229097.0,515506.0,False,20210114,REPUBLICAN
2014,NEW MEXICO,NM,35,85.0,66,US SENATE,statewide,gen,False,TOM UDALL,DEMOCRAT,False,total,286409.0,515506.0,False,20210114,DEMOCRAT
2014,NORTH CAROLINA,NC,37,56.0,47,US SENATE,statewide,gen,False,JOHN RHODES,,True,total,621.0,2915281.0,False,20210114,OTHER
2014,NORTH CAROLINA,NC,37,56.0,47,US SENATE,statewide,gen,False,KAY R. HAGAN,DEMOCRAT,False,total,1377651.0,2915281.0,False,20210114,DEMOCRAT
2014,NORTH CAROLINA,NC,37,56.0,47,US SENATE,statewide,gen,False,SEAN HAUGH,LIBERTARIAN,False,total,109100.0,2915281.0,False,20210114,LIBERTARIAN
2014,NORTH CAROLINA,NC,37,56.0,47,US SENATE,statewide,gen,False,THOM TILLIS,REPUBLICAN,False,total,1423259.0,2915281.0,False,20210114,REPUBLICAN
2014,NORTH CAROLINA,NC,37,56.0,47,US SENATE,statewide,gen,False,,,True,total,201.0,2915281.0,False,20210114,OTHER
2014,NORTH CAROLINA,NC,37,56.0,47,US SENATE,statewide,gen,False,,,True,total,142.0,2915281.0,False,20210114,OTHER
2014,NORTH CAROLINA,NC,37,56.0,47,US SENATE,statewide,gen,False,,,True,total,4307.0,2915281.0,False,20210114,OTHER
2014,OKLAHOMA,OK,40,73.0,53,US SENATE,statewide,gen,False,AARON DELOZIER,INDEPENDENT,False,total,7793.0,820733.0,False,20210114,OTHER
2014,OKLAHOMA,OK,40,73.0,53,US SENATE,statewide,gen,False,JAMES M. INHOFE,REPUBLICAN,False,total,558166.0,820733.0,False,20210114,REPUBLICAN
2014,OKLAHOMA,OK,40,73.0,53,US SENATE,statewide,gen,False,JOAN FARR,INDEPENDENT,False,total,10554.0,820733.0,False,20210114,OTHER
2014,OKLAHOMA,OK,40,73.0,53,US SENATE,statewide,gen,False,MATT SILVERSTEIN,DEMOCRAT,False,total,234307.0,820733.0,False,20210114,DEMOCRAT
2014,OKLAHOMA,OK,40,73.0,53,US SENATE,statewide,gen,False,RAY WOODS,INDEPENDENT,False,total,9913.0,820733.0,False,20210114,OTHER
2014,OKLAHOMA,OK,40,73.0,53,US SENATE,statewide,gen,True,CONNIE JOHNSON,DEMOCRAT,False,total,237923.0,820890.0,False,20210114,DEMOCRAT
2014,OKLAHOMA,OK,40,73.0,53,US SENATE,statewide,gen,True,JAMES LANKFORD,REPUBLICAN,False,total,557002.0,820890.0,False,20210114,REPUBLICAN
2014,OKLAHOMA,OK,40,73.0,53,US SENATE,statewide,gen,True,MARK T. BEARD,INDEPENDENT,False,total,25965.0,820890.0,False,20210114,OTHER
2014,OREGON,OR,41,92.0,72,US SENATE,statewide,gen,False,CHRISTINA JEAN LUGO,GREEN,False,total,32434.0,1461618.0,False,20210114,OTHER
2014,OREGON,OR,41,92.0,72,US SENATE,statewide,gen,False,JAMES E. LEUENBERGER,CONSTITUTION,False,total,24212.0,1461618.0,False,20210114,OTHER
2014,OREGON,OR,41,92.0,72,US SENATE,statewide,gen,False,JEFF MERKLEY,DEMOCRAT,False,total,814537.0,1461618.0,False,20210114,DEMOCRAT
2014,OREGON,OR,41,92.0,72,US SENATE,statewide,gen,False,MIKE MONTCHALIN,LIBERTARIAN,False,total,44916.0,1461618.0,False,20210114,LIBERTARIAN
2014,OREGON,OR,41,92.0,72,US SENATE,statewide,gen,False,MONICA WEHBY,REPUBLICAN,False,total,538847.0,1461618.0,False,20210114,REPUBLICAN
2014,OREGON,OR,41,92.0,72,US SENATE,statewide,gen,False,OTHER,,False,total,6672.0,1461618.0,False,20210114,OTHER
2014,RHODE ISLAND,RI,44,15.0,5,US SENATE,statewide,gen,False,JACK REED,DEMOCRAT,False,total,223675.0,316898.0,False,20210114,DEMOCRAT
2014,RHODE ISLAND,RI,44,15.0,5,US SENATE,statewide,gen,False,MARK S. ZACCARIA,REPUBLICAN,False,total,92684.0,316898.0,False,20210114,REPUBLICAN
2014,RHODE ISLAND,RI,44,15.0,5,US SENATE,statewide,gen,False,,,True,total,539.0,316898.0,False,20210114,OTHER
2014,SOUTH CAROLINA,SC,45,57.0,48,US SENATE,statewide,gen,False,BRAD HUTTO,WORKING FAMILIES,False,total,24207.0,1240075.0,False,20210114,OTHER
2014,SOUTH CAROLINA,SC,45,57.0,48,US SENATE,statewide,gen,False,BRAD HUTTO,DEMOCRAT,False,total,456726.0,1240075.0,False,20210114,DEMOCRAT
2014,SOUTH CAROLINA,SC,45,57.0,48,US SENATE,statewide,gen,False,LINDSEY GRAHAM,REPUBLICAN,False,total,672941.0,1240075.0,False,20210114,REPUBLICAN
2014,SOUTH CAROLINA,SC,45,57.0,48,US SENATE,statewide,gen,False,THOMAS RAVENEL,PETITION,False,total,47588.0,1240075.0,False,20210114,OTHER
2014,SOUTH CAROLINA,SC,45,57.0,48,US SENATE,statewide,gen,False,VICTOR KOCHER,LIBERTARIAN,False,total,33839.0,1240075.0,False,20210114,LIBERTARIAN
2014,SOUTH CAROLINA,SC,45,57.0,48,US SENATE,statewide,gen,False,,,True,total,4774.0,1240075.0,False,20210114,OTHER
2014,SOUTH CAROLINA,SC,45,57.0,48,US SENATE,statewide,gen,True,JILL BOSSI,AMERICAN,False,total,21652.0,1238982.0,False,20210114,OTHER
2014,SOUTH CAROLINA,SC,45,57.0,48,US SENATE,statewide,gen,True,JOYCE DICKERSON,DEMOCRAT,False,total,459583.0,1238982.0,False,20210114,DEMOCRAT
2014,SOUTH CAROLINA,SC,45,57.0,48,US SENATE,statewide,gen,True,TIM SCOTT,REPUBLICAN,False,total,757215.0,1238982.0,False,20210114,REPUBLICAN
2014,SOUTH CAROLINA,SC,45,57.0,48,US SENATE,statewide,gen,True,,,True,total,532.0,1238982.0,False,20210114,OTHER
2014,SOUTH DAKOTA,SD,46,45.0,37,US SENATE,statewide,gen,False,GORDON HOWIE,INDEPENDENT,False,total,8474.0,279412.0,False,20210114,OTHER
2014,SOUTH DAKOTA,SD,46,45.0,37,US SENATE,statewide,gen,False,LARRY PRESSLER,INDEPENDENT,False,total,47741.0,279412.0,False,20210114,OTHER
2014,SOUTH DAKOTA,SD,46,45.0,37,US SENATE,statewide,gen,False,MIKE ROUNDS,REPUBLICAN,False,total,140741.0,279412.0,False,20210114,REPUBLICAN
2014,SOUTH DAKOTA,SD,46,45.0,37,US SENATE,statewide,gen,False,RICK WEILAND,DEMOCRAT,False,total,82456.0,279412.0,False,20210114,DEMOCRAT
2014,TENNESSEE,TN,47,62.0,54,US SENATE,statewide,gen,False,BARTHOLOMEW J. PHILLIPS,INDEPENDENT,False,total,2386.0,1374065.0,False,20210114,OTHER
2014,TENNESSEE,TN,47,62.0,54,US SENATE,statewide,gen,False,C. SALEKIN,INDEPENDENT,False,total,787.0,1374065.0,False,20210114,OTHER
2014,TENNESSEE,TN,47,62.0,54,US SENATE,statewide,gen,False,DANNY PAGE,INDEPENDENT,False,total,7713.0,1374065.0,False,20210114,OTHER
2014,TENNESSEE,TN,47,62.0,54,US SENATE,statewide,gen,False,EDMUND L. GAUTHIER,INDEPENDENT,False,total,2314.0,1374065.0,False,20210114,OTHER
2014,TENNESSEE,TN,47,62.0,54,US SENATE,statewide,gen,False,ERIC SCHECHTER,INDEPENDENT,False,total,1673.0,1374065.0,False,20210114,OTHER
2014,TENNESSEE,TN,47,62.0,54,US SENATE,statewide,gen,False,GORDON BALL,DEMOCRAT,False,total,437848.0,1374065.0,False,20210114,DEMOCRAT
2014,TENNESSEE,TN,47,62.0,54,US SENATE,statewide,gen,False,JOE WILMOTH,CONSTITUTION,False,total,36088.0,1374065.0,False,20210114,OTHER
2014,TENNESSEE,TN,47,62.0,54,US SENATE,statewide,gen,False,JOSHUA JAMES,INDEPENDENT,False,total,5678.0,1374065.0,False,20210114,OTHER
2014,TENNESSEE,TN,47,62.0,54,US SENATE,statewide,gen,False,LAMAR ALEXANDER,REPUBLICAN,False,total,850087.0,1374065.0,False,20210114,REPUBLICAN
2014,TENNESSEE,TN,47,62.0,54,US SENATE,statewide,gen,False,MARTIN PLEASANT,GREEN,False,total,12570.0,1374065.0,False,20210114,OTHER
2014,TENNESSEE,TN,47,62.0,54,US SENATE,statewide,gen,False,RICK TYLER,INDEPENDENT,False,total,5759.0,1374065.0,False,20210114,OTHER
2014,TENNESSEE,TN,47,62.0,54,US SENATE,statewide,gen,False,TOM EMERSON JR.,INDEPENDENT,False,total,11157.0,1374065.0,False,20210114,OTHER
2014,TENNESSEE,TN,47,62.0,54,US SENATE,statewide,gen,False,,,True,total,5.0,1374065.0,False,20210114,OTHER
2014,TEXAS,TX,48,74.0,49,US SENATE,statewide,gen,False,DAVID M. ALAMEEL,DEMOCRAT,False,total,1597387.0,4648358.0,False,20210114,DEMOCRAT
2014,TEXAS,TX,48,74.0,49,US SENATE,statewide,gen,False,"EMILY ""SPICYBROWN"" SANCHEZ",GREEN,False,total,54701.0,4648358.0,False,20210114,OTHER
2014,TEXAS,TX,48,74.0,49,US SENATE,statewide,gen,False,JOHN CORNYN,REPUBLICAN,False,total,2861531.0,4648358.0,False,20210114,REPUBLICAN
2014,TEXAS,TX,48,74.0,49,US SENATE,statewide,gen,False,REBECCA PADDOCK,LIBERTARIAN,False,total,133751.0,4648358.0,False,20210114,LIBERTARIAN
2014,TEXAS,TX,48,74.0,49,US SENATE,statewide,gen,False,,,True,total,988.0,4648358.0,False,20210114,OTHER
2014,VIRGINIA,VA,51,54.0,40,US SENATE,statewide,gen,False,ED. W. GILLESPIE,REPUBLICAN,False,total,1055940.0,2184473.0,False,20210114,REPUBLICAN
2014,VIRGINIA,VA,51,54.0,40,US SENATE,statewide,gen,False,MARK R. WARNER,DEMOCRAT,False,total,1073667.0,2184473.0,False,20210114,DEMOCRAT
2014,VIRGINIA,VA,51,54.0,40,US SENATE,statewide,gen,False,ROBERT C. SARVIS,LIBERTARIAN,False,total,53102.0,2184473.0,False,20210114,LIBERTARIAN
2014,VIRGINIA,VA,51,54.0,40,US SENATE,statewide,gen,False,,,True,total,1764.0,2184473.0,False,20210114,OTHER
2014,WEST VIRGINIA,WV,54,55.0,56,US SENATE,statewide,gen,False,BOB HENRY BABER,MOUNTAIN,False,total,5504.0,453689.0,False,20210114,OTHER
2014,WEST VIRGINIA,WV,54,55.0,56,US SENATE,statewide,gen,False,JOHN S. BUCKLEY,LIBERTARIAN,False,total,7409.0,453689.0,False,20210114,LIBERTARIAN
2014,WEST VIRGINIA,WV,54,55.0,56,US SENATE,statewide,gen,False,NATALIE TENNANT,DEMOCRAT,False,total,156360.0,453689.0,False,20210114,DEMOCRAT
2014,WEST VIRGINIA,WV,54,55.0,56,US SENATE,statewide,gen,False,PHIL HUDOK,CONSTITUTION,False,total,2566.0,453689.0,False,20210114,OTHER
2014,WEST VIRGINIA,WV,54,55.0,56,US SENATE,statewide,gen,False,SHELLEY MOORE CAPITO,REPUBLICAN,False,total,281820.0,453689.0,False,20210114,REPUBLICAN
2014,WEST VIRGINIA,WV,54,55.0,56,US SENATE,statewide,gen,False,,,True,total,5.0,453689.0,False,20210114,OTHER
2014,WEST VIRGINIA,WV,54,55.0,56,US SENATE,statewide,gen,False,,,True,total,10.0,453689.0,False,20210114,OTHER
2014,WEST VIRGINIA,WV,54,55.0,56,US SENATE,statewide,gen,False,,,True,total,7.0,453689.0,False,20210114,OTHER
2014,WEST VIRGINIA,WV,54,55.0,56,US SENATE,statewide,gen,False,,,True,total,8.0,453689.0,False,20210114,OTHER
2014,WYOMING,WY,56,83.0,68,US SENATE,statewide,gen,False,BLANK VOTE,,False,total,2633.0,171153.0,False,20210114,OTHER
2014,WYOMING,WY,56,83.0,68,US SENATE,statewide,gen,False,CHARLIE HARDY,DEMOCRAT,False,total,29377.0,171153.0,False,20210114,DEMOCRAT
2014,WYOMING,WY,56,83.0,68,US SENATE,statewide,gen,False,CURT GOTTSHALL,INDEPENDENT,False,total,13311.0,171153.0,False,20210114,OTHER
2014,WYOMING,WY,56,83.0,68,US SENATE,statewide,gen,False,JOSEPH S. PORAMBO,LIBERTARIAN,False,total,3677.0,171153.0,False,20210114,LIBERTARIAN
2014,WYOMING,WY,56,83.0,68,US SENATE,statewide,gen,False,MICHAEL B. ENZI,REPUBLICAN,False,total,121554.0,171153.0,False,20210114,REPUBLICAN
2014,WYOMING,WY,56,83.0,68,US SENATE,statewide,gen,False,OVER VOTE,,False,total,130.0,171153.0,False,20210114,OTHER
2014,WYOMING,WY,56,83.0,68,US SENATE,statewide,gen,False,,,True,total,471.0,171153.0,False,20210114,OTHER
2016,ALABAMA,AL,1,63.0,41,US SENATE,statewide,gen,False,RICHARD C. SHELBY,REPUBLICAN,False,total,1335104.0,2087444.0,False,20210114,REPUBLICAN
2016,ALABAMA,AL,1,63.0,41,US SENATE,statewide,gen,False,RON CRUMPTON,DEMOCRAT,False,total,748709.0,2087444.0,False,20210114,DEMOCRAT
2016,ALABAMA,AL,1,63.0,41,US SENATE,statewide,gen,False,,,True,total,3631.0,2087444.0,False,20210114,OTHER
2016,ALASKA,AK,2,94.0,81,US SENATE,statewide,gen,False,BRECK A. CRAIG,INDEPENDENT,False,total,2609.0,311441.0,False,20210114,OTHER
2016,ALASKA,AK,2,94.0,81,US SENATE,statewide,gen,False,JOE MILLER,LIBERTARIAN,False,total,90825.0,311441.0,False,20210114,LIBERTARIAN
2016,ALASKA,AK,2,94.0,81,US SENATE,statewide,gen,False,LISA MURKOWSKI,REPUBLICAN,False,total,138149.0,311441.0,False,20210114,REPUBLICAN
2016,ALASKA,AK,2,94.0,81,US SENATE,statewide,gen,False,MARGARET STOCK,INDEPENDENT,False,total,41194.0,311441.0,False,20210114,OTHER
2016,ALASKA,AK,2,94.0,81,US SENATE,statewide,gen,False,RAY METCALFE,DEMOCRAT,False,total,36200.0,311441.0,False,20210114,DEMOCRAT
2016,ALASKA,AK,2,94.0,81,US SENATE,statewide,gen,False,TED GIANOUTSOS,INDEPENDENT,False,total,1758.0,311441.0,False,20210114,OTHER
2016,ALASKA,AK,2,94.0,81,US SENATE,statewide,gen,False,,,True,total,706.0,311441.0,False,20210114,OTHER
2016,ARIZONA,AZ,4,86.0,61,US SENATE,statewide,gen,False,ANN KIRKPATRICK,DEMOCRAT,False,total,1031245.0,2530730.0,False,20210114,DEMOCRAT
2016,ARIZONA,AZ,4,86.0,61,US SENATE,statewide,gen,False,ANTHONY CAMBONI,NONE,True,total,45.0,2530730.0,False,20210114,OTHER
2016,ARIZONA,AZ,4,86.0,61,US SENATE,statewide,gen,False,GARY SWING,GREEN,False,total,138634.0,2530730.0,False,20210114,OTHER
2016,ARIZONA,AZ,4,86.0,61,US SENATE,statewide,gen,False,JOHN MCCAIN,REPUBLICAN,False,total,1359267.0,2530730.0,False,20210114,REPUBLICAN
2016,ARIZONA,AZ,4,86.0,61,US SENATE,statewide,gen,False,LEONARD CLARK,INDEPENDENT,True,total,83.0,2530730.0,False,20210114,OTHER
2016,ARIZONA,AZ,4,86.0,61,US SENATE,statewide,gen,False,SYDNEY DUDIKOFF,REPUBLICAN,True,total,494.0,2530730.0,False,20210114,REPUBLICAN
2016,ARIZONA,AZ,4,86.0,61,US SENATE,statewide,gen,False,,,True,total,4.0,2530730.0,False,20210114,OTHER
2016,ARIZONA,AZ,4,86.0,61,US SENATE,statewide,gen,False,,,True,total,694.0,2530730.0,False,20210114,OTHER
2016,ARIZONA,AZ,4,86.0,61,US SENATE,statewide,gen,False,,,True,total,34.0,2530730.0,False,20210114,OTHER
2016,ARIZONA,AZ,4,86.0,61,US SENATE,statewide,gen,False,,,True,total,223.0,2530730.0,False,20210114,OTHER
2016,ARIZONA,AZ,4,86.0,61,US SENATE,statewide,gen,False,,,True,total,7.0,2530730.0,False,20210114,OTHER
2016,ARKANSAS,AR,5,71.0,42,US SENATE,statewide,gen,False,CONNER ELDRIDGE,DEMOCRAT,False,total,400602.0,1107522.0,False,20210114,DEMOCRAT
2016,ARKANSAS,AR,5,71.0,42,US SENATE,statewide,gen,False,FRANK GILBERT,LIBERTARIAN,False,total,43866.0,1107522.0,False,20210114,LIBERTARIAN
2016,ARKANSAS,AR,5,71.0,42,US SENATE,statewide,gen,False,JOHN BOOZMAN,REPUBLICAN,False,total,661984.0,1107522.0,False,20210114,REPUBLICAN
2016,ARKANSAS,AR,5,71.0,42,US SENATE,statewide,gen,False,,,True,total,1070.0,1107522.0,False,20210114,OTHER
2016,CALIFORNIA,CA,6,93.0,71,US SENATE,statewide,gen,False,KAMALA D. HARRIS,DEMOCRAT,False,total,7542753.0,12244170.0,False,20210114,DEMOCRAT
2016,CALIFORNIA,CA,6,93.0,71,US SENATE,statewide,gen,False,LORETTA SANCHEZ,DEMOCRAT,False,total,4701417.0,12244170.0,False,20210114,DEMOCRAT
2016,COLORADO,CO,8,84.0,62,US SENATE,statewide,gen,False,ARN MENCONI,GREEN,False,total,36805.0,2743023.0,False,20210114,OTHER
2016,COLORADO,CO,8,84.0,62,US SENATE,statewide,gen,False,BILL HAMMONS,UNITY PARTY OF COLORADO,False,total,9336.0,2743023.0,False,20210114,OTHER
2016,COLORADO,CO,8,84.0,62,US SENATE,statewide,gen,False,DAN CHAPIN,NONE,False,total,8361.0,2743023.0,False,20210114,OTHER
2016,COLORADO,CO,8,84.0,62,US SENATE,statewide,gen,False,DARRYL GLENN,REPUBLICAN,False,total,1215318.0,2743023.0,False,20210114,REPUBLICAN
2016,COLORADO,CO,8,84.0,62,US SENATE,statewide,gen,False,LILY TANG WILLIAMS,LIBERTARIAN,False,total,99277.0,2743023.0,False,20210114,LIBERTARIAN
2016,COLORADO,CO,8,84.0,62,US SENATE,statewide,gen,False,MICHAEL F. BENNET,DEMOCRAT,False,total,1370710.0,2743023.0,False,20210114,DEMOCRAT
2016,COLORADO,CO,8,84.0,62,US SENATE,statewide,gen,False,PAUL NOEL FIORINO,NONE,False,total,3216.0,2743023.0,False,20210114,OTHER
2016,CONNECTICUT,CT,9,16.0,1,US SENATE,statewide,gen,False,DAN CARTER,REPUBLICAN,False,total,552621.0,1596276.0,False,20210114,REPUBLICAN
2016,CONNECTICUT,CT,9,16.0,1,US SENATE,statewide,gen,False,JEFFERY RUSSELL,GREEN,False,total,16713.0,1596276.0,False,20210114,OTHER
2016,CONNECTICUT,CT,9,16.0,1,US SENATE,statewide,gen,False,RICHARD BLUMENTHAL,DEMOCRAT,False,total,920766.0,1596276.0,False,20210114,DEMOCRAT
2016,CONNECTICUT,CT,9,16.0,1,US SENATE,statewide,gen,False,RICHARD BLUMENTHAL,WORKING FAMILIES,False,total,87948.0,1596276.0,False,20210114,OTHER
2016,CONNECTICUT,CT,9,16.0,1,US SENATE,statewide,gen,False,RICHARD LION,LIBERTARIAN,False,total,18190.0,1596276.0,False,20210114,LIBERTARIAN
2016,CONNECTICUT,CT,9,16.0,1,US SENATE,statewide,gen,False,,,True,total,26.0,1596276.0,False,20210114,OTHER
2016,CONNECTICUT,CT,9,16.0,1,US SENATE,statewide,gen,False,,,True,total,12.0,1596276.0,False,20210114,OTHER
2016,FLORIDA,FL,12,59.0,43,US SENATE,statewide,gen,False,BASIL E. DALACK,NONE,False,total,22236.0,9301820.0,False,20210114,OTHER
2016,FLORIDA,FL,12,59.0,43,US SENATE,statewide,gen,False,BRUCE NATHAN,NONE,False,total,52451.0,9301820.0,False,20210114,OTHER
2016,FLORIDA,FL,12,59.0,43,US SENATE,statewide,gen,False,CHARLES FREDERICK TOLBERT,,True,total,56.0,9301820.0,False,20210114,OTHER
2016,FLORIDA,FL,12,59.0,43,US SENATE,statewide,gen,False,MARCO RUBIO,REPUBLICAN,False,total,4835191.0,9301820.0,False,20210114,REPUBLICAN
2016,FLORIDA,FL,12,59.0,43,US SENATE,statewide,gen,False,PATRICK MURPHY,DEMOCRAT,False,total,4122088.0,9301820.0,False,20210114,DEMOCRAT
2016,FLORIDA,FL,12,59.0,43,US SENATE,statewide,gen,False,PAUL STANTON,LIBERTARIAN,False,total,196956.0,9301820.0,False,20210114,LIBERTARIAN
2016,FLORIDA,FL,12,59.0,43,US SENATE,statewide,gen,False,STEVEN MACHAT,NONE,False,total,26918.0,9301820.0,False,20210114,OTHER
2016,FLORIDA,FL,12,59.0,43,US SENATE,statewide,gen,False,TONY KHOURY,NONE,False,total,45820.0,9301820.0,False,20210114,OTHER
2016,FLORIDA,FL,12,59.0,43,US SENATE,statewide,gen,False,,,True,total,7.0,9301820.0,False,20210114,OTHER
2016,FLORIDA,FL,12,59.0,43,US SENATE,statewide,gen,False,,,True,total,50.0,9301820.0,False,20210114,OTHER
2016,FLORIDA,FL,12,59.0,43,US SENATE,statewide,gen,False,,,True,total,10.0,9301820.0,False,20210114,OTHER
2016,FLORIDA,FL,12,59.0,43,US SENATE,statewide,gen,False,,,True,total,37.0,9301820.0,False,20210114,OTHER
2016,GEORGIA,GA,13,58.0,44,US SENATE,statewide,gen,False,ALLEN BUCKLEY,LIBERTARIAN,False,total,162260.0,3898605.0,False,20210114,LIBERTARIAN
2016,GEORGIA,GA,13,58.0,44,US SENATE,statewide,gen,False,JIM BARKSDALE,DEMOCRAT,False,total,1599726.0,3898605.0,False,20210114,DEMOCRAT
2016,GEORGIA,GA,13,58.0,44,US SENATE,statewide,gen,False,JOHNNY ISAKSON,REPUBLICAN,False,total,2135806.0,3898605.0,False,20210114,REPUBLICAN
2016,GEORGIA,GA,13,58.0,44,US SENATE,statewide,gen,False,,,True,total,813.0,3898605.0,False,20210114,OTHER
2016,HAWAII,HI,15,95.0,82,US SENATE,statewide,gen,False,BLANK VOTE,,False,total,20763.0,437664.0,False,20210114,OTHER
2016,HAWAII,HI,15,95.0,82,US SENATE,statewide,gen,False,BRIAN SCHATZ,DEMOCRAT,False,total,306604.0,437664.0,False,20210114,DEMOCRAT
2016,HAWAII,HI,15,95.0,82,US SENATE,statewide,gen,False,JOHN CARROLL,REPUBLICAN,False,total,92653.0,437664.0,False,20210114,REPUBLICAN
2016,HAWAII,HI,15,95.0,82,US SENATE,statewide,gen,False,"JOHN M. ""RAGHU"" GIUFFRE",AMERICAN SHOPPING PARTY,False,total,1393.0,437664.0,False,20210114,OTHER
2016,HAWAII,HI,15,95.0,82,US SENATE,statewide,gen,False,JOY J. ALLISON,CONSTITUTION,False,total,9103.0,437664.0,False,20210114,OTHER
2016,HAWAII,HI,15,95.0,82,US SENATE,statewide,gen,False,MICHAEL A. KOKOSKI,LIBERTARIAN,False,total,6809.0,437664.0,False,20210114,LIBERTARIAN
2016,HAWAII,HI,15,95.0,82,US SENATE,statewide,gen,False,OVER VOTE,,False,total,339.0,437664.0,False,20210114,OTHER
2016,IDAHO,ID,16,82.0,63,US SENATE,statewide,gen,False,JERRY STURGILL,DEMOCRAT,False,total,188249.0,678943.0,False,20210114,DEMOCRAT
2016,IDAHO,ID,16,82.0,63,US SENATE,statewide,gen,False,MIKE CRAPO,REPUBLICAN,False,total,449017.0,678943.0,False,20210114,REPUBLICAN
2016,IDAHO,ID,16,82.0,63,US SENATE,statewide,gen,False,RAY J. WRITZ,CONSTITUTION,False,total,41677.0,678943.0,False,20210114,OTHER
2016,ILLINOIS,IL,17,33.0,21,US SENATE,statewide,gen,False,KENTON MCMILLEN,LIBERTARIAN,False,total,175988.0,5491878.0,False,20210114,LIBERTARIAN
2016,ILLINOIS,IL,17,33.0,21,US SENATE,statewide,gen,False,MARK KIRK,REPUBLICAN,False,total,2184692.0,5491878.0,False,20210114,REPUBLICAN
2016,ILLINOIS,IL,17,33.0,21,US SENATE,statewide,gen,False,SCOTT SUMMERS,GREEN,False,total,117619.0,5491878.0,False,20210114,OTHER
2016,ILLINOIS,IL,17,33.0,21,US SENATE,statewide,gen,False,TAMMY DUCKWORTH,DEMOCRAT,False,total,3012940.0,5491878.0,False,20210114,DEMOCRAT
2016,ILLINOIS,IL,17,33.0,21,US SENATE,statewide,gen,False,,,True,total,42.0,5491878.0,False,20210114,OTHER
2016,ILLINOIS,IL,17,33.0,21,US SENATE,statewide,gen,False,,,True,total,77.0,5491878.0,False,20210114,OTHER
2016,ILLINOIS,IL,17,33.0,21,US SENATE,statewide,gen,False,,,True,total,106.0,5491878.0,False,20210114,OTHER
2016,ILLINOIS,IL,17,33.0,21,US SENATE,statewide,gen,False,,,True,total,408.0,5491878.0,False,20210114,OTHER
2016,ILLINOIS,IL,17,33.0,21,US SENATE,statewide,gen,False,,,True,total,5.0,5491878.0,False,20210114,OTHER
2016,ILLINOIS,IL,17,33.0,21,US SENATE,statewide,gen,False,,,True,total,1.0,5491878.0,False,20210114,OTHER
2016,INDIANA,IN,18,32.0,22,US SENATE,statewide,gen,False,EVAN BAYH,DEMOCRAT,False,total,1158947.0,2732546.0,False,20210114,DEMOCRAT
2016,INDIANA,IN,18,32.0,22,US SENATE,statewide,gen,False,LUCY BRENTON,LIBERTARIAN,False,total,149481.0,2732546.0,False,20210114,LIBERTARIAN
2016,INDIANA,IN,18,32.0,22,US SENATE,statewide,gen,False,TODD C. YOUNG,REPUBLICAN,False,total,1423991.0,2732546.0,False,20210114,REPUBLICAN
2016,INDIANA,IN,18,32.0,22,US SENATE,statewide,gen,False,,,True,total,127.0,2732546.0,False,20210114,OTHER
2016,IOWA,IA,19,42.0,31,US SENATE,statewide,gen,False,CHARLES ALDRICH,LIBERTARIAN,False,total,41794.0,1541036.0,False,20210114,LIBERTARIAN
2016,IOWA,IA,19,42.0,31,US SENATE,statewide,gen,False,CHUCK GRASSLEY,REPUBLICAN,False,total,926007.0,1541036.0,False,20210114,REPUBLICAN
2016,IOWA,IA,19,42.0,31,US SENATE,statewide,gen,False,JIM HENNAGER,NEW INDEPENDENT PARTY IOWA,False,total,17649.0,1541036.0,False,20210114,OTHER
2016,IOWA,IA,19,42.0,31,US SENATE,statewide,gen,False,MICHAEL LUICK-THRAMS,NOMINATED BY PETITION,False,total,4441.0,1541036.0,False,20210114,OTHER
2016,IOWA,IA,19,42.0,31,US SENATE,statewide,gen,False,PATTY JUDGE,DEMOCRAT,False,total,549460.0,1541036.0,False,20210114,DEMOCRAT
2016,IOWA,IA,19,42.0,31,US SENATE,statewide,gen,False,,,True,total,1685.0,1541036.0,False,20210114,OTHER
2016,KANSAS,KS,20,47.0,32,US SENATE,statewide,gen,False,JERRY MORAN,REPUBLICAN,False,total,732376.0,1177922.0,False,20210114,REPUBLICAN
2016,KANSAS,KS,20,47.0,32,US SENATE,statewide,gen,False,PATRICK WIESNER,DEMOCRAT,False,total,379740.0,1177922.0,False,20210114,DEMOCRAT
2016,KANSAS,KS,20,47.0,32,US SENATE,statewide,gen,False,ROBERT D. GARRARD,LIBERTARIAN,False,total,65760.0,1177922.0,False,20210114,LIBERTARIAN
2016,KANSAS,KS,20,47.0,32,US SENATE,statewide,gen,False,,,True,total,46.0,1177922.0,False,20210114,OTHER
2016,KENTUCKY,KY,21,61.0,51,US SENATE,statewide,gen,False,JIM GRAY,DEMOCRAT,False,total,813246.0,1903465.0,False,20210114,DEMOCRAT
2016,KENTUCKY,KY,21,61.0,51,US SENATE,statewide,gen,False,RAND PAUL,REPUBLICAN,False,total,1090177.0,1903465.0,False,20210114,REPUBLICAN
2016,KENTUCKY,KY,21,61.0,51,US SENATE,statewide,gen,False,,,True,total,6.0,1903465.0,False,20210114,OTHER
2016,KENTUCKY,KY,21,61.0,51,US SENATE,statewide,gen,False,,,True,total,36.0,1903465.0,False,20210114,OTHER
2016,LOUISIANA,LA,22,72.0,45,US SENATE,statewide,gen,False,"""JOSEPH"" CAO",REPUBLICAN,False,total,21019.0,1997218.0,False,20210114,REPUBLICAN
2016,LOUISIANA,LA,22,72.0,45,US SENATE,statewide,gen,False,"""ROB"" MANESS",REPUBLICAN,False,total,90856.0,1997218.0,False,20210114,REPUBLICAN
2016,LOUISIANA,LA,22,72.0,45,US SENATE,statewide,gen,False,ABHAY PATEL,REPUBLICAN,False,total,1576.0,1997218.0,False,20210114,REPUBLICAN
2016,LOUISIANA,LA,22,72.0,45,US SENATE,statewide,gen,False,ARDEN WELLS,NONE,False,total,1483.0,1997218.0,False,20210114,OTHER
2016,LOUISIANA,LA,22,72.0,45,US SENATE,statewide,gen,False,BERYL BILLIOT,NONE,False,total,19352.0,1997218.0,False,20210114,OTHER
2016,LOUISIANA,LA,22,72.0,45,US SENATE,statewide,gen,False,CAROLINE FAYARD,DEMOCRAT,False,total,240917.0,1997218.0,False,20210114,DEMOCRAT
2016,LOUISIANA,LA,22,72.0,45,US SENATE,statewide,gen,False,CHARLES MARSALA,REPUBLICAN,False,total,3684.0,1997218.0,False,20210114,REPUBLICAN
2016,LOUISIANA,LA,22,72.0,45,US SENATE,statewide,gen,False,"CHARLES W. BOUSTANY, JR.",REPUBLICAN,False,total,298008.0,1997218.0,False,20210114,REPUBLICAN
2016,LOUISIANA,LA,22,72.0,45,US SENATE,statewide,gen,False,DAVID DUKE,REPUBLICAN,False,total,58606.0,1997218.0,False,20210114,REPUBLICAN
2016,LOUISIANA,LA,22,72.0,45,US SENATE,statewide,gen,False,DERRICK EDWARDS,DEMOCRAT,False,total,51774.0,1997218.0,False,20210114,DEMOCRAT
2016,LOUISIANA,LA,22,72.0,45,US SENATE,statewide,gen,False,"DONALD ""CRAWDADDY"" CRAWFORD",REPUBLICAN,False,total,25523.0,1997218.0,False,20210114,REPUBLICAN
2016,LOUISIANA,LA,22,72.0,45,US SENATE,statewide,gen,False,FOSTER CAMPBELL,DEMOCRAT,False,total,347816.0,1997218.0,False,20210114,DEMOCRAT
2016,LOUISIANA,LA,22,72.0,45,US SENATE,statewide,gen,False,GARY LANDRIEU,DEMOCRAT,False,total,45587.0,1997218.0,False,20210114,DEMOCRAT
2016,LOUISIANA,LA,22,72.0,45,US SENATE,statewide,gen,False,"GREGORY TAYLOR, JR.",OTHER,False,total,1151.0,1997218.0,False,20210114,OTHER
2016,LOUISIANA,LA,22,72.0,45,US SENATE,statewide,gen,False,JOHN FLEMING,REPUBLICAN,False,total,204026.0,1997218.0,False,20210114,REPUBLICAN
2016,LOUISIANA,LA,22,72.0,45,US SENATE,statewide,gen,False,JOHN KENNEDY,REPUBLICAN,False,total,536191.0,1997218.0,False,20210114,REPUBLICAN
2016,LOUISIANA,LA,22,72.0,45,US SENATE,statewide,gen,False,JOSHUA PELLERIN,DEMOCRAT,False,total,7395.0,1997218.0,False,20210114,DEMOCRAT
2016,LOUISIANA,LA,22,72.0,45,US SENATE,statewide,gen,False,KAITLIN MARONE,NONE,False,total,4108.0,1997218.0,False,20210114,OTHER
2016,LOUISIANA,LA,22,72.0,45,US SENATE,statewide,gen,False,LEROY GILLAM,LIBERTARIAN,False,total,4067.0,1997218.0,False,20210114,LIBERTARIAN
2016,LOUISIANA,LA,22,72.0,45,US SENATE,statewide,gen,False,"M. V. ""VINNY""MENDOZA",DEMOCRAT,False,total,4927.0,1997218.0,False,20210114,DEMOCRAT
2016,LOUISIANA,LA,22,72.0,45,US SENATE,statewide,gen,False,PETER WILLIAMS,DEMOCRAT,False,total,6855.0,1997218.0,False,20210114,DEMOCRAT
2016,LOUISIANA,LA,22,72.0,45,US SENATE,statewide,gen,False,THOMAS P. CLEMENTS,LIBERTARIAN,False,total,11370.0,1997218.0,False,20210114,LIBERTARIAN
2016,LOUISIANA,LA,22,72.0,45,US SENATE,statewide,gen,False,TROY HEBERT,NONE,False,total,9503.0,1997218.0,False,20210114,OTHER
2016,LOUISIANA,LA,22,72.0,45,US SENATE,statewide,gen,False,"WILLIAM ROBERT LANG, JR.",OTHER,False,total,1424.0,1997218.0,False,20210114,OTHER
2016,MARYLAND,MD,24,52.0,52,US SENATE,statewide,gen,False,CHRIS VAN HOLLEN,DEMOCRAT,False,total,1659907.0,2726170.0,False,20210114,DEMOCRAT
2016,MARYLAND,MD,24,52.0,52,US SENATE,statewide,gen,False,KATHY SZELIGA,REPUBLICAN,False,total,972557.0,2726170.0,False,20210114,REPUBLICAN
2016,MARYLAND,MD,24,52.0,52,US SENATE,statewide,gen,False,MARGARET FLOWERS,GREEN,False,total,89970.0,2726170.0,False,20210114,OTHER
2016,MARYLAND,MD,24,52.0,52,US SENATE,statewide,gen,False,,,True,total,77.0,2726170.0,False,20210114,OTHER
2016,MARYLAND,MD,24,52.0,52,US SENATE,statewide,gen,False,,,True,total,7.0,2726170.0,False,20210114,OTHER
2016,MARYLAND,MD,24,52.0,52,US SENATE,statewide,gen,False,,,True,total,242.0,2726170.0,False,20210114,OTHER
2016,MARYLAND,MD,24,52.0,52,US SENATE,statewide,gen,False,,,True,total,138.0,2726170.0,False,20210114,OTHER
2016,MARYLAND,MD,24,52.0,52,US SENATE,statewide,gen,False,,,True,total,15.0,2726170.0,False,20210114,OTHER
2016,MARYLAND,MD,24,52.0,52,US SENATE,statewide,gen,False,,,True,total,26.0,2726170.0,False,20210114,OTHER
2016,MARYLAND,MD,24,52.0,52,US SENATE,statewide,gen,False,,,True,total,3231.0,2726170.0,False,20210114,OTHER
2016,MISSOURI,MO,29,43.0,34,US SENATE,statewide,gen,False,FRED RYMAN,CONSTITUTION,False,total,25407.0,2802637.0,False,20210114,OTHER
2016,MISSOURI,MO,29,43.0,34,US SENATE,statewide,gen,False,JASON KANDER,DEMOCRAT,False,total,1300200.0,2802637.0,False,20210114,DEMOCRAT
2016,MISSOURI,MO,29,43.0,34,US SENATE,statewide,gen,False,JOHNATHAN MCFARLAND,GREEN,False,total,30743.0,2802637.0,False,20210114,OTHER
2016,MISSOURI,MO,29,43.0,34,US SENATE,statewide,gen,False,JONATHAN DINE,LIBERTARIAN,False,total,67738.0,2802637.0,False,20210114,LIBERTARIAN
2016,MISSOURI,MO,29,43.0,34,US SENATE,statewide,gen,False,ROY BLUNT,REPUBLICAN,False,total,1378458.0,2802637.0,False,20210114,REPUBLICAN
2016,MISSOURI,MO,29,43.0,34,US SENATE,statewide,gen,False,STEVEN WALLACE,,True,total,1.0,2802637.0,False,20210114,OTHER
2016,MISSOURI,MO,29,43.0,34,US SENATE,statewide,gen,False,,,True,total,4.0,2802637.0,False,20210114,OTHER
2016,MISSOURI,MO,29,43.0,34,US SENATE,statewide,gen,False,,,True,total,53.0,2802637.0,False,20210114,OTHER
2016,MISSOURI,MO,29,43.0,34,US SENATE,statewide,gen,False,,,True,total,12.0,2802637.0,False,20210114,OTHER
2016,MISSOURI,MO,29,43.0,34,US SENATE,statewide,gen,False,,,True,total,21.0,2802637.0,False,20210114,OTHER
2016,NEVADA,NV,32,88.0,65,US SENATE,statewide,gen,False,CATHERINE CORTEZ MASTO,DEMOCRAT,False,total,521994.0,1108294.0,False,20210114,DEMOCRAT
2016,NEVADA,NV,32,88.0,65,US SENATE,statewide,gen,False,JARROD M. WILLIAMS,NONE,False,total,6888.0,1108294.0,False,20210114,OTHER
2016,NEVADA,NV,32,88.0,65,US SENATE,statewide,gen,False,JOSEPH J. HECK,REPUBLICAN,False,total,495079.0,1108294.0,False,20210114,REPUBLICAN
2016,NEVADA,NV,32,88.0,65,US SENATE,statewide,gen,False,NONE OF THE ABOVE,,False,total,42257.0,1108294.0,False,20210114,OTHER
2016,NEVADA,NV,32,88.0,65,US SENATE,statewide,gen,False,"THOMAS ""TOM"" SAWYER",NONE,False,total,14208.0,1108294.0,False,20210114,OTHER
2016,NEVADA,NV,32,88.0,65,US SENATE,statewide,gen,False,TOM JONES,INDEPENDENT AMERICAN,False,total,17128.0,1108294.0,False,20210114,OTHER
2016,NEVADA,NV,32,88.0,65,US SENATE,statewide,gen,False,TONY GUMINA,NONE,False,total,10740.0,1108294.0,False,20210114,OTHER
2016,NEW HAMPSHIRE,NH,33,12.0,4,US SENATE,statewide,gen,False,AARON DAY,INDEPENDENT,False,total,17742.0,739140.0,False,20210114,OTHER
2016,NEW HAMPSHIRE,NH,33,12.0,4,US SENATE,statewide,gen,False,BRIAN CHABOT,LIBERTARIAN,False,total,12597.0,739140.0,False,20210114,LIBERTARIAN
2016,NEW HAMPSHIRE,NH,33,12.0,4,US SENATE,statewide,gen,False,KELLY AYOTTE,REPUBLICAN,False,total,353632.0,739140.0,False,20210114,REPUBLICAN
2016,NEW HAMPSHIRE,NH,33,12.0,4,US SENATE,statewide,gen,False,MAGGIE HASSAN,DEMOCRAT,False,total,354649.0,739140.0,False,20210114,DEMOCRAT
2016,NEW HAMPSHIRE,NH,33,12.0,4,US SENATE,statewide,gen,False,SCATTER,,False,total,520.0,739140.0,False,20210114,OTHER
2016,NEW YORK,NY,36,21.0,13,US SENATE,statewide,gen,False,ALEX MERCED,LIBERTARIAN,False,total,48121.0,7800725.0,False,20210114,LIBERTARIAN
2016,NEW YORK,NY,36,21.0,13,US SENATE,statewide,gen,False,BLANK VOTE,,False,total,400943.0,7800725.0,False,20210114,OTHER
2016,NEW YORK,NY,36,21.0,13,US SENATE,statewide,gen,False,CHARLES E. SCHUMER,WORKING FAMILIES,False,total,241672.0,7800725.0,False,20210114,OTHER
2016,NEW YORK,NY,36,21.0,13,US SENATE,statewide,gen,False,CHARLES E. SCHUMER,WOMEN'S EQUALITY,False,total,45402.0,7800725.0,False,20210114,OTHER
2016,NEW YORK,NY,36,21.0,13,US SENATE,statewide,gen,False,CHARLES E. SCHUMER,DEMOCRAT,False,total,4784220.0,7800725.0,False,20210114,DEMOCRAT
2016,NEW YORK,NY,36,21.0,13,US SENATE,statewide,gen,False,CHARLES E. SCHUMER,INDEPENDENCE,False,total,150655.0,7800725.0,False,20210114,OTHER
2016,NEW YORK,NY,36,21.0,13,US SENATE,statewide,gen,False,ROBIN LAVERNE WILSON,GREEN,False,total,113413.0,7800725.0,False,20210114,OTHER
2016,NEW YORK,NY,36,21.0,13,US SENATE,statewide,gen,False,SCATTER,,False,total,3472.0,7800725.0,False,20210114,OTHER
2016,NEW YORK,NY,36,21.0,13,US SENATE,statewide,gen,False,VOID VOTE,,False,total,3474.0,7800725.0,False,20210114,OTHER
2016,NEW YORK,NY,36,21.0,13,US SENATE,statewide,gen,False,WENDY LONG,REPUBLICAN,False,total,1723927.0,7800725.0,False,20210114,REPUBLICAN
2016,NEW YORK,NY,36,21.0,13,US SENATE,statewide,gen,False,WENDY LONG,REFORM,False,total,17813.0,7800725.0,False,20210114,OTHER
2016,NEW YORK,NY,36,21.0,13,US SENATE,statewide,gen,False,WENDY LONG,CONSERVATIVE,False,total,267613.0,7800725.0,False,20210114,OTHER
2016,NORTH CAROLINA,NC,37,56.0,47,US SENATE,statewide,gen,False,DEBORAH K. ROSS,DEMOCRAT,False,total,2128165.0,4691133.0,False,20210114,DEMOCRAT
2016,NORTH CAROLINA,NC,37,56.0,47,US SENATE,statewide,gen,False,RICHARD BURR,REPUBLICAN,False,total,2395376.0,4691133.0,False,20210114,REPUBLICAN
2016,NORTH CAROLINA,NC,37,56.0,47,US SENATE,statewide,gen,False,SEAN HAUGH,LIBERTARIAN,False,total,167592.0,4691133.0,False,20210114,LIBERTARIAN
2016,NORTH DAKOTA,ND,38,44.0,36,US SENATE,statewide,gen,False,ELIOT GLASSHEIM,DEMOCRAT,False,total,58116.0,342501.0,False,20210114,DEMOCRAT
2016,NORTH DAKOTA,ND,38,44.0,36,US SENATE,statewide,gen,False,JAMES GERMALIC,INDEPENDENT,False,total,4675.0,342501.0,False,20210114,OTHER
2016,NORTH DAKOTA,ND,38,44.0,36,US SENATE,statewide,gen,False,JOHN HOEVEN,REPUBLICAN,False,total,268788.0,342501.0,False,20210114,REPUBLICAN
2016,NORTH DAKOTA,ND,38,44.0,36,US SENATE,statewide,gen,False,ROBERT N. MARQUETTE,LIBERTARIAN,False,total,10556.0,342501.0,False,20210114,LIBERTARIAN
2016,NORTH DAKOTA,ND,38,44.0,36,US SENATE,statewide,gen,False,,,True,total,366.0,342501.0,False,20210114,OTHER
2016,OHIO,OH,39,31.0,24,US SENATE,statewide,gen,False,JOSEPH R. DEMARE,GREEN,False,total,88246.0,5374164.0,False,20210114,OTHER
2016,OHIO,OH,39,31.0,24,US SENATE,statewide,gen,False,ROB PORTMAN,REPUBLICAN,False,total,3118567.0,5374164.0,False,20210114,REPUBLICAN
2016,OHIO,OH,39,31.0,24,US SENATE,statewide,gen,False,SCOTT RUPERT,NONE,False,total,77291.0,5374164.0,False,20210114,OTHER
2016,OHIO,OH,39,31.0,24,US SENATE,statewide,gen,False,TED STRICKLAND,DEMOCRAT,False,total,1996908.0,5374164.0,False,20210114,DEMOCRAT
2016,OHIO,OH,39,31.0,24,US SENATE,statewide,gen,False,TOM CONNORS,NONE,False,total,93041.0,5374164.0,False,20210114,OTHER
2016,OHIO,OH,39,31.0,24,US SENATE,statewide,gen,False,,,True,total,111.0,5374164.0,False,20210114,OTHER
2016,OKLAHOMA,OK,40,73.0,53,US SENATE,statewide,gen,False,JAMES LANKFORD,REPUBLICAN,False,total,980892.0,1448047.0,False,20210114,REPUBLICAN
2016,OKLAHOMA,OK,40,73.0,53,US SENATE,statewide,gen,False,MARK T. BEARD,INDEPENDENT,False,total,27418.0,1448047.0,False,20210114,OTHER
2016,OKLAHOMA,OK,40,73.0,53,US SENATE,statewide,gen,False,MIKE WORKMAN,DEMOCRAT,False,total,355911.0,1448047.0,False,20210114,DEMOCRAT
2016,OKLAHOMA,OK,40,73.0,53,US SENATE,statewide,gen,False,ROBERT T. MURPHY,LIBERTARIAN,False,total,43421.0,1448047.0,False,20210114,LIBERTARIAN
2016,OKLAHOMA,OK,40,73.0,53,US SENATE,statewide,gen,False,SEAN BRADDY,INDEPENDENT,False,total,40405.0,1448047.0,False,20210114,OTHER
2016,OREGON,OR,41,92.0,72,US SENATE,statewide,gen,False,ERIC NAVICKAS,PACIFIC GREEN,False,total,48823.0,1952478.0,False,20210114,OTHER
2016,OREGON,OR,41,92.0,72,US SENATE,statewide,gen,False,JIM LINDSAY,LIBERTARIAN,False,total,23941.0,1952478.0,False,20210114,LIBERTARIAN
2016,OREGON,OR,41,92.0,72,US SENATE,statewide,gen,False,MARK CALLAHAN,REPUBLICAN,False,total,651106.0,1952478.0,False,20210114,REPUBLICAN
2016,OREGON,OR,41,92.0,72,US SENATE,statewide,gen,False,OTHER,,False,total,2058.0,1952478.0,False,20210114,OTHER
2016,OREGON,OR,41,92.0,72,US SENATE,statewide,gen,False,RON WYDEN,DEMOCRAT,False,total,1105119.0,1952478.0,False,20210114,DEMOCRAT
2016,OREGON,OR,41,92.0,72,US SENATE,statewide,gen,False,SHANTI S. LEWALLEN,WORKING FAMILIES,False,total,61915.0,1952478.0,False,20210114,OTHER
2016,OREGON,OR,41,92.0,72,US SENATE,statewide,gen,False,STEVEN C. REYNOLDS,INDEPENDENT,False,total,59516.0,1952478.0,False,20210114,OTHER
2016,PENNSYLVANIA,PA,42,23.0,14,US SENATE,statewide,gen,False,EDWARD T. CLIFFORD III,LIBERTARIAN,False,total,235142.0,6051856.0,False,20210114,LIBERTARIAN
2016,PENNSYLVANIA,PA,42,23.0,14,US SENATE,statewide,gen,False,KATIE MCGINTY,DEMOCRAT,False,total,2865012.0,6051856.0,False,20210114,DEMOCRAT
2016,PENNSYLVANIA,PA,42,23.0,14,US SENATE,statewide,gen,False,PATRICK J. TOOMEY,REPUBLICAN,False,total,2951702.0,6051856.0,False,20210114,REPUBLICAN
2016,SOUTH CAROLINA,SC,45,57.0,48,US SENATE,statewide,gen,False,BILL BLEDSOE,LIBERTARIAN,False,total,24830.0,2049893.0,False,20210114,LIBERTARIAN
2016,SOUTH CAROLINA,SC,45,57.0,48,US SENATE,statewide,gen,False,BILL BLEDSOE,CONSTITUTION,False,total,12652.0,2049893.0,False,20210114,OTHER
2016,SOUTH CAROLINA,SC,45,57.0,48,US SENATE,statewide,gen,False,REBEL MICHAEL SCARBOROUGH,AMERICAN,False,total,11923.0,2049893.0,False,20210114,OTHER
2016,SOUTH CAROLINA,SC,45,57.0,48,US SENATE,statewide,gen,False,THOMAS DIXON,DEMOCRAT,False,total,704540.0,2049893.0,False,20210114,DEMOCRAT
2016,SOUTH CAROLINA,SC,45,57.0,48,US SENATE,statewide,gen,False,THOMAS DIXON,WORKING FAMILIES,False,total,37610.0,2049893.0,False,20210114,OTHER
2016,SOUTH CAROLINA,SC,45,57.0,48,US SENATE,statewide,gen,False,THOMAS DIXON,GREEN,False,total,14872.0,2049893.0,False,20210114,OTHER
2016,SOUTH CAROLINA,SC,45,57.0,48,US SENATE,statewide,gen,False,TIM SCOTT,REPUBLICAN,False,total,1241609.0,2049893.0,False,20210114,REPUBLICAN
2016,SOUTH CAROLINA,SC,45,57.0,48,US SENATE,statewide,gen,False,,,True,total,1857.0,2049893.0,False,20210114,OTHER
2016,SOUTH DAKOTA,SD,46,45.0,37,US SENATE,statewide,gen,False,JAY WILLIAMS,DEMOCRAT,False,total,104140.0,369656.0,False,20210114,DEMOCRAT
2016,SOUTH DAKOTA,SD,46,45.0,37,US SENATE,statewide,gen,False,JOHN R. THUNE,REPUBLICAN,False,total,265516.0,369656.0,False,20210114,REPUBLICAN
2016,UTAH,UT,49,87.0,67,US SENATE,statewide,gen,False,BILL BARRON,NONE,False,total,26166.0,1115583.0,False,20210114,OTHER
2016,UTAH,UT,49,87.0,67,US SENATE,statewide,gen,False,MIKE LEE,REPUBLICAN,False,total,760220.0,1115583.0,False,20210114,REPUBLICAN
2016,UTAH,UT,49,87.0,67,US SENATE,statewide,gen,False,MISTY K. SNOW,DEMOCRAT,False,total,301858.0,1115583.0,False,20210114,DEMOCRAT
2016,UTAH,UT,49,87.0,67,US SENATE,statewide,gen,False,STONEY FONUA,INDEPENDENT AMERICAN,False,total,27339.0,1115583.0,False,20210114,OTHER
2016,VERMONT,VT,50,13.0,6,US SENATE,statewide,gen,False,BLANK VOTE,,False,total,6192.0,320467.0,False,20210114,OTHER
2016,VERMONT,VT,50,13.0,6,US SENATE,statewide,gen,False,CRIS ERICSON,UNITED STATES MARIJUANA,False,total,9156.0,320467.0,False,20210114,OTHER
2016,VERMONT,VT,50,13.0,6,US SENATE,statewide,gen,False,JERRY TRUDELL,INDEPENDENT,False,total,5223.0,320467.0,False,20210114,OTHER
2016,VERMONT,VT,50,13.0,6,US SENATE,statewide,gen,False,PATRICK J. LEAHY,DEMOCRAT,False,total,192243.0,320467.0,False,20210114,DEMOCRAT
2016,VERMONT,VT,50,13.0,6,US SENATE,statewide,gen,False,PETE DIAMONDSTONE,LIBERTY UNION,False,total,3241.0,320467.0,False,20210114,OTHER
2016,VERMONT,VT,50,13.0,6,US SENATE,statewide,gen,False,SCOTT MILNE,REPUBLICAN,False,total,103637.0,320467.0,False,20210114,REPUBLICAN
2016,VERMONT,VT,50,13.0,6,US SENATE,statewide,gen,False,VOID VOTE,,False,total,466.0,320467.0,False,20210114,OTHER
2016,VERMONT,VT,50,13.0,6,US SENATE,statewide,gen,False,,,True,total,309.0,320467.0,False,20210114,OTHER
2016,WASHINGTON,WA,53,91.0,73,US SENATE,statewide,gen,False,CHRIS VANCE,REPUBLICAN,False,total,1329338.0,3243317.0,False,20210114,REPUBLICAN
2016,WASHINGTON,WA,53,91.0,73,US SENATE,statewide,gen,False,PATTY MURRAY,DEMOCRAT,False,total,1913979.0,3243317.0,False,20210114,DEMOCRAT
2016,WISCONSIN,WI,55,35.0,25,US SENATE,statewide,gen,False,PHILIP N. ANDERSON,LIBERTARIAN,False,total,87531.0,2948741.0,False,20210114,LIBERTARIAN
2016,WISCONSIN,WI,55,35.0,25,US SENATE,statewide,gen,False,RON JOHNSON,REPUBLICAN,False,total,1479471.0,2948741.0,False,20210114,REPUBLICAN
2016,WISCONSIN,WI,55,35.0,25,US SENATE,statewide,gen,False,RUSS FEINGOLD,DEMOCRAT,False,total,1380335.0,2948741.0,False,20210114,DEMOCRAT
2016,WISCONSIN,WI,55,35.0,25,US SENATE,statewide,gen,False,SCATTER,,False,total,1396.0,2948741.0,False,20210114,OTHER
2016,WISCONSIN,WI,55,35.0,25,US SENATE,statewide,gen,False,,,True,total,8.0,2948741.0,False,20210114,OTHER
2018,ARIZONA,AZ,4,86.0,61,US SENATE,statewide,gen,False,ANGELA GREEN,GREEN,False,total,57442.0,2384308.0,False,20210114,OTHER
2018,ARIZONA,AZ,4,86.0,61,US SENATE,statewide,gen,False,KYRSTEN SINEMA,DEMOCRAT,False,total,1191100.0,2384308.0,False,20210114,DEMOCRAT
2018,ARIZONA,AZ,4,86.0,61,US SENATE,statewide,gen,False,MARTHA MCSALLY,REPUBLICAN,False,total,1135200.0,2384308.0,False,20210114,REPUBLICAN
2018,ARIZONA,AZ,4,86.0,61,US SENATE,statewide,gen,False,,,True,total,566.0,2384308.0,False,20210114,OTHER
2018,CALIFORNIA,CA,6,93.0,71,US SENATE,statewide,gen,False,DIANNE FEINSTEIN,DEMOCRAT,False,total,6019422.0,11113364.0,False,20210114,DEMOCRAT
2018,CALIFORNIA,CA,6,93.0,71,US SENATE,statewide,gen,False,KEVIN DE LEON,DEMOCRAT,False,total,5093942.0,11113364.0,False,20210114,DEMOCRAT
2018,CONNECTICUT,CT,9,16.0,1,US SENATE,statewide,gen,False,CHRISTOPHER S MURPHY,DEMOCRAT,False,total,787685.0,1386840.0,False,20210114,DEMOCRAT
2018,CONNECTICUT,CT,9,16.0,1,US SENATE,statewide,gen,False,CHRISTOPHER S MURPHY,WORKING FAMILIES,False,total,37894.0,1386840.0,False,20210114,OTHER
2018,CONNECTICUT,CT,9,16.0,1,US SENATE,statewide,gen,False,JEFF RUSSELL,GREEN,False,total,6618.0,1386840.0,False,20210114,OTHER
2018,CONNECTICUT,CT,9,16.0,1,US SENATE,statewide,gen,False,MATTHEW COREY,REPUBLICAN,False,total,545717.0,1386840.0,False,20210114,REPUBLICAN
2018,CONNECTICUT,CT,9,16.0,1,US SENATE,statewide,gen,False,RICHARD LION,LIBERTARIAN,False,total,8838.0,1386840.0,False,20210114,LIBERTARIAN
2018,CONNECTICUT,CT,9,16.0,1,US SENATE,statewide,gen,False,,,True,total,88.0,1386840.0,False,20210114,OTHER
2018,DELAWARE,DE,10,51.0,11,US SENATE,statewide,gen,False,DEMITRI G THEODOROPOULOS,GREEN,False,total,4170.0,362592.0,False,20210114,OTHER
2018,DELAWARE,DE,10,51.0,11,US SENATE,statewide,gen,False,NADINE M FROST,LIBERTARIAN,False,total,3910.0,362592.0,False,20210114,LIBERTARIAN
2018,DELAWARE,DE,10,51.0,11,US SENATE,statewide,gen,False,ROBERT B ARLETT,REPUBLICAN,False,total,137127.0,362592.0,False,20210114,REPUBLICAN
2018,DELAWARE,DE,10,51.0,11,US SENATE,statewide,gen,False,THOMAS R CARPER,DEMOCRAT,False,total,217385.0,362592.0,False,20210114,DEMOCRAT
2018,FLORIDA,FL,12,59.0,43,US SENATE,statewide,gen,False,BILL NELSON,DEMOCRAT,False,total,4089472.0,8190005.0,False,20210114,DEMOCRAT
2018,FLORIDA,FL,12,59.0,43,US SENATE,statewide,gen,False,RICK SCOTT,REPUBLICAN,False,total,4099505.0,8190005.0,False,20210114,REPUBLICAN
2018,FLORIDA,FL,12,59.0,43,US SENATE,statewide,gen,False,,,True,total,1028.0,8190005.0,False,20210114,OTHER
2018,HAWAII,HI,15,95.0,82,US SENATE,statewide,gen,False,MAZIE K. HIRONO,DEMOCRAT,False,total,276316.0,388351.0,False,20210114,DEMOCRAT
2018,HAWAII,HI,15,95.0,82,US SENATE,statewide,gen,False,RON CURTIS,REPUBLICAN,False,total,112035.0,388351.0,False,20210114,REPUBLICAN
2018,INDIANA,IN,18,32.0,22,US SENATE,statewide,gen,False,JOE DONNELLY,DEMOCRAT,False,total,1023553.0,2282565.0,False,20210114,DEMOCRAT
2018,INDIANA,IN,18,32.0,22,US SENATE,statewide,gen,False,LUCY M. BRENTON,LIBERTARIAN,False,total,100942.0,2282565.0,False,20210114,LIBERTARIAN
2018,INDIANA,IN,18,32.0,22,US SENATE,statewide,gen,False,MIKE BRAUN,REPUBLICAN,False,total,1158000.0,2282565.0,False,20210114,REPUBLICAN
2018,INDIANA,IN,18,32.0,22,US SENATE,statewide,gen,False,,,True,total,70.0,2282565.0,False,20210114,OTHER
2018,MAINE,ME,23,11.0,2,US SENATE,statewide,gen,False,"ANGUS S. KING, JR.",INDEPENDENT,False,total,344575.0,634409.0,False,20210114,OTHER
2018,MAINE,ME,23,11.0,2,US SENATE,statewide,gen,False,ERIC L. BRAKEY,REPUBLICAN,False,total,223502.0,634409.0,False,20210114,REPUBLICAN
2018,MAINE,ME,23,11.0,2,US SENATE,statewide,gen,False,OTHERS,,False,total,64.0,634409.0,False,20210114,OTHER
2018,MAINE,ME,23,11.0,2,US SENATE,statewide,gen,False,ZAK RINGELSTEIN,DEMOCRAT,False,total,66268.0,634409.0,False,20210114,DEMOCRAT
2018,MARYLAND,MD,24,52.0,52,US SENATE,statewide,gen,False,ARVIN VOHRA,LIBERTARIAN,False,total,22943.0,2299889.0,False,20210114,LIBERTARIAN
2018,MARYLAND,MD,24,52.0,52,US SENATE,statewide,gen,False,BEN CARDIN,DEMOCRAT,False,total,1491614.0,2299889.0,False,20210114,DEMOCRAT
2018,MARYLAND,MD,24,52.0,52,US SENATE,statewide,gen,False,NEAL SIMON,UNAFFILIATED,False,total,85964.0,2299889.0,False,20210114,OTHER
2018,MARYLAND,MD,24,52.0,52,US SENATE,statewide,gen,False,TONY CAMPBELL,REPUBLICAN,False,total,697017.0,2299889.0,False,20210114,REPUBLICAN
2018,MARYLAND,MD,24,52.0,52,US SENATE,statewide,gen,False,,,True,total,2351.0,2299889.0,False,20210114,OTHER
2018,MASSACHUSETTS,MA,25,14.0,3,US SENATE,statewide,gen,False,ELIZABETH A. WARREN,DEMOCRAT,False,total,1633371.0,2707090.0,False,20210114,DEMOCRAT
2018,MASSACHUSETTS,MA,25,14.0,3,US SENATE,statewide,gen,False,GEOFF DIEHL,REPUBLICAN,False,total,979210.0,2707090.0,False,20210114,REPUBLICAN
2018,MASSACHUSETTS,MA,25,14.0,3,US SENATE,statewide,gen,False,OTHERS,,False,total,2799.0,2707090.0,False,20210114,OTHER
2018,MASSACHUSETTS,MA,25,14.0,3,US SENATE,statewide,gen,False,SHIVA AYYADURAI,UNENROLLED,False,total,91710.0,2707090.0,False,20210114,OTHER
2018,MICHIGAN,MI,26,34.0,23,US SENATE,statewide,gen,False,DEBBIE STABENOW,DEMOCRAT,False,total,2214478.0,4237271.0,False,20210114,DEMOCRAT
2018,MICHIGAN,MI,26,34.0,23,US SENATE,statewide,gen,False,GEORGE E. HUFFMAN III,US TAXPAYERS,False,total,27251.0,4237271.0,False,20210114,OTHER
2018,MICHIGAN,MI,26,34.0,23,US SENATE,statewide,gen,False,JOHN HOWARD WILHELM,NATURAL LAW,False,total,16502.0,4237271.0,False,20210114,OTHER
2018,MICHIGAN,MI,26,34.0,23,US SENATE,statewide,gen,False,JOHN JAMES,REPUBLICAN,False,total,1938818.0,4237271.0,False,20210114,REPUBLICAN
2018,MICHIGAN,MI,26,34.0,23,US SENATE,statewide,gen,False,MARCIA SQUIER,GREEN,False,total,40204.0,4237271.0,False,20210114,OTHER
2018,MICHIGAN,MI,26,34.0,23,US SENATE,statewide,gen,False,,,True,total,18.0,4237271.0,False,20210114,OTHER
2018,MINNESOTA,MN,27,41.0,33,US SENATE,statewide,gen,False,AMY KLOBUCHAR,DEMOCRATIC-FARMER-LABOR,False,total,1566174.0,2596879.0,False,20210114,DEMOCRAT
2018,MINNESOTA,MN,27,41.0,33,US SENATE,statewide,gen,False,DENNIS SCHULLER,LEGAL MARIJUANA NOW,False,total,66236.0,2596879.0,False,20210114,OTHER
2018,MINNESOTA,MN,27,41.0,33,US SENATE,statewide,gen,False,JIM NEWBERGER,REPUBLICAN,False,total,940437.0,2596879.0,False,20210114,REPUBLICAN
2018,MINNESOTA,MN,27,41.0,33,US SENATE,statewide,gen,False,PAULA M OVERBY,MINNESOTA GREEN,False,total,23101.0,2596879.0,False,20210114,OTHER
2018,MINNESOTA,MN,27,41.0,33,US SENATE,statewide,gen,False,,,True,total,931.0,2596879.0,False,20210114,OTHER
2018,MINNESOTA,MN,27,41.0,33,US SENATE,statewide,gen,True,JERRY TROOIEN,UNAFFILIATED,False,total,24324.0,2587356.0,False,20210114,OTHER
2018,MINNESOTA,MN,27,41.0,33,US SENATE,statewide,gen,True,KARIN HOUSLEY,REPUBLICAN,False,total,1095777.0,2587356.0,False,20210114,REPUBLICAN
2018,MINNESOTA,MN,27,41.0,33,US SENATE,statewide,gen,True,SARAH WELLINGTON,LEGAL MARIJUANA NOW,False,total,95614.0,2587356.0,False,20210114,OTHER
2018,MINNESOTA,MN,27,41.0,33,US SENATE,statewide,gen,True,TINA SMITH,DEMOCRATIC-FARMER-LABOR,False,total,1370540.0,2587356.0,False,20210114,DEMOCRAT
2018,MINNESOTA,MN,27,41.0,33,US SENATE,statewide,gen,True,,,True,total,1101.0,2587356.0,False,20210114,OTHER
2018,MISSISSIPPI,MS,28,64.0,46,US SENATE,statewide,gen,False,DANNY BEDWELL,LIBERTARIAN,False,total,12981.0,936215.0,False,20210114,LIBERTARIAN
2018,MISSISSIPPI,MS,28,64.0,46,US SENATE,statewide,gen,False,DAVID BARIA,DEMOCRAT,False,total,369567.0,936215.0,False,20210114,DEMOCRAT
2018,MISSISSIPPI,MS,28,64.0,46,US SENATE,statewide,gen,False,ROGER F. WICKER,REPUBLICAN,False,total,547619.0,936215.0,False,20210114,REPUBLICAN
2018,MISSISSIPPI,MS,28,64.0,46,US SENATE,statewide,gen,False,SHAWN O'HARA,REFORM,False,total,6048.0,936215.0,False,20210114,OTHER
2018,MISSISSIPPI,MS,28,64.0,46,US SENATE,statewide,gen,True,CINDY HYDE-SMITH,REPUBLICAN,False,total,486769.0,907588.0,False,20210114,REPUBLICAN
2018,MISSISSIPPI,MS,28,64.0,46,US SENATE,statewide,gen,True,MIKE ESPY,DEMOCRAT,False,total,420819.0,907588.0,False,20210114,DEMOCRAT
2018,MISSOURI,MO,29,43.0,34,US SENATE,statewide,gen,False,CLAIRE MCCASKILL,DEMOCRAT,False,total,1112935.0,2442289.0,False,20210114,DEMOCRAT
2018,MISSOURI,MO,29,43.0,34,US SENATE,statewide,gen,False,CRAIG O'DEAR,INDEPENDENT,False,total,34398.0,2442289.0,False,20210114,OTHER
2018,MISSOURI,MO,29,43.0,34,US SENATE,statewide,gen,False,JAPHETH CAMPBELL,LIBERTARIAN,False,total,27316.0,2442289.0,False,20210114,LIBERTARIAN
2018,MISSOURI,MO,29,43.0,34,US SENATE,statewide,gen,False,JO CRAIN,GREEN,False,total,12706.0,2442289.0,False,20210114,OTHER
2018,MISSOURI,MO,29,43.0,34,US SENATE,statewide,gen,False,JOSH HAWLEY,REPUBLICAN,False,total,1254927.0,2442289.0,False,20210114,REPUBLICAN
2018,MISSOURI,MO,29,43.0,34,US SENATE,statewide,gen,False,,,True,total,7.0,2442289.0,False,20210114,OTHER
2018,MONTANA,MT,30,81.0,64,US SENATE,statewide,gen,False,JON TESTER,DEMOCRAT,False,total,253876.0,504384.0,False,20210114,DEMOCRAT
2018,MONTANA,MT,30,81.0,64,US SENATE,statewide,gen,False,MATT ROSENDALE,REPUBLICAN,False,total,235963.0,504384.0,False,20210114,REPUBLICAN
2018,MONTANA,MT,30,81.0,64,US SENATE,statewide,gen,False,RICK BRECKENRIDGE,LIBERTARIAN,False,total,14545.0,504384.0,False,20210114,LIBERTARIAN
2018,NEBRASKA,NE,31,46.0,35,US SENATE,statewide,gen,False,DEB FISCHER,REPUBLICAN,False,total,403151.0,698883.0,False,20210114,REPUBLICAN
2018,NEBRASKA,NE,31,46.0,35,US SENATE,statewide,gen,False,JANE RAYBOULD,DEMOCRAT,False,total,269917.0,698883.0,False,20210114,DEMOCRAT
2018,NEBRASKA,NE,31,46.0,35,US SENATE,statewide,gen,False,JIM SCHULTZ,LIBERTARIAN,False,total,25349.0,698883.0,False,20210114,LIBERTARIAN
2018,NEBRASKA,NE,31,46.0,35,US SENATE,statewide,gen,False,,,True,total,466.0,698883.0,False,20210114,OTHER
2018,NEVADA,NV,32,88.0,65,US SENATE,statewide,gen,False,BARRY MICHAELS,INDEPENDENT,False,total,9269.0,972132.0,False,20210114,OTHER
2018,NEVADA,NV,32,88.0,65,US SENATE,statewide,gen,False,DEAN HELLER,REPUBLICAN,False,total,441202.0,972132.0,False,20210114,REPUBLICAN
2018,NEVADA,NV,32,88.0,65,US SENATE,statewide,gen,False,JACKY ROSEN,DEMOCRAT,False,total,490071.0,972132.0,False,20210114,DEMOCRAT
2018,NEVADA,NV,32,88.0,65,US SENATE,statewide,gen,False,KAMAU A. BAKARI,INDEPENDENT AMERICAN,False,total,7091.0,972132.0,False,20210114,OTHER
2018,NEVADA,NV,32,88.0,65,US SENATE,statewide,gen,False,NONE OF THESE CANDIDATES,,False,total,15303.0,972132.0,False,20210114,OTHER
2018,NEVADA,NV,32,88.0,65,US SENATE,statewide,gen,False,TIM HAGAN,LIBERTARIAN,False,total,9196.0,972132.0,False,20210114,LIBERTARIAN
2018,NEW JERSEY,NJ,34,22.0,12,US SENATE,statewide,gen,False,BOB HUGIN,REPUBLICAN,False,total,1357355.0,3169310.0,False,20210114,REPUBLICAN
2018,NEW JERSEY,NJ,34,22.0,12,US SENATE,statewide,gen,False,HANK SCHROEDER,ECONOMIC GROWTH,False,total,8854.0,3169310.0,False,20210114,OTHER
2018,NEW JERSEY,NJ,34,22.0,12,US SENATE,statewide,gen,False,KEVIN KIMPLE,MAKE IT SIMPLE,False,total,9087.0,3169310.0,False,20210114,OTHER
2018,NEW JERSEY,NJ,34,22.0,12,US SENATE,statewide,gen,False,MADELYN R. HOFFMAN,GREEN,False,total,25150.0,3169310.0,False,20210114,OTHER
2018,NEW JERSEY,NJ,34,22.0,12,US SENATE,statewide,gen,False,MURRAY SABRIN,LIBERTARIAN,False,total,21212.0,3169310.0,False,20210114,LIBERTARIAN
2018,NEW JERSEY,NJ,34,22.0,12,US SENATE,statewide,gen,False,NATALIE LYNN RIVERA,FOR THE PEOPLE,False,total,19897.0,3169310.0,False,20210114,OTHER
2018,NEW JERSEY,NJ,34,22.0,12,US SENATE,statewide,gen,False,ROBERT MENENDEZ,DEMOCRAT,False,total,1711654.0,3169310.0,False,20210114,DEMOCRAT
2018,NEW JERSEY,NJ,34,22.0,12,US SENATE,statewide,gen,False,TRICIA FLANAGAN,NEW DAY NJ,False,total,16101.0,3169310.0,False,20210114,OTHER
2018,NEW MEXICO,NM,35,85.0,66,US SENATE,statewide,gen,False,GARY E JOHNSON,LIBERTARIAN,False,total,107201.0,697012.0,False,20210114,LIBERTARIAN
2018,NEW MEXICO,NM,35,85.0,66,US SENATE,statewide,gen,False,MARTIN T HEINRICH,DEMOCRAT,False,total,376998.0,697012.0,False,20210114,DEMOCRAT
2018,NEW MEXICO,NM,35,85.0,66,US SENATE,statewide,gen,False,MICK RICH,REPUBLICAN,False,total,212813.0,697012.0,False,20210114,REPUBLICAN
2018,NEW YORK,NY,36,21.0,13,US SENATE,statewide,gen,False,CHELE CHIAVACCI FARLEY,REPUBLICAN,False,total,1730439.0,6055151.0,False,20210114,REPUBLICAN
2018,NEW YORK,NY,36,21.0,13,US SENATE,statewide,gen,False,CHELE CHIAVACCI FARLEY,CONSERVATIVE,False,total,246171.0,6055151.0,False,20210114,OTHER
2018,NEW YORK,NY,36,21.0,13,US SENATE,statewide,gen,False,CHELE CHIAVACCI FARLEY,REFORM,False,total,21610.0,6055151.0,False,20210114,OTHER
2018,NEW YORK,NY,36,21.0,13,US SENATE,statewide,gen,False,KIRSTEN E. GILLIBRAND,DEMOCRAT,False,total,3755489.0,6055151.0,False,20210114,DEMOCRAT
2018,NEW YORK,NY,36,21.0,13,US SENATE,statewide,gen,False,KIRSTEN E. GILLIBRAND,WORKING FAMILIES,False,total,160128.0,6055151.0,False,20210114,OTHER
2018,NEW YORK,NY,36,21.0,13,US SENATE,statewide,gen,False,KIRSTEN E. GILLIBRAND,INDEPENDENCE,False,total,99325.0,6055151.0,False,20210114,OTHER
2018,NEW YORK,NY,36,21.0,13,US SENATE,statewide,gen,False,KIRSTEN E. GILLIBRAND,WOMEN'S EQUALITY,False,total,41989.0,6055151.0,False,20210114,OTHER
2018,NORTH DAKOTA,ND,38,44.0,36,US SENATE,statewide,gen,False,HEIDI HEITKAMP,DEMOCRATIC-NPL,False,total,144376.0,326138.0,False,20210114,DEMOCRAT
2018,NORTH DAKOTA,ND,38,44.0,36,US SENATE,statewide,gen,False,KEVIN CRAMER,REPUBLICAN,False,total,179720.0,326138.0,False,20210114,REPUBLICAN
2018,NORTH DAKOTA,ND,38,44.0,36,US SENATE,statewide,gen,False,,,True,total,2042.0,326138.0,False,20210114,OTHER
2018,OHIO,OH,39,31.0,24,US SENATE,statewide,gen,False,JIM RENACCI,REPUBLICAN,False,total,2053963.0,4410898.0,False,20210114,REPUBLICAN
2018,OHIO,OH,39,31.0,24,US SENATE,statewide,gen,False,SHERROD BROWN,DEMOCRAT,False,total,2355923.0,4410898.0,False,20210114,DEMOCRAT
2018,OHIO,OH,39,31.0,24,US SENATE,statewide,gen,False,,,True,total,1012.0,4410898.0,False,20210114,OTHER
2018,PENNSYLVANIA,PA,42,23.0,14,US SENATE,statewide,gen,False,DALE R KERNS JR,LIBERTARIAN,False,total,50907.0,4994643.0,False,20210114,LIBERTARIAN
2018,PENNSYLVANIA,PA,42,23.0,14,US SENATE,statewide,gen,False,LOUIS J. BARLETTA,REPUBLICAN,False,total,2134848.0,4994643.0,False,20210114,REPUBLICAN
2018,PENNSYLVANIA,PA,42,23.0,14,US SENATE,statewide,gen,False,NEAL TAYLOR GALE,GREEN,False,total,31208.0,4994643.0,False,20210114,OTHER
2018,PENNSYLVANIA,PA,42,23.0,14,US SENATE,statewide,gen,False,ROBERT P CASEY JR,DEMOCRAT,False,total,2777680.0,4994643.0,False,20210114,DEMOCRAT
2018,RHODE ISLAND,RI,44,15.0,5,US SENATE,statewide,gen,False,"ROBERT G. FLANDERS, JR.",REPUBLICAN,False,total,144421.0,376738.0,False,20210114,REPUBLICAN
2018,RHODE ISLAND,RI,44,15.0,5,US SENATE,statewide,gen,False,SHELDON WHITEHOUSE,DEMOCRAT,False,total,231477.0,376738.0,False,20210114,DEMOCRAT
2018,RHODE ISLAND,RI,44,15.0,5,US SENATE,statewide,gen,False,,,True,total,840.0,376738.0,False,20210114,OTHER
2018,TENNESSEE,TN,47,62.0,54,US SENATE,statewide,gen,False,BRETON PHILLIPS,INDEPENDENT,False,total,2226.0,2243740.0,False,20210114,OTHER
2018,TENNESSEE,TN,47,62.0,54,US SENATE,statewide,gen,False,DEAN HILL,INDEPENDENT,False,total,8717.0,2243740.0,False,20210114,OTHER
2018,TENNESSEE,TN,47,62.0,54,US SENATE,statewide,gen,False,JOHN CARICO,INDEPENDENT,False,total,3398.0,2243740.0,False,20210114,OTHER
2018,TENNESSEE,TN,47,62.0,54,US SENATE,statewide,gen,False,KEVIN LEE MCCANTS,INDEPENDENT,False,total,1927.0,2243740.0,False,20210114,OTHER
2018,TENNESSEE,TN,47,62.0,54,US SENATE,statewide,gen,False,KRIS L. TODD,INDEPENDENT,False,total,5084.0,2243740.0,False,20210114,OTHER
2018,TENNESSEE,TN,47,62.0,54,US SENATE,statewide,gen,False,MARSHA BLACKBURN,REPUBLICAN,False,total,1227483.0,2243740.0,False,20210114,REPUBLICAN
2018,TENNESSEE,TN,47,62.0,54,US SENATE,statewide,gen,False,PHIL BREDESEN,DEMOCRAT,False,total,985450.0,2243740.0,False,20210114,DEMOCRAT
2018,TENNESSEE,TN,47,62.0,54,US SENATE,statewide,gen,False,TRUDY A. AUSTIN,INDEPENDENT,False,total,9455.0,2243740.0,False,20210114,OTHER
2018,TEXAS,TX,48,74.0,49,US SENATE,statewide,gen,False,BETO O'ROURKE,DEMOCRAT,False,total,4045632.0,8371655.0,False,20210114,DEMOCRAT
2018,TEXAS,TX,48,74.0,49,US SENATE,statewide,gen,False,NEAL M. DIKEMAN,LIBERTARIAN,False,total,65470.0,8371655.0,False,20210114,LIBERTARIAN
2018,TEXAS,TX,48,74.0,49,US SENATE,statewide,gen,False,TED CRUZ,REPUBLICAN,False,total,4260553.0,8371655.0,False,20210114,REPUBLICAN
2018,UTAH,UT,49,87.0,67,US SENATE,statewide,gen,False,CRAIG R. BOWDEN,LIBERTARIAN,False,total,27607.0,1062845.0,False,20210114,LIBERTARIAN
2018,UTAH,UT,49,87.0,67,US SENATE,statewide,gen,False,JENNY WILSON,DEMOCRAT,False,total,328541.0,1062845.0,False,20210114,DEMOCRAT
2018,UTAH,UT,49,87.0,67,US SENATE,statewide,gen,False,MITT ROMNEY,REPUBLICAN,False,total,665215.0,1062845.0,False,20210114,REPUBLICAN
2018,UTAH,UT,49,87.0,67,US SENATE,statewide,gen,False,REED C. MCCANDLESS,INDEPENDENT AMERICAN,False,total,12708.0,1062845.0,False,20210114,OTHER
2018,UTAH,UT,49,87.0,67,US SENATE,statewide,gen,False,TIM AALDERS,CONSTITUTION,False,total,28774.0,1062845.0,False,20210114,OTHER
2018,VERMONT,VT,50,13.0,6,US SENATE,statewide,gen,False,BERNIE SANDERS,INDEPENDENT,False,total,183529.0,272624.0,False,20210114,OTHER
2018,VERMONT,VT,50,13.0,6,US SENATE,statewide,gen,False,BRAD J. PEACOCK,INDEPENDENT,False,total,3787.0,272624.0,False,20210114,OTHER
2018,VERMONT,VT,50,13.0,6,US SENATE,statewide,gen,False,BRUCE BUSA,INDEPENDENT,False,total,914.0,272624.0,False,20210114,OTHER
2018,VERMONT,VT,50,13.0,6,US SENATE,statewide,gen,False,EDWARD S. GILBERT JR,INDEPENDENT,False,total,2244.0,272624.0,False,20210114,OTHER
2018,VERMONT,VT,50,13.0,6,US SENATE,statewide,gen,False,FOLASADE ADELUOLA,INDEPENDENT,False,total,1979.0,272624.0,False,20210114,OTHER
2018,VERMONT,VT,50,13.0,6,US SENATE,statewide,gen,False,JON SVITAVSKY,INDEPENDENT,False,total,1280.0,272624.0,False,20210114,OTHER
2018,VERMONT,VT,50,13.0,6,US SENATE,statewide,gen,False,LAWRENCE ZUPAN,REPUBLICAN,False,total,74663.0,272624.0,False,20210114,REPUBLICAN
2018,VERMONT,VT,50,13.0,6,US SENATE,statewide,gen,False,REID KANE,LIBERTY UNION,False,total,1171.0,272624.0,False,20210114,OTHER
2018,VERMONT,VT,50,13.0,6,US SENATE,statewide,gen,False,RUSSELL BESTE,INDEPENDENT,False,total,2763.0,272624.0,False,20210114,OTHER
2018,VERMONT,VT,50,13.0,6,US SENATE,statewide,gen,False,,,True,total,294.0,272624.0,False,20210114,OTHER
2018,VIRGINIA,VA,51,54.0,40,US SENATE,statewide,gen,False,COREY A. STEWART,REPUBLICAN,False,total,1374313.0,3351373.0,False,20210114,REPUBLICAN
2018,VIRGINIA,VA,51,54.0,40,US SENATE,statewide,gen,False,MATT J. WATERS,LIBERTARIAN,False,total,61565.0,3351373.0,False,20210114,LIBERTARIAN
2018,VIRGINIA,VA,51,54.0,40,US SENATE,statewide,gen,False,TIMOTHY M. KAINE,DEMOCRAT,False,total,1910370.0,3351373.0,False,20210114,DEMOCRAT
2018,VIRGINIA,VA,51,54.0,40,US SENATE,statewide,gen,False,,,True,total,5125.0,3351373.0,False,20210114,OTHER
2018,WASHINGTON,WA,53,91.0,73,US SENATE,statewide,gen,False,MARIA CANTWELL,DEMOCRAT,False,total,1803364.0,3086168.0,False,20210114,DEMOCRAT
2018,WASHINGTON,WA,53,91.0,73,US SENATE,statewide,gen,False,SUSAN HUTCHISON,REPUBLICAN,False,total,1282804.0,3086168.0,False,20210114,REPUBLICAN
2018,WEST VIRGINIA,WV,54,55.0,56,US SENATE,statewide,gen,False,JOE MANCHIN,DEMOCRAT,False,total,288808.0,582911.0,True,20210114,DEMOCRAT
2018,WEST VIRGINIA,WV,54,55.0,56,US SENATE,statewide,gen,False,PATRICK MORRISEY,REPUBLICAN,False,total,269872.0,582911.0,True,20210114,REPUBLICAN
2018,WEST VIRGINIA,WV,54,55.0,56,US SENATE,statewide,gen,False,RUSTY HOLLEN,LIBERTARIAN,False,total,24231.0,582911.0,True,20210114,LIBERTARIAN
2018,WISCONSIN,WI,55,35.0,25,US SENATE,statewide,gen,False,LEAH VUKMIR,REPUBLICAN,False,total,1184885.0,2657841.0,False,20210114,REPUBLICAN
2018,WISCONSIN,WI,55,35.0,25,US SENATE,statewide,gen,False,TAMMY BALDWIN,DEMOCRAT,False,total,1472914.0,2657841.0,False,20210114,DEMOCRAT
2018,WISCONSIN,WI,55,35.0,25,US SENATE,statewide,gen,False,,,True,total,42.0,2657841.0,False,20210114,OTHER
2018,WYOMING,WY,56,83.0,68,US SENATE,statewide,gen,False,GARY TRAUNER,DEMOCRAT,False,total,61227.0,203420.0,False,20210114,DEMOCRAT
2018,WYOMING,WY,56,83.0,68,US SENATE,statewide,gen,False,JOHN BARRASSO,REPUBLICAN,False,total,136210.0,203420.0,False,20210114,REPUBLICAN
2018,WYOMING,WY,56,83.0,68,US SENATE,statewide,gen,False,JOSEPH PORAMBO,LIBERTARIAN,False,total,5658.0,203420.0,False,20210114,LIBERTARIAN
2018,WYOMING,WY,56,83.0,68,US SENATE,statewide,gen,False,,,True,total,325.0,203420.0,False,20210114,OTHER
2020,ALABAMA,AL,1,63.0,41,US SENATE,statewide,gen,False,DOUG JONES,DEMOCRAT,False,total,920478.0,2316445.0,False,20210114,DEMOCRAT
2020,ALABAMA,AL,1,63.0,41,US SENATE,statewide,gen,False,TOMMY TUBERVILLE,REPUBLICAN,False,total,1392076.0,2316445.0,False,20210114,REPUBLICAN
2020,ALABAMA,AL,1,63.0,41,US SENATE,statewide,gen,False,,,True,total,3891.0,2316445.0,False,20210114,OTHER
2020,ALASKA,AK,2,94.0,81,US SENATE,statewide,gen,False,AL GROSS,DEMOCRAT,False,total,146068.0,354587.0,False,20210114,DEMOCRAT
2020,ALASKA,AK,2,94.0,81,US SENATE,statewide,gen,False,DAN SULLIVAN,REPUBLICAN,False,total,191112.0,354587.0,False,20210114,REPUBLICAN
2020,ALASKA,AK,2,94.0,81,US SENATE,statewide,gen,False,JOHN WAYNE HOWE,ALASKAN INDEPENDENCE PARTY,False,total,16806.0,354587.0,False,20210114,OTHER
2020,ALASKA,AK,2,94.0,81,US SENATE,statewide,gen,False,,,True,total,601.0,354587.0,False,20210114,OTHER
2020,ARIZONA,AZ,4,86.0,61,US SENATE,statewide,gen,True,ADAM CHILTON,DEMOCRAT,True,total,19.0,3355307.0,False,20210114,DEMOCRAT
2020,ARIZONA,AZ,4,86.0,61,US SENATE,statewide,gen,True,BENJAMIN RODRIGUEZ,INDEPENDENT,True,total,17.0,3355307.0,False,20210114,OTHER
2020,ARIZONA,AZ,4,86.0,61,US SENATE,statewide,gen,True,BUZZ STEWART,DEMOCRAT,True,total,22.0,3355307.0,False,20210114,DEMOCRAT
2020,ARIZONA,AZ,4,86.0,61,US SENATE,statewide,gen,True,CHRISTOPHER BECKETT,INDEPENDENT,True,total,59.0,3355307.0,False,20210114,OTHER
2020,ARIZONA,AZ,4,86.0,61,US SENATE,statewide,gen,True,DEBBIE SIMMONS,REPUBLICAN,True,total,98.0,3355307.0,False,20210114,REPUBLICAN
2020,ARIZONA,AZ,4,86.0,61,US SENATE,statewide,gen,True,EDWARD DAVIDA,REPUBLICAN,True,total,28.0,3355307.0,False,20210114,REPUBLICAN
2020,ARIZONA,AZ,4,86.0,61,US SENATE,statewide,gen,True,FRANK SEENZ,INDEPENDENT,True,total,8.0,3355307.0,False,20210114,OTHER
2020,ARIZONA,AZ,4,86.0,61,US SENATE,statewide,gen,True,JIM STEVENS,NON-AFFILIATED,True,total,23.0,3355307.0,False,20210114,OTHER
2020,ARIZONA,AZ,4,86.0,61,US SENATE,statewide,gen,True,JOHN SCHIESS,REPUBLICAN,True,total,92.0,3355307.0,False,20210114,REPUBLICAN
2020,ARIZONA,AZ,4,86.0,61,US SENATE,statewide,gen,True,JOSHUA RODRIGUEZ,UNITY PARTY,True,total,69.0,3355307.0,False,20210114,OTHER
2020,ARIZONA,AZ,4,86.0,61,US SENATE,statewide,gen,True,MARK KELLY,DEMOCRAT,False,total,1716467.0,3355307.0,False,20210114,DEMOCRAT
2020,ARIZONA,AZ,4,86.0,61,US SENATE,statewide,gen,True,MARTHA MCSALLY,REPUBLICAN,False,total,1637661.0,3355307.0,False,20210114,REPUBLICAN
2020,ARIZONA,AZ,4,86.0,61,US SENATE,statewide,gen,True,"MATTHEW ""DOC"" DORCHESTER",LIBERTARIAN,True,total,379.0,3355307.0,False,20210114,LIBERTARIAN
2020,ARIZONA,AZ,4,86.0,61,US SENATE,statewide,gen,True,MATTHEW HAUPT,INDEPENDENT,True,total,37.0,3355307.0,False,20210114,OTHER
2020,ARIZONA,AZ,4,86.0,61,US SENATE,statewide,gen,True,"MOHAMMAD ""MIKE OBAMA"" ARIF",DEMOCRAT,True,total,68.0,3355307.0,False,20210114,DEMOCRAT
2020,ARIZONA,AZ,4,86.0,61,US SENATE,statewide,gen,True,NICHOLAS N. GLENN,INDEPENDENT REPUBLICAN PARTY,True,total,152.0,3355307.0,False,20210114,OTHER
2020,ARIZONA,AZ,4,86.0,61,US SENATE,statewide,gen,True,"PATRICK ""PAT"" THOMAS",REPUBLICAN,True,total,29.0,3355307.0,False,20210114,REPUBLICAN
2020,ARIZONA,AZ,4,86.0,61,US SENATE,statewide,gen,True,PERRY KAPADIA,DEMOCRAT,True,total,58.0,3355307.0,False,20210114,DEMOCRAT
2020,ARIZONA,AZ,4,86.0,61,US SENATE,statewide,gen,True,"WILLIAM ""WILL"" DECKER",INDEPENDENT,True,total,21.0,3355307.0,False,20210114,OTHER
2020,ARKANSAS,AR,5,71.0,42,US SENATE,statewide,gen,False,RICKY DALE HARRINGTON JR.,LIBERTARIAN,False,total,399390.0,1193261.0,False,20210114,LIBERTARIAN
2020,ARKANSAS,AR,5,71.0,42,US SENATE,statewide,gen,False,TOM COTTON,REPUBLICAN,False,total,793871.0,1193261.0,False,20210114,REPUBLICAN
2020,COLORADO,CO,8,84.0,62,US SENATE,statewide,gen,False,BRUCE LOHMILLER,GREEN,False,total,71.0,3235790.0,False,20210114,OTHER
2020,COLORADO,CO,8,84.0,62,US SENATE,statewide,gen,False,CORY GARDNER,REPUBLICAN,False,total,1429492.0,3235790.0,False,20210114,REPUBLICAN
2020,COLORADO,CO,8,84.0,62,US SENATE,statewide,gen,False,DANIEL DOYLE,APPROVAL VOTING PARTY,False,total,9820.0,3235790.0,False,20210114,OTHER
2020,COLORADO,CO,8,84.0,62,US SENATE,statewide,gen,False,DANNY SKELLY,UNAFFILIATED,False,total,55.0,3235790.0,False,20210114,OTHER
2020,COLORADO,CO,8,84.0,62,US SENATE,statewide,gen,False,JOHN W. HICKENLOOPER,DEMOCRAT,False,total,1731114.0,3235790.0,False,20210114,DEMOCRAT
2020,COLORADO,CO,8,84.0,62,US SENATE,statewide,gen,False,MICHAEL SANCHEZ,UNAFFILIATED,False,total,5.0,3235790.0,False,20210114,OTHER
2020,COLORADO,CO,8,84.0,62,US SENATE,statewide,gen,False,RAYMON ANTHONY DOANE,LIBERTARIAN,False,total,56262.0,3235790.0,False,20210114,LIBERTARIAN
2020,COLORADO,CO,8,84.0,62,US SENATE,statewide,gen,False,"STEPHAN ""SEKU"" EVANS",UNITY PARTY,False,total,8971.0,3235790.0,False,20210114,OTHER
2020,DELAWARE,DE,10,51.0,11,US SENATE,statewide,gen,False,CHRISTOPHER A. COONS,DEMOCRAT,False,total,291804.0,490935.0,False,20210114,DEMOCRAT
2020,DELAWARE,DE,10,51.0,11,US SENATE,statewide,gen,False,LAUREN WITZKE,REPUBLICAN,False,total,186054.0,490935.0,False,20210114,REPUBLICAN
2020,DELAWARE,DE,10,51.0,11,US SENATE,statewide,gen,False,MARK W. TURLEY,INDEPENDENT PARTY OF DELAWARE,False,total,7833.0,490935.0,False,20210114,OTHER
2020,DELAWARE,DE,10,51.0,11,US SENATE,statewide,gen,False,NADINE M. FROST,LIBERTARIAN,False,total,5244.0,490935.0,False,20210114,LIBERTARIAN
2020,GEORGIA,GA,13,58.0,44,US SENATE,statewide,gen,False,DAVID A. PERDUE,REPUBLICAN,False,total,2462617.0,4952175.0,False,20210114,REPUBLICAN
2020,GEORGIA,GA,13,58.0,44,US SENATE,statewide,gen,False,JON OSSOFF,DEMOCRAT,False,total,2374519.0,4952175.0,False,20210114,DEMOCRAT
2020,GEORGIA,GA,13,58.0,44,US SENATE,statewide,gen,False,SHANE HAZEL,LIBERTARIAN,False,total,115039.0,4952175.0,False,20210114,LIBERTARIAN
2020,GEORGIA,GA,13,58.0,44,US SENATE,statewide,gen,True,A. WAYNE JOHNSON,REPUBLICAN,False,total,36176.0,4914361.0,False,20210114,REPUBLICAN
2020,GEORGIA,GA,13,58.0,44,US SENATE,statewide,gen,True,AL BARTELL,INDEPENDENT,False,total,14640.0,4914361.0,False,20210114,OTHER
2020,GEORGIA,GA,13,58.0,44,US SENATE,statewide,gen,True,ALLEN BUCKLEY,INDEPENDENT,False,total,17954.0,4914361.0,False,20210114,OTHER
2020,GEORGIA,GA,13,58.0,44,US SENATE,statewide,gen,True,ANNETTE DAVIS JACKSON,REPUBLICAN,False,total,44335.0,4914361.0,False,20210114,REPUBLICAN
2020,GEORGIA,GA,13,58.0,44,US SENATE,statewide,gen,True,BRIAN SLOWINSKI,LIBERTARIAN,False,total,35431.0,4914361.0,False,20210114,LIBERTARIAN
2020,GEORGIA,GA,13,58.0,44,US SENATE,statewide,gen,True,DEBORAH JACKSON,DEMOCRAT,False,total,324118.0,4914361.0,False,20210114,DEMOCRAT
2020,GEORGIA,GA,13,58.0,44,US SENATE,statewide,gen,True,DERRICK E. GRAYSON,REPUBLICAN,False,total,51592.0,4914361.0,False,20210114,REPUBLICAN
2020,GEORGIA,GA,13,58.0,44,US SENATE,statewide,gen,True,DOUG COLLINS,REPUBLICAN,False,total,980454.0,4914361.0,False,20210114,REPUBLICAN
2020,GEORGIA,GA,13,58.0,44,US SENATE,statewide,gen,True,ED TARVER,DEMOCRAT,False,total,26333.0,4914361.0,False,20210114,DEMOCRAT
2020,GEORGIA,GA,13,58.0,44,US SENATE,statewide,gen,True,JAMESIA JAMES,DEMOCRAT,False,total,94406.0,4914361.0,False,20210114,DEMOCRAT
2020,GEORGIA,GA,13,58.0,44,US SENATE,statewide,gen,True,JOHN FORTUIN,GREEN,False,total,15293.0,4914361.0,False,20210114,OTHER
2020,GEORGIA,GA,13,58.0,44,US SENATE,statewide,gen,True,JOY FELICIA SLADE,DEMOCRAT,False,total,44945.0,4914361.0,False,20210114,DEMOCRAT
2020,GEORGIA,GA,13,58.0,44,US SENATE,statewide,gen,True,KANDISS TAYLOR,REPUBLICAN,False,total,40349.0,4914361.0,False,20210114,REPUBLICAN
2020,GEORGIA,GA,13,58.0,44,US SENATE,statewide,gen,True,KELLY LOEFFLER,REPUBLICAN,False,total,1273214.0,4914361.0,False,20210114,REPUBLICAN
2020,GEORGIA,GA,13,58.0,44,US SENATE,statewide,gen,True,MATT LIEBERMAN,DEMOCRAT,False,total,136021.0,4914361.0,False,20210114,DEMOCRAT
2020,GEORGIA,GA,13,58.0,44,US SENATE,statewide,gen,True,MICHAEL TODD GREENE,INDEPENDENT,False,total,13293.0,4914361.0,False,20210114,OTHER
2020,GEORGIA,GA,13,58.0,44,US SENATE,statewide,gen,True,RAPHAEL WARNOCK,DEMOCRAT,False,total,1617035.0,4914361.0,False,20210114,DEMOCRAT
2020,GEORGIA,GA,13,58.0,44,US SENATE,statewide,gen,True,RICHARD DIEN WINFIELD,DEMOCRAT,False,total,28687.0,4914361.0,False,20210114,DEMOCRAT
2020,GEORGIA,GA,13,58.0,44,US SENATE,statewide,gen,True,TAMARA JOHNSON-SHEALEY,DEMOCRAT,False,total,106767.0,4914361.0,False,20210114,DEMOCRAT
2020,GEORGIA,GA,13,58.0,44,US SENATE,statewide,gen,True,VALENCIA STOVALL,INDEPENDENT,False,total,13318.0,4914361.0,False,20210114,OTHER
2020,IDAHO,ID,16,82.0,63,US SENATE,statewide,gen,False,JIM RISCH,REPUBLICAN,False,total,538446.0,859827.0,False,20210114,REPUBLICAN
2020,IDAHO,ID,16,82.0,63,US SENATE,statewide,gen,False,NATALIE M FLEMING,INDEPENDENT,False,total,25329.0,859827.0,False,20210114,OTHER
2020,IDAHO,ID,16,82.0,63,US SENATE,statewide,gen,False,PAULETTE JORDAN,DEMOCRAT,False,total,285864.0,859827.0,False,20210114,DEMOCRAT
2020,IDAHO,ID,16,82.0,63,US SENATE,statewide,gen,False,RAY J. WRITZ,CONSTITUTION PARTY,False,total,10188.0,859827.0,False,20210114,OTHER
2020,ILLINOIS,IL,17,33.0,21,US SENATE,statewide,gen,False,ALBERT A. SCHAAL,,True,total,2.0,5968901.0,False,20210114,OTHER
2020,ILLINOIS,IL,17,33.0,21,US SENATE,statewide,gen,False,DANNY MALOUF ,LIBERTARIAN,False,total,75673.0,5968901.0,False,20210114,LIBERTARIAN
2020,ILLINOIS,IL,17,33.0,21,US SENATE,statewide,gen,False,DAVID F. BLACK,GREEN,False,total,56711.0,5968901.0,False,20210114,OTHER
2020,ILLINOIS,IL,17,33.0,21,US SENATE,statewide,gen,False,KEVIN KEELY,,True,total,10.0,5968901.0,False,20210114,OTHER
2020,ILLINOIS,IL,17,33.0,21,US SENATE,statewide,gen,False,LOWELL MARTIN SEIDA,,True,total,6.0,5968901.0,False,20210114,OTHER
2020,ILLINOIS,IL,17,33.0,21,US SENATE,statewide,gen,False,MARK C. CURRAN JR.,REPUBLICAN,False,total,2319870.0,5968901.0,False,20210114,REPUBLICAN
2020,ILLINOIS,IL,17,33.0,21,US SENATE,statewide,gen,False,RICHARD J. DURBIN,DEMOCRAT,False,total,3278930.0,5968901.0,False,20210114,DEMOCRAT
2020,ILLINOIS,IL,17,33.0,21,US SENATE,statewide,gen,False,WILLIE L. WILSON,WILLIE WILSON PARTY,False,total,237699.0,5968901.0,False,20210114,OTHER
2020,IOWA,IA,19,42.0,31,US SENATE,statewide,gen,False,JONI ERNST,REPUBLICAN,False,total,864997.0,1700130.0,False,20210114,REPUBLICAN
2020,IOWA,IA,19,42.0,31,US SENATE,statewide,gen,False,OVER VOTES,,False,total,864.0,1700130.0,False,20210114,OTHER
2020,IOWA,IA,19,42.0,31,US SENATE,statewide,gen,False,RICK STEWART,LIBERTARIAN,False,total,36961.0,1700130.0,False,20210114,LIBERTARIAN
2020,IOWA,IA,19,42.0,31,US SENATE,statewide,gen,False,SUZANNE HERZOG,,False,total,13800.0,1700130.0,False,20210114,OTHER
2020,IOWA,IA,19,42.0,31,US SENATE,statewide,gen,False,THERESA GREENFIELD,DEMOCRAT,False,total,754859.0,1700130.0,False,20210114,DEMOCRAT
2020,IOWA,IA,19,42.0,31,US SENATE,statewide,gen,False,UNDER VOTES,,False,total,27438.0,1700130.0,False,20210114,OTHER
2020,IOWA,IA,19,42.0,31,US SENATE,statewide,gen,False,,,True,total,1211.0,1700130.0,False,20210114,OTHER
2020,KANSAS,KS,20,47.0,32,US SENATE,statewide,gen,False,BARBARA BOLLIER,DEMOCRAT,False,total,571530.0,1367755.0,False,20210114,DEMOCRAT
2020,KANSAS,KS,20,47.0,32,US SENATE,statewide,gen,False,JASON BUCKLEY,LIBERTARIAN,False,total,68263.0,1367755.0,False,20210114,LIBERTARIAN
2020,KANSAS,KS,20,47.0,32,US SENATE,statewide,gen,False,ROGER MARSHALL,REPUBLICAN,False,total,727962.0,1367755.0,False,20210114,REPUBLICAN
2020,KENTUCKY,KY,21,61.0,51,US SENATE,statewide,gen,False,AMY MCGRATH,DEMOCRAT,False,total,816257.0,2135057.0,False,20210114,DEMOCRAT
2020,KENTUCKY,KY,21,61.0,51,US SENATE,statewide,gen,False,BRAD BARRON,LIBERTARIAN,False,total,85386.0,2135057.0,False,20210114,LIBERTARIAN
2020,KENTUCKY,KY,21,61.0,51,US SENATE,statewide,gen,False,DANIEL COBBLE,,True,total,18.0,2135057.0,False,20210114,OTHER
2020,KENTUCKY,KY,21,61.0,51,US SENATE,statewide,gen,False,DEMETRA WYSINGER,,True,total,1.0,2135057.0,False,20210114,OTHER
2020,KENTUCKY,KY,21,61.0,51,US SENATE,statewide,gen,False,HAROLD H. FITZPATRICK,,True,total,1.0,2135057.0,False,20210114,OTHER
2020,KENTUCKY,KY,21,61.0,51,US SENATE,statewide,gen,False,MITCH MCCONNELL,REPUBLICAN,False,total,1233315.0,2135057.0,False,20210114,REPUBLICAN
2020,KENTUCKY,KY,21,61.0,51,US SENATE,statewide,gen,False,PAUL JOHN FRANGEDAKIS,,True,total,70.0,2135057.0,False,20210114,OTHER
2020,KENTUCKY,KY,21,61.0,51,US SENATE,statewide,gen,False,RANDALL LEE TEEGARGEN,,True,total,9.0,2135057.0,False,20210114,OTHER
2020,LOUISIANA,LA,22,72.0,45,US SENATE,statewide,gen,False,"""BILL"" CASSIDY",REPUBLICAN,False,total,1228908.0,2071543.0,False,20210114,REPUBLICAN
2020,LOUISIANA,LA,22,72.0,45,US SENATE,statewide,gen,False,"""XAN"" JOHN",OTHER,False,total,2813.0,2071543.0,False,20210114,OTHER
2020,LOUISIANA,LA,22,72.0,45,US SENATE,statewide,gen,False,AARON C. SIGLER,LIBERTARIAN,False,total,11321.0,2071543.0,False,20210114,LIBERTARIAN
2020,LOUISIANA,LA,22,72.0,45,US SENATE,statewide,gen,False,ADRIAN PERKINS,DEMOCRAT,False,total,394049.0,2071543.0,False,20210114,DEMOCRAT
2020,LOUISIANA,LA,22,72.0,45,US SENATE,statewide,gen,False,ANTOINE PIERCE,DEMOCRAT,False,total,55710.0,2071543.0,False,20210114,DEMOCRAT
2020,LOUISIANA,LA,22,72.0,45,US SENATE,statewide,gen,False,BERYL BILLIOT,UNAFFILIATED,False,total,17362.0,2071543.0,False,20210114,OTHER
2020,LOUISIANA,LA,22,72.0,45,US SENATE,statewide,gen,False,DAVID DREW KNIGHT,DEMOCRAT,False,total,36962.0,2071543.0,False,20210114,DEMOCRAT
2020,LOUISIANA,LA,22,72.0,45,US SENATE,statewide,gen,False,"DERRICK ""CHAMP"" EDWARDS",DEMOCRAT,False,total,229814.0,2071543.0,False,20210114,DEMOCRAT
2020,LOUISIANA,LA,22,72.0,45,US SENATE,statewide,gen,False,DUSTIN MURPHY,REPUBLICAN,False,total,38383.0,2071543.0,False,20210114,REPUBLICAN
2020,LOUISIANA,LA,22,72.0,45,US SENATE,statewide,gen,False,JAMAR MONTGOMERY,UNAFFILIATED,False,total,5804.0,2071543.0,False,20210114,OTHER
2020,LOUISIANA,LA,22,72.0,45,US SENATE,statewide,gen,False,JOHN PAUL BOURGEOIS,UNAFFILIATED,False,total,16518.0,2071543.0,False,20210114,OTHER
2020,LOUISIANA,LA,22,72.0,45,US SENATE,statewide,gen,False,"M.V. ""VINNY"" MENDOZA",INDEPENDENT,False,total,7811.0,2071543.0,False,20210114,OTHER
2020,LOUISIANA,LA,22,72.0,45,US SENATE,statewide,gen,False,MELINDA MARY PRICE,OTHER,False,total,7680.0,2071543.0,False,20210114,OTHER
2020,LOUISIANA,LA,22,72.0,45,US SENATE,statewide,gen,False,PETER WENSTRUP,DEMOCRAT,False,total,14454.0,2071543.0,False,20210114,DEMOCRAT
2020,LOUISIANA,LA,22,72.0,45,US SENATE,statewide,gen,False,RENO JEAN DARET III,UNAFFILIATED,False,total,3954.0,2071543.0,False,20210114,OTHER
2020,MAINE,ME,23,11.0,2,US SENATE,statewide,gen,False,BLANK VOTES,,False,total,9122.0,828305.0,False,20210114,OTHER
2020,MAINE,ME,23,11.0,2,US SENATE,statewide,gen,False,LISA SAVAGE,INDEPENDENT,False,total,40579.0,828305.0,False,20210114,OTHER
2020,MAINE,ME,23,11.0,2,US SENATE,statewide,gen,False,MAX PATRICK LINN,INDEPENDENT,False,total,13508.0,828305.0,False,20210114,OTHER
2020,MAINE,ME,23,11.0,2,US SENATE,statewide,gen,False,SARA I. GIDEON,DEMOCRAT,False,total,347223.0,828305.0,False,20210114,DEMOCRAT
2020,MAINE,ME,23,11.0,2,US SENATE,statewide,gen,False,SUSAN MARGARET COLLINS,REPUBLICAN,False,total,417645.0,828305.0,False,20210114,REPUBLICAN
2020,MAINE,ME,23,11.0,2,US SENATE,statewide,gen,False,,,True,total,228.0,828305.0,False,20210114,OTHER
2020,MASSACHUSETTS,MA,25,14.0,3,US SENATE,statewide,gen,False,BLANK VOTES,,False,total,93869.0,3658005.0,False,20210114,OTHER
2020,MASSACHUSETTS,MA,25,14.0,3,US SENATE,statewide,gen,False,EDWARD J. MARKEY,DEMOCRAT,False,total,2357809.0,3658005.0,False,20210114,DEMOCRAT
2020,MASSACHUSETTS,MA,25,14.0,3,US SENATE,statewide,gen,False,KEVIN J. O'CONNER,REPUBLICAN,False,total,1177765.0,3658005.0,False,20210114,REPUBLICAN
2020,MASSACHUSETTS,MA,25,14.0,3,US SENATE,statewide,gen,False,SHIVA AYYADURAI,,False,total,21134.0,3658005.0,False,20210114,OTHER
2020,MASSACHUSETTS,MA,25,14.0,3,US SENATE,statewide,gen,False,,,True,total,7428.0,3658005.0,False,20210114,OTHER
2020,MICHIGAN,MI,26,34.0,23,US SENATE,statewide,gen,False,DOUG DERN,NATURAL LAW,False,total,13093.0,5479720.0,False,20210114,OTHER
2020,MICHIGAN,MI,26,34.0,23,US SENATE,statewide,gen,False,GARY PETERS,DEMOCRAT,False,total,2734568.0,5479720.0,False,20210114,DEMOCRAT
2020,MICHIGAN,MI,26,34.0,23,US SENATE,statewide,gen,False,JOHN JAMES,REPUBLICAN,False,total,2642233.0,5479720.0,False,20210114,REPUBLICAN
2020,MICHIGAN,MI,26,34.0,23,US SENATE,statewide,gen,False,LEONARD PAUL GADZINSKI,,True,total,7.0,5479720.0,False,20210114,OTHER
2020,MICHIGAN,MI,26,34.0,23,US SENATE,statewide,gen,False,MARCIA SQUIER,GREEN,False,total,39217.0,5479720.0,False,20210114,OTHER
2020,MICHIGAN,MI,26,34.0,23,US SENATE,statewide,gen,False,ROBERT WILLIAM CARR,,True,total,5.0,5479720.0,False,20210114,OTHER
2020,MICHIGAN,MI,26,34.0,23,US SENATE,statewide,gen,False,VALERIE L. WILLIS,US TAXPAYERS,False,total,50597.0,5479720.0,False,20210114,OTHER
2020,MINNESOTA,MN,27,41.0,33,US SENATE,statewide,gen,False,JASON LEWIS,REPUBLICAN,False,total,1398145.0,3214256.0,False,20210114,REPUBLICAN
2020,MINNESOTA,MN,27,41.0,33,US SENATE,statewide,gen,False,KEVIN O'CONNOR,LEGAL MARIJUANA NOW,False,total,190154.0,3214256.0,False,20210114,OTHER
2020,MINNESOTA,MN,27,41.0,33,US SENATE,statewide,gen,False,OLIVER STEINBERG,GRASSROOTS,False,total,57174.0,3214256.0,False,20210114,OTHER
2020,MINNESOTA,MN,27,41.0,33,US SENATE,statewide,gen,False,TINA SMITH,DEMOCRAT,False,total,1566522.0,3214256.0,False,20210114,DEMOCRAT
2020,MINNESOTA,MN,27,41.0,33,US SENATE,statewide,gen,False,,,True,total,2261.0,3214256.0,False,20210114,OTHER
2020,MISSISSIPPI,MS,28,64.0,46,US SENATE,statewide,gen,False,CINDY HYDE-SMITH,REPUBLICAN,False,total,709511.0,1311354.0,False,20210114,REPUBLICAN
2020,MISSISSIPPI,MS,28,64.0,46,US SENATE,statewide,gen,False,JIMMY L. EDWARDS,LIBERTARIAN,False,total,23152.0,1311354.0,False,20210114,LIBERTARIAN
2020,MISSISSIPPI,MS,28,64.0,46,US SENATE,statewide,gen,False,MIKE ESPY,DEMOCRAT,False,total,578691.0,1311354.0,False,20210114,DEMOCRAT
2020,MONTANA,MT,30,81.0,64,US SENATE,statewide,gen,False,STEVE BULLOCK,DEMOCRAT,False,total,272463.0,605637.0,False,20210114,DEMOCRAT
2020,MONTANA,MT,30,81.0,64,US SENATE,statewide,gen,False,STEVE DAINES,REPUBLICAN,False,total,333174.0,605637.0,False,20210114,REPUBLICAN
2020,NEBRASKA,NE,31,46.0,35,US SENATE,statewide,gen,False,BEN SASSE,REPUBLICAN,False,total,583507.0,930012.0,False,20210114,REPUBLICAN
2020,NEBRASKA,NE,31,46.0,35,US SENATE,statewide,gen,False,CHRIS JANICEK,DEMOCRAT,False,total,227191.0,930012.0,False,20210114,DEMOCRAT
2020,NEBRASKA,NE,31,46.0,35,US SENATE,statewide,gen,False,GENE SIADEK,LIBERTARIAN,False,total,55115.0,930012.0,False,20210114,LIBERTARIAN
2020,NEBRASKA,NE,31,46.0,35,US SENATE,statewide,gen,False,PRESTON LOVE JR.,,True,total,58411.0,930012.0,False,20210114,OTHER
2020,NEBRASKA,NE,31,46.0,35,US SENATE,statewide,gen,False,,,True,total,5788.0,930012.0,False,20210114,OTHER
2020,NEW HAMPSHIRE,NH,33,12.0,4,US SENATE,statewide,gen,False,CORKY MESSNER,REPUBLICAN,False,total,326229.0,795914.0,False,20210114,REPUBLICAN
2020,NEW HAMPSHIRE,NH,33,12.0,4,US SENATE,statewide,gen,False,JEANNE SHAHEEN,DEMOCRAT,False,total,450778.0,795914.0,False,20210114,DEMOCRAT
2020,NEW HAMPSHIRE,NH,33,12.0,4,US SENATE,statewide,gen,False,JUSTIN O'DONNELL,LIBERTARIAN,False,total,18421.0,795914.0,False,20210114,LIBERTARIAN
2020,NEW HAMPSHIRE,NH,33,12.0,4,US SENATE,statewide,gen,False,,,True,total,486.0,795914.0,False,20210114,OTHER
2020,NEW JERSEY,NJ,34,22.0,12,US SENATE,statewide,gen,False,CORY BOOKER,DEMOCRAT,False,total,2541178.0,4440440.0,False,20210114,DEMOCRAT
2020,NEW JERSEY,NJ,34,22.0,12,US SENATE,statewide,gen,False,DANIEL BURKE,LAROUCHE WAS RIGHT,False,total,11632.0,4440440.0,False,20210114,OTHER
2020,NEW JERSEY,NJ,34,22.0,12,US SENATE,statewide,gen,False,MADELYN R. HOFFMAN,GREEN,False,total,38288.0,4440440.0,False,20210114,OTHER
2020,NEW JERSEY,NJ,34,22.0,12,US SENATE,statewide,gen,False,"RIKIN ""RIK"" MEHTA",REPUBLICAN,False,total,1817052.0,4440440.0,False,20210114,REPUBLICAN
2020,NEW JERSEY,NJ,34,22.0,12,US SENATE,statewide,gen,False,VERONICA FERNANDEZ,"OF, BY, FOR!",False,total,32290.0,4440440.0,False,20210114,OTHER
2020,NEW MEXICO,NM,35,85.0,66,US SENATE,statewide,gen,False,BEN R. LUJAN,DEMOCRAT,False,total,474483.0,917237.0,False,20210114,DEMOCRAT
2020,NEW MEXICO,NM,35,85.0,66,US SENATE,statewide,gen,False,BOB WALSH,LIBERTARIAN,False,total,24271.0,917237.0,False,20210114,LIBERTARIAN
2020,NEW MEXICO,NM,35,85.0,66,US SENATE,statewide,gen,False,MARK V. RONCHETTI,REPUBLICAN,False,total,418483.0,917237.0,False,20210114,REPUBLICAN
2020,NORTH CAROLINA,NC,37,56.0,47,US SENATE,statewide,gen,False,CAL CUNNINGHAM,DEMOCRAT,False,total,2569965.0,5474952.0,False,20210114,DEMOCRAT
2020,NORTH CAROLINA,NC,37,56.0,47,US SENATE,statewide,gen,False,KEVIN E. HAYES,CONSTITUTION PARTY,False,total,67818.0,5474952.0,False,20210114,OTHER
2020,NORTH CAROLINA,NC,37,56.0,47,US SENATE,statewide,gen,False,SHANNON W. BRAY,LIBERTARIAN,False,total,171571.0,5474952.0,False,20210114,LIBERTARIAN
2020,NORTH CAROLINA,NC,37,56.0,47,US SENATE,statewide,gen,False,THOM TILLIS,REPUBLICAN,False,total,2665598.0,5474952.0,False,20210114,REPUBLICAN
2020,OKLAHOMA,OK,40,73.0,53,US SENATE,statewide,gen,False,A. D. NESBIT,INDEPENDENT,False,total,11371.0,1556361.0,False,20210114,OTHER
2020,OKLAHOMA,OK,40,73.0,53,US SENATE,statewide,gen,False,ABBY BROYLES,DEMOCRAT,False,total,509763.0,1556361.0,False,20210114,DEMOCRAT
2020,OKLAHOMA,OK,40,73.0,53,US SENATE,statewide,gen,False,JIM INHOFE ,REPUBLICAN,False,total,979140.0,1556361.0,False,20210114,REPUBLICAN
2020,OKLAHOMA,OK,40,73.0,53,US SENATE,statewide,gen,False,JOAN FARR,INDEPENDENT,False,total,21652.0,1556361.0,False,20210114,OTHER
2020,OKLAHOMA,OK,40,73.0,53,US SENATE,statewide,gen,False,ROBERT MURPHY,LIBERTARIAN,False,total,34435.0,1556361.0,False,20210114,LIBERTARIAN
2020,OREGON,OR,41,92.0,72,US SENATE,statewide,gen,False,GARY DYE,LIBERTARIAN,False,total,42747.0,2321249.0,False,20210114,LIBERTARIAN
2020,OREGON,OR,41,92.0,72,US SENATE,statewide,gen,False,IBRAHIM A TAHER,PACIFIC GREEN,False,total,42239.0,2321249.0,False,20210114,OTHER
2020,OREGON,OR,41,92.0,72,US SENATE,statewide,gen,False,JEFF MERKLEY,DEMOCRAT,False,total,1321047.0,2321249.0,False,20210114,DEMOCRAT
2020,OREGON,OR,41,92.0,72,US SENATE,statewide,gen,False,JO RAE PERKINS,REPUBLICAN,False,total,912814.0,2321249.0,False,20210114,REPUBLICAN
2020,OREGON,OR,41,92.0,72,US SENATE,statewide,gen,False,,,True,total,2402.0,2321249.0,False,20210114,OTHER
2020,RHODE ISLAND,RI,44,15.0,5,US SENATE,statewide,gen,False,ALLEN R. WATERS,REPUBLICAN,False,total,164855.0,494262.0,False,20210114,REPUBLICAN
2020,RHODE ISLAND,RI,44,15.0,5,US SENATE,statewide,gen,False,JOHN F. REED,DEMOCRAT,False,total,328574.0,494262.0,False,20210114,DEMOCRAT
2020,RHODE ISLAND,RI,44,15.0,5,US SENATE,statewide,gen,False,,,True,total,833.0,494262.0,False,20210114,OTHER
2020,SOUTH CAROLINA,SC,45,57.0,48,US SENATE,statewide,gen,False,BILL BLEDSOE,CONSTITUTION PARTY,False,total,32845.0,2515104.0,False,20210114,OTHER
2020,SOUTH CAROLINA,SC,45,57.0,48,US SENATE,statewide,gen,False,JAIME HARRISON,DEMOCRAT,False,total,1110828.0,2515104.0,False,20210114,DEMOCRAT
2020,SOUTH CAROLINA,SC,45,57.0,48,US SENATE,statewide,gen,False,LINDSEY GRAHAM,REPUBLICAN,False,total,1369137.0,2515104.0,False,20210114,REPUBLICAN
2020,SOUTH CAROLINA,SC,45,57.0,48,US SENATE,statewide,gen,False,,,True,total,2294.0,2515104.0,False,20210114,OTHER
2020,SOUTH DAKOTA,SD,46,45.0,37,US SENATE,statewide,gen,False,DAN AHLERS,DEMOCRAT,False,total,143987.0,420219.0,True,20210114,DEMOCRAT
2020,SOUTH DAKOTA,SD,46,45.0,37,US SENATE,statewide,gen,False,MIKE ROUNDS,REPUBLICAN,False,total,276232.0,420219.0,True,20210114,REPUBLICAN
2020,TENNESSEE,TN,47,62.0,54,US SENATE,statewide,gen,False,AARON JAMES,INDEPENDENT,False,total,7203.0,2959761.0,False,20210114,OTHER
2020,TENNESSEE,TN,47,62.0,54,US SENATE,statewide,gen,False,BILL HAGERTY,REPUBLICAN,False,total,1840926.0,2959761.0,False,20210114,REPUBLICAN
2020,TENNESSEE,TN,47,62.0,54,US SENATE,statewide,gen,False,ELIZABETH MCLEOD,INDEPENDENT,False,total,16652.0,2959761.0,False,20210114,OTHER
2020,TENNESSEE,TN,47,62.0,54,US SENATE,statewide,gen,False,ERIC WILLIAM STANSBERRY,INDEPENDENT,False,total,6781.0,2959761.0,False,20210114,OTHER
2020,TENNESSEE,TN,47,62.0,54,US SENATE,statewide,gen,False,G. DEAN HILL,INDEPENDENT,False,total,4872.0,2959761.0,False,20210114,OTHER
2020,TENNESSEE,TN,47,62.0,54,US SENATE,statewide,gen,False,JEFFREY ALAN GRUNAU,INDEPENDENT,False,total,4160.0,2959761.0,False,20210114,OTHER
2020,TENNESSEE,TN,47,62.0,54,US SENATE,statewide,gen,False,JOHN A. GENTRY,,True,total,64.0,2959761.0,False,20210114,OTHER
2020,TENNESSEE,TN,47,62.0,54,US SENATE,statewide,gen,False,KACEY MORGAN,INDEPENDENT,False,total,9598.0,2959761.0,False,20210114,OTHER
2020,TENNESSEE,TN,47,62.0,54,US SENATE,statewide,gen,False,MARQUITA BRADSHAW,DEMOCRAT,False,total,1040691.0,2959761.0,False,20210114,DEMOCRAT
2020,TENNESSEE,TN,47,62.0,54,US SENATE,statewide,gen,False,RONNIE HENLEY,INDEPENDENT,False,total,8478.0,2959761.0,False,20210114,OTHER
2020,TENNESSEE,TN,47,62.0,54,US SENATE,statewide,gen,False,STEVEN J. HOOPER,INDEPENDENT,False,total,9609.0,2959761.0,False,20210114,OTHER
2020,TENNESSEE,TN,47,62.0,54,US SENATE,statewide,gen,False,"YOMI ""FAPAS"" FAPARUSI SR.",INDEPENDENT,False,total,10727.0,2959761.0,False,20210114,OTHER
2020,TEXAS,TX,48,74.0,49,US SENATE,statewide,gen,False,DAVID B. COLLINS,GREEN,False,total,81893.0,11144040.0,False,20210114,OTHER
2020,TEXAS,TX,48,74.0,49,US SENATE,statewide,gen,False,JOHN CORNYN,REPUBLICAN,False,total,5962983.0,11144040.0,False,20210114,REPUBLICAN
2020,TEXAS,TX,48,74.0,49,US SENATE,statewide,gen,False,KERRY DOUGLAS MCKENNON,LIBERTARIAN,False,total,209722.0,11144040.0,False,20210114,LIBERTARIAN
2020,TEXAS,TX,48,74.0,49,US SENATE,statewide,gen,False,"MARY ""MJ"" HEGAR",DEMOCRAT,False,total,4888764.0,11144040.0,False,20210114,DEMOCRAT
2020,TEXAS,TX,48,74.0,49,US SENATE,statewide,gen,False,RICARDO TURULLOLS-BONILLA,,True,total,678.0,11144040.0,False,20210114,OTHER
2020,VIRGINIA,VA,51,54.0,40,US SENATE,statewide,gen,False,DANIEL M. GADE,REPUBLICAN,False,total,1934199.0,4405087.0,False,20210114,REPUBLICAN
2020,VIRGINIA,VA,51,54.0,40,US SENATE,statewide,gen,False,MARK R. WARNER,DEMOCRAT,False,total,2466500.0,4405087.0,False,20210114,DEMOCRAT
2020,VIRGINIA,VA,51,54.0,40,US SENATE,statewide,gen,False,,,True,total,4388.0,4405087.0,False,20210114,OTHER
2020,WEST VIRGINIA,WV,54,55.0,56,US SENATE,statewide,gen,False,DAVID MORAN,LIBERTARIAN,False,total,21155.0,778918.0,False,20210114,LIBERTARIAN
2020,WEST VIRGINIA,WV,54,55.0,56,US SENATE,statewide,gen,False,PAULA JEAN SWEARENGIN,DEMOCRAT,False,total,210309.0,778918.0,False,20210114,DEMOCRAT
2020,WEST VIRGINIA,WV,54,55.0,56,US SENATE,statewide,gen,False,SHELLEY MOORE CAPITO,REPUBLICAN,False,total,547454.0,778918.0,False,20210114,REPUBLICAN
2020,WYOMING,WY,56,83.0,68,US SENATE,statewide,gen,False,CYNTHIA M. LUMMIS,,False,total,198100.0,278503.0,False,20210114,OTHER
2020,WYOMING,WY,56,83.0,68,US SENATE,statewide,gen,False,MERAV BEN DAVID,,False,total,72766.0,278503.0,False,20210114,OTHER
2020,WYOMING,WY,56,83.0,68,US SENATE,statewide,gen,False,OVER VOTES,,False,total,165.0,278503.0,False,20210114,OTHER
2020,WYOMING,WY,56,83.0,68,US SENATE,statewide,gen,False,UNDER VOTES,,False,total,6401.0,278503.0,False,20210114,OTHER
2020,WYOMING,WY,56,83.0,68,US SENATE,statewide,gen,False,,,True,total,1071.0,278503.0,False,20210114,OTHER
2021,GEORGIA,GA,13,58.0,44,US SENATE,statewide,runoff,False,DAVID A. PERDUE,REPUBLICAN,False,total,2213979.0,4483241.0,True,20210114,REPUBLICAN
2021,GEORGIA,GA,13,58.0,44,US SENATE,statewide,runoff,False,JON OSSOFF,DEMOCRAT,False,total,2269262.0,4483241.0,True,20210114,DEMOCRAT
2021,GEORGIA,GA,13,58.0,44,US SENATE,statewide,runoff,True,KELLY LOEFFLER,REPUBLICAN,False,total,2194848.0,4483294.0,True,20210114,REPUBLICAN
2021,GEORGIA,GA,13,58.0,44,US SENATE,statewide,runoff,True,RAPHAEL WARNOCK,DEMOCRAT,False,total,2288446.0,4483294.0,True,20210114,DEMOCRAT
2022,ALABAMA,AL,1,63.0,41,US SENATE,statewide,GEN,False,JOHN SOPHOCLEUS,LIBERTARIAN,False,TOTAL,32879.0,1414238.0,False,20230920,LIBERTARIAN
2022,ALABAMA,AL,1,63.0,41,US SENATE,statewide,GEN,False,KATIE BRITT,REPUBLICAN,False,TOTAL,942154.0,1414238.0,False,20230920,REPUBLICAN
2022,ALABAMA,AL,1,63.0,41,US SENATE,statewide,GEN,False,OTHER,OTHER,False,TOTAL,2459.0,1414238.0,False,20230920,OTHER
2022,ALABAMA,AL,1,63.0,41,US SENATE,statewide,GEN,False,WILL BOYD,DEMOCRAT,False,TOTAL,436746.0,1414238.0,False,20230920,DEMOCRAT
2022,ALASKA,AK,2,94.0,81,US SENATE,statewide,GEN,False,"CHESBRO, PATRICIA R.",,False,TOTAL,28233.0,263526.0,False,20230920,OTHER
2022,ALASKA,AK,2,94.0,81,US SENATE,statewide,GEN,False,"KELLEY, BUZZ A.",,False,TOTAL,8575.0,263526.0,False,20230920,OTHER
2022,ALASKA,AK,2,94.0,81,US SENATE,statewide,GEN,False,"MURKOWSKI, LISA",,False,TOTAL,114118.0,263526.0,False,20230920,OTHER
2022,ALASKA,AK,2,94.0,81,US SENATE,statewide,GEN,False,OVERVOTES,,False,TOTAL,499.0,263526.0,False,20230920,OTHER
2022,ALASKA,AK,2,94.0,81,US SENATE,statewide,GEN,False,"TSHIBAKA, KELLY C.",,False,TOTAL,112101.0,263526.0,False,20230920,OTHER
2022,ARIZONA,AZ,4,86.0,61,US SENATE,statewide,GEN,False,BLAKE MASTERS,REPUBLICAN,False,TOTAL,1196308.0,2572294.0,False,20230920,REPUBLICAN
2022,ARIZONA,AZ,4,86.0,61,US SENATE,statewide,GEN,False,MARC J. VICTOR,LIBERTARIAN,False,TOTAL,53762.0,2572294.0,False,20230920,LIBERTARIAN
2022,ARIZONA,AZ,4,86.0,61,US SENATE,statewide,GEN,False,MARK KELLY,DEMOCRAT,False,TOTAL,1322027.0,2572294.0,False,20230920,DEMOCRAT
2022,ARIZONA,AZ,4,86.0,61,US SENATE,statewide,GEN,False,OTHER,OTHER,False,TOTAL,177.0,2572294.0,False,20230920,OTHER
2022,ARIZONA,AZ,4,86.0,61,US SENATE,statewide,GEN,False,ROXANNE RENEE RODRIGUEZ,REPUBLICAN,False,TOTAL,20.0,2572294.0,False,20230920,REPUBLICAN
2022,ARKANSAS,AR,5,71.0,42,US SENATE,statewide,GEN,False,JOHN BOOZMAN,REPUBLICAN,False,TOTAL,592437.0,901306.0,False,20230920,REPUBLICAN
2022,ARKANSAS,AR,5,71.0,42,US SENATE,statewide,GEN,False,KENNETH CATES,LIBERTARIAN,False,TOTAL,28682.0,901306.0,False,20230920,LIBERTARIAN
2022,ARKANSAS,AR,5,71.0,42,US SENATE,statewide,GEN,False,NATALIE JAMES,DEMOCRAT,False,TOTAL,280187.0,901306.0,False,20230920,DEMOCRAT
2022,CALIFORNIA,CA,6,93.0,71,US SENATE,statewide,GEN,False,ALEX PADILLA,DEMOCRAT,False,TOTAL,6621621.0,10843650.0,False,20230920,DEMOCRAT
2022,CALIFORNIA,CA,6,93.0,71,US SENATE,statewide,GEN,False,MARK P. MEUSER,REPUBLICAN,False,TOTAL,4222029.0,10843650.0,False,20230920,REPUBLICAN
2022,CALIFORNIA,CA,6,93.0,71,US SENATE,statewide,GEN,True,ALEX PADILLA,DEMOCRAT,False,TOTAL,6559308.0,10771758.0,False,20230920,DEMOCRAT
2022,CALIFORNIA,CA,6,93.0,71,US SENATE,statewide,GEN,True,MARK P. MEUSER,REPUBLICAN,False,TOTAL,4212450.0,10771758.0,False,20230920,REPUBLICAN
2022,COLORADO,CO,8,84.0,62,US SENATE,statewide,GEN,False,BRIAN PEOTTER,LIBERTARIAN,False,TOTAL,43534.0,2500201.0,False,20230920,LIBERTARIAN
2022,COLORADO,CO,8,84.0,62,US SENATE,statewide,GEN,False,FRANK ATWOOD,APPROVAL VOTING PARTY,False,TOTAL,11354.0,2500201.0,False,20230920,OTHER
2022,COLORADO,CO,8,84.0,62,US SENATE,statewide,GEN,False,JOANNE ROCK,NONPARTISAN,False,TOTAL,25.0,2500201.0,False,20230920,OTHER
2022,COLORADO,CO,8,84.0,62,US SENATE,statewide,GEN,False,JOE O'DEA,REPUBLICAN,False,TOTAL,1031693.0,2500201.0,False,20230920,REPUBLICAN
2022,COLORADO,CO,8,84.0,62,US SENATE,statewide,GEN,False,JOHN CARLETON RUTLEDGE,LIBERTARIAN,False,TOTAL,9.0,2500201.0,False,20230920,LIBERTARIAN
2022,COLORADO,CO,8,84.0,62,US SENATE,statewide,GEN,False,MICHAEL BENNET,DEMOCRAT,False,TOTAL,1397170.0,2500201.0,False,20230920,DEMOCRAT
2022,COLORADO,CO,8,84.0,62,US SENATE,statewide,GEN,False,ROBERT MESSMAN,NONPARTISAN,False,TOTAL,8.0,2500201.0,False,20230920,OTHER
2022,COLORADO,CO,8,84.0,62,US SENATE,statewide,GEN,False,T.J. COLE,UNITY PARTY OF COLORADO,False,TOTAL,16379.0,2500201.0,False,20230920,OTHER
2022,COLORADO,CO,8,84.0,62,US SENATE,statewide,GEN,False,TOM HARVEY,NONPARTISAN,False,TOTAL,29.0,2500201.0,False,20230920,OTHER
2022,FLORIDA,FL,12,59.0,43,US SENATE,statewide,GEN,False,DENNIS MISIGOY,LIBERTARIAN PARTY OF FLORIDA,False,TOTAL,32177.0,7758014.0,False,20230920,OTHER
2022,FLORIDA,FL,12,59.0,43,US SENATE,statewide,GEN,False,EDWARD A. GRAY,WRITE-IN,False,TOTAL,190.0,7758014.0,False,20230920,OTHER
2022,FLORIDA,FL,12,59.0,43,US SENATE,statewide,GEN,False,HOWARD KNEPPER,WRITE-IN,False,TOTAL,2.0,7758014.0,False,20230920,OTHER
2022,FLORIDA,FL,12,59.0,43,US SENATE,statewide,GEN,False,MARCO RUBIO,REPUBLICAN,False,TOTAL,4474847.0,7758014.0,False,20230920,REPUBLICAN
2022,FLORIDA,FL,12,59.0,43,US SENATE,statewide,GEN,False,MOSES QUILES,WRITE-IN,False,TOTAL,33.0,7758014.0,False,20230920,OTHER
2022,FLORIDA,FL,12,59.0,43,US SENATE,statewide,GEN,False,STEVEN B. GRANT,NO PARTY AFFILIATION,False,TOTAL,31816.0,7758014.0,False,20230920,OTHER
2022,FLORIDA,FL,12,59.0,43,US SENATE,statewide,GEN,False,TUAN TQ NGUYEN,NO PARTY AFFILIATION,False,TOTAL,17385.0,7758014.0,False,20230920,OTHER
2022,FLORIDA,FL,12,59.0,43,US SENATE,statewide,GEN,False,ULOMA UMA EKPETE,WRITE-IN,False,TOTAL,42.0,7758014.0,False,20230920,OTHER
2022,FLORIDA,FL,12,59.0,43,US SENATE,statewide,GEN,False,VAL DEMINGS,DEMOCRAT,False,TOTAL,3201522.0,7758014.0,False,20230920,DEMOCRAT
2022,GEORGIA,GA,13,58.0,44,US SENATE,statewide,GEN,False,CHASE OLIVER,LIBERTARIAN,False,TOTAL,81365.0,3935924.0,False,20230920,LIBERTARIAN
2022,GEORGIA,GA,13,58.0,44,US SENATE,statewide,GEN,False,HERSCHEL JUNIOR WALKER,REPUBLICAN,False,TOTAL,1908442.0,3935924.0,False,20230920,REPUBLICAN
2022,GEORGIA,GA,13,58.0,44,US SENATE,statewide,GEN RUNOFF,False,HERSCHEL JUNIOR WALKER,REPUBLICAN,False,TOTAL,1721244.0,3541877.0,False,20230920,REPUBLICAN
2022,GEORGIA,GA,13,58.0,44,US SENATE,statewide,GEN,False,RAPHAEL WARNOCK,DEMOCRAT,False,TOTAL,1946117.0,3935924.0,False,20230920,DEMOCRAT
2022,GEORGIA,GA,13,58.0,44,US SENATE,statewide,GEN RUNOFF,False,RAPHAEL WARNOCK,DEMOCRAT,False,TOTAL,1820633.0,3541877.0,False,20230920,DEMOCRAT
2022,HAWAII,HI,15,95.0,82,US SENATE,statewide,GEN,False,"BONOAN, FEENA M.",LIBERTARIAN,False,TOTAL,4916.0,409148.0,False,20230920,LIBERTARIAN
2022,HAWAII,HI,15,95.0,82,US SENATE,statewide,GEN,False,"DECKER, DAN",ALOHA AINA,False,TOTAL,2208.0,409148.0,False,20230920,OTHER
2022,HAWAII,HI,15,95.0,82,US SENATE,statewide,GEN,False,"MCDERMOTT, BOB",REPUBLICAN,False,TOTAL,106358.0,409148.0,False,20230920,REPUBLICAN
2022,HAWAII,HI,15,95.0,82,US SENATE,statewide,GEN,False,OVER VOTES,,False,TOTAL,631.0,409148.0,False,20230920,
2022,HAWAII,HI,15,95.0,82,US SENATE,statewide,GEN,False,"POHLMAN, EMMA JANE A.",GREEN,False,TOTAL,4141.0,409148.0,False,20230920,OTHER
2022,HAWAII,HI,15,95.0,82,US SENATE,statewide,GEN,False,"SCHATZ, BRIAN",DEMOCRAT,False,TOTAL,290894.0,409148.0,False,20230920,DEMOCRAT
2022,IDAHO,ID,16,82.0,63,US SENATE,statewide,GEN,False,DAVID ROTH,DEMOCRAT,False,TOTAL,169808.0,590890.0,False,20230920,DEMOCRAT
2022,IDAHO,ID,16,82.0,63,US SENATE,statewide,GEN,False,IDAHO SIERRA LAW,LIBERTARIAN,False,TOTAL,4126.0,590890.0,False,20230920,LIBERTARIAN
2022,IDAHO,ID,16,82.0,63,US SENATE,statewide,GEN,False,MIKE CRAPO,REPUBLICAN,False,TOTAL,358539.0,590890.0,False,20230920,REPUBLICAN
2022,IDAHO,ID,16,82.0,63,US SENATE,statewide,GEN,False,RAY J. WRITZ,CONSERVATIVE,False,TOTAL,8500.0,590890.0,False,20230920,OTHER
2022,IDAHO,ID,16,82.0,63,US SENATE,statewide,GEN,False,SCOTT OH CLEVELAND,INDEPENDENT,False,TOTAL,49917.0,590890.0,False,20230920,OTHER
2022,ILLINOIS,IL,17,33.0,21,US SENATE,statewide,GEN,False,BILL REDPATH,LIBERTARIAN,False,TOTAL,68671.0,4098896.0,False,20230920,LIBERTARIAN
2022,ILLINOIS,IL,17,33.0,21,US SENATE,statewide,GEN,False,CONSTANT 'CONNOR' VLAKANCIC,,False,TOTAL,11.0,4098896.0,False,20230920,OTHER
2022,ILLINOIS,IL,17,33.0,21,US SENATE,statewide,GEN,False,KATHY SALVI,REPUBLICAN,False,TOTAL,1701055.0,4098896.0,False,20230920,REPUBLICAN
2022,ILLINOIS,IL,17,33.0,21,US SENATE,statewide,GEN,False,LOWELL MARTIN SEIDA,,False,TOTAL,23.0,4098896.0,False,20230920,OTHER
2022,ILLINOIS,IL,17,33.0,21,US SENATE,statewide,GEN,False,TAMMY DUCKWORTH,DEMOCRATIC,False,TOTAL,2329136.0,4098896.0,False,20230920,OTHER
2022,INDIANA,IN,18,32.0,22,US SENATE,statewide,GEN,False,JAMES M. SCENIAK,LIBERTARIAN,False,TOTAL,63814.0,1859851.0,False,20230920,LIBERTARIAN
2022,INDIANA,IN,18,32.0,22,US SENATE,statewide,GEN,False,OTHER,OTHER,False,TOTAL,1461.0,1859851.0,False,20230920,OTHER
2022,INDIANA,IN,18,32.0,22,US SENATE,statewide,GEN,False,"THOMAS M. MCDERMOTT, JR.",DEMOCRAT,False,TOTAL,704411.0,1859851.0,False,20230920,DEMOCRAT
2022,INDIANA,IN,18,32.0,22,US SENATE,statewide,GEN,False,TODD YOUNG,REPUBLICAN,False,TOTAL,1090165.0,1859851.0,False,20230920,REPUBLICAN
2022,IOWA,IA,19,42.0,31,US SENATE,statewide,GEN,False,CHUCK GRASSLEY,REPUBLICAN,False,TOTAL,681501.0,1230416.0,False,20230920,REPUBLICAN
2022,IOWA,IA,19,42.0,31,US SENATE,statewide,GEN,False,MICHAEL FRANKEN,DEMOCRAT,False,TOTAL,533330.0,1230416.0,False,20230920,DEMOCRAT
2022,IOWA,IA,19,42.0,31,US SENATE,statewide,GEN,False,OTHER,OTHER,False,TOTAL,1815.0,1230416.0,False,20230920,OTHER
2022,IOWA,IA,19,42.0,31,US SENATE,statewide,GEN,False,OVER VOTES,,False,TOTAL,322.0,1230416.0,False,20230920,OTHER
2022,IOWA,IA,19,42.0,31,US SENATE,statewide,GEN,False,UNDER VOTES,,False,TOTAL,13448.0,1230416.0,False,20230920,OTHER
2022,KANSAS,KS,20,47.0,32,US SENATE,statewide,GEN,False,DAVID C GRAHAM,LIBERTARIAN,False,TOTAL,21436.0,1004956.0,False,20230920,LIBERTARIAN
2022,KANSAS,KS,20,47.0,32,US SENATE,statewide,GEN,False,DAVID C. GRAHAM,DAVID C. GRAHAM,False,TOTAL,7137.0,1004956.0,False,20230920,OTHER
2022,KANSAS,KS,20,47.0,32,US SENATE,statewide,GEN,False,JERRY MORAN,REPUBLICAN,False,TOTAL,602976.0,1004956.0,False,20230920,REPUBLICAN
2022,KANSAS,KS,20,47.0,32,US SENATE,statewide,GEN,False,LIB DAVID C. GRAHAM,LIB DAVID C. GRAHAM,False,TOTAL,1193.0,1004956.0,False,20230920,OTHER
2022,KANSAS,KS,20,47.0,32,US SENATE,statewide,GEN,False,MARK R. HOLLAND,DEMOCRAT,False,TOTAL,372214.0,1004956.0,False,20230920,DEMOCRAT
2022,KENTUCKY,KY,21,61.0,51,US SENATE,statewide,GEN,False,CHARLES BOOKER,DEMOCRAT,False,TOTAL,564311.0,1477830.0,False,20230920,DEMOCRAT
2022,KENTUCKY,KY,21,61.0,51,US SENATE,statewide,GEN,False,OTHER,OTHER,False,TOTAL,193.0,1477830.0,False,20230920,OTHER
2022,KENTUCKY,KY,21,61.0,51,US SENATE,statewide,GEN,False,RAND PAUL,REPUBLICAN,False,TOTAL,913326.0,1477830.0,False,20230920,REPUBLICAN
2022,LOUISIANA,LA,22,72.0,45,US SENATE,statewide,GEN,False,AARON C. SIGLER,LIBERTARIAN,False,TOTAL,4865.0,1383290.0,False,20230920,LIBERTARIAN
2022,LOUISIANA,LA,22,72.0,45,US SENATE,statewide,GEN,False,BERYL A. BILLIOT,NON PARTISAN,False,TOTAL,9378.0,1383290.0,False,20230920,OTHER
2022,LOUISIANA,LA,22,72.0,45,US SENATE,statewide,GEN,False,BRADLEY MCMORRIS,INDEPENDENT,False,TOTAL,5388.0,1383290.0,False,20230920,OTHER
2022,LOUISIANA,LA,22,72.0,45,US SENATE,statewide,GEN,False,DEVIN LANCE GRAHAM,REPUBLICAN,False,TOTAL,25275.0,1383290.0,False,20230920,REPUBLICAN
2022,LOUISIANA,LA,22,72.0,45,US SENATE,statewide,GEN,False,"GARY CHAMBERS, JR.",DEMOCRAT,False,TOTAL,246933.0,1383290.0,False,20230920,DEMOCRAT
2022,LOUISIANA,LA,22,72.0,45,US SENATE,statewide,GEN,False,JOHN KENNEDY,REPUBLICAN,False,TOTAL,851568.0,1383290.0,False,20230920,REPUBLICAN
2022,LOUISIANA,LA,22,72.0,45,US SENATE,statewide,GEN,False,"MV \VINNY\"" MENDOZA""",DEMOCRAT,False,TOTAL,11910.0,1383290.0,False,20230920,DEMOCRAT
2022,LOUISIANA,LA,22,72.0,45,US SENATE,statewide,GEN,False,SALVADOR P. RODRIGUEZ,DEMOCRAT,False,TOTAL,7767.0,1383290.0,False,20230920,DEMOCRAT
2022,LOUISIANA,LA,22,72.0,45,US SENATE,statewide,GEN,False,SYRITA STEIB,DEMOCRAT,False,TOTAL,31568.0,1383290.0,False,20230920,DEMOCRAT
2022,LOUISIANA,LA,22,72.0,45,US SENATE,statewide,GEN,False,THOMAS WENN,OTHER,False,TOTAL,1322.0,1383290.0,False,20230920,OTHER
2022,LOUISIANA,LA,22,72.0,45,US SENATE,statewide,GEN,False,W. THOMAS LA FONTAINE OLSON,NON PARTISAN,False,TOTAL,1676.0,1383290.0,False,20230920,OTHER
2022,LOUISIANA,LA,22,72.0,45,US SENATE,statewide,GEN,False,"\LUKE\"" MIXON""",DEMOCRAT,False,TOTAL,182887.0,1383290.0,False,20230920,DEMOCRAT
2022,LOUISIANA,LA,22,72.0,45,US SENATE,statewide,GEN,False,"\XAN\"" JOHN""",OTHER,False,TOTAL,2753.0,1383290.0,False,20230920,OTHER
2022,MARYLAND,MD,24,52.0,52,US SENATE,statewide,GEN,False,CHRIS CHAFFEE,REPUBLICAN,False,TOTAL,682293.0,2002336.0,False,20230920,REPUBLICAN
2022,MARYLAND,MD,24,52.0,52,US SENATE,statewide,GEN,False,CHRIS VAN HOLLEN,DEMOCRATIC,False,TOTAL,1316897.0,2002336.0,False,20230920,OTHER
2022,MARYLAND,MD,24,52.0,52,US SENATE,statewide,GEN,False,OTHER,OTHER,False,TOTAL,3146.0,2002336.0,False,20230920,OTHER
2022,MISSOURI,MO,29,43.0,34,US SENATE,statewide,GEN,False,ERIC SCHMITT,REPUBLICAN,False,TOTAL,1143636.0,2012511.0,True,20230920,REPUBLICAN
2022,MISSOURI,MO,29,43.0,34,US SENATE,statewide,GEN,False,TRUDY BUSCH VALENTINE,DEMOCRAT,False,TOTAL,868875.0,2012511.0,True,20230920,DEMOCRAT
2022,NEVADA,NV,32,88.0,65,US SENATE,statewide,GEN,False,"CORTEZ MASTO, CATHERINE",DEMOCRAT,False,TOTAL,498316.0,1020850.0,False,20230920,DEMOCRAT
2022,NEVADA,NV,32,88.0,65,US SENATE,statewide,GEN,False,"LAXALT, ADAM PAUL",REPUBLICAN,False,TOTAL,490388.0,1020850.0,False,20230920,REPUBLICAN
2022,NEVADA,NV,32,88.0,65,US SENATE,statewide,GEN,False,"LINDEMANN, BARRY",NON PARTISAN,False,TOTAL,8075.0,1020850.0,False,20230920,OTHER
2022,NEVADA,NV,32,88.0,65,US SENATE,statewide,GEN,False,"NONE OF THESE, CANDIDATES",,False,TOTAL,12441.0,1020850.0,False,20230920,
2022,NEVADA,NV,32,88.0,65,US SENATE,statewide,GEN,False,"RUBINSON, BARRY",INDEPENDENT,False,TOTAL,5208.0,1020850.0,False,20230920,OTHER
2022,NEVADA,NV,32,88.0,65,US SENATE,statewide,GEN,False,"SCOTT, NEIL",LIBERTARIAN,False,TOTAL,6422.0,1020850.0,False,20230920,LIBERTARIAN
2022,NEW HAMPSHIRE,NH,33,12.0,4,US SENATE,statewide,GEN,False,DONALD C. BOLDUC,REPUBLICAN,False,TOTAL,275631.0,620975.0,False,20230920,REPUBLICAN
2022,NEW HAMPSHIRE,NH,33,12.0,4,US SENATE,statewide,GEN,False,JEREMY KAUFFMAN,LIBERTARIAN,False,TOTAL,12390.0,620975.0,False,20230920,LIBERTARIAN
2022,NEW HAMPSHIRE,NH,33,12.0,4,US SENATE,statewide,GEN,False,MAGGIE HASSAN,DEMOCRAT,False,TOTAL,332490.0,620975.0,False,20230920,DEMOCRAT
2022,NEW HAMPSHIRE,NH,33,12.0,4,US SENATE,statewide,GEN,False,SCATTERING,,False,TOTAL,464.0,620975.0,False,20230920,OTHER
2022,NEW YORK,NY,36,21.0,13,US SENATE,statewide,GEN,False,CHARLES E. SCHUMER,DEMOCRAT,False,TOTAL,3022822.0,5848556.0,False,20230920,DEMOCRAT
2022,NEW YORK,NY,36,21.0,13,US SENATE,statewide,GEN,False,CHARLES E. SCHUMER,WORKING FAMILIES,False,TOTAL,297739.0,5848556.0,False,20230920,OTHER
2022,NEW YORK,NY,36,21.0,13,US SENATE,statewide,GEN,False,DIANE SARE,LAROUCHE,False,TOTAL,26844.0,5848556.0,False,20230920,OTHER
2022,NEW YORK,NY,36,21.0,13,US SENATE,statewide,GEN,False,JOE PINION,CONSERVATIVE,False,TOTAL,296652.0,5848556.0,False,20230920,OTHER
2022,NEW YORK,NY,36,21.0,13,US SENATE,statewide,GEN,False,JOE PINION,REPUBLICAN,False,TOTAL,2204499.0,5848556.0,False,20230920,REPUBLICAN
2022,NORTH CAROLINA,NC,37,56.0,47,US SENATE,statewide,GEN,False,CHERI BEASLEY,DEMOCRAT,False,TOTAL,1784049.0,3773924.0,False,20230920,DEMOCRAT
2022,NORTH CAROLINA,NC,37,56.0,47,US SENATE,statewide,GEN,False,MATTHEW HOH,GREEN,False,TOTAL,29934.0,3773924.0,False,20230920,OTHER
2022,NORTH CAROLINA,NC,37,56.0,47,US SENATE,statewide,GEN,False,MICHELLE ESTELLE LEWIS,,False,TOTAL,137.0,3773924.0,False,20230920,OTHER
2022,NORTH CAROLINA,NC,37,56.0,47,US SENATE,statewide,GEN,False,OTHER,OTHER,False,TOTAL,2378.0,3773924.0,False,20230920,OTHER
2022,NORTH CAROLINA,NC,37,56.0,47,US SENATE,statewide,GEN,False,SHANNON W. BRAY,LIBERTARIAN,False,TOTAL,51640.0,3773924.0,False,20230920,LIBERTARIAN
2022,NORTH CAROLINA,NC,37,56.0,47,US SENATE,statewide,GEN,False,TED BUDD,REPUBLICAN,False,TOTAL,1905786.0,3773924.0,False,20230920,REPUBLICAN
2022,NORTH DAKOTA,ND,38,44.0,36,US SENATE,statewide,GEN,False,JOHN HOEVEN,REPUBLICAN,False,TOTAL,135474.0,240140.0,False,20230920,REPUBLICAN
2022,NORTH DAKOTA,ND,38,44.0,36,US SENATE,statewide,GEN,False,KATRINA CHRISTIANSEN,DEMOCRAT,False,TOTAL,59995.0,240140.0,False,20230920,DEMOCRAT
2022,NORTH DAKOTA,ND,38,44.0,36,US SENATE,statewide,GEN,False,RICK BECKER,RICK BECKER,False,TOTAL,44406.0,240140.0,False,20230920,OTHER
2022,NORTH DAKOTA,ND,38,44.0,36,US SENATE,statewide,GEN,False,WRITE-IN,WRITE-IN,False,TOTAL,265.0,240140.0,False,20230920,OTHER
2022,OHIO,OH,39,31.0,24,US SENATE,statewide,GEN,False,JD VANCE,REPUBLICAN,False,TOTAL,2192114.0,4133342.0,False,20230920,REPUBLICAN
2022,OHIO,OH,39,31.0,24,US SENATE,statewide,GEN,False,OTHER,OTHER,False,TOTAL,1739.0,4133342.0,False,20230920,OTHER
2022,OHIO,OH,39,31.0,24,US SENATE,statewide,GEN,False,TIM RYAN,DEMOCRAT,False,TOTAL,1939489.0,4133342.0,False,20230920,DEMOCRAT
2022,OKLAHOMA,OK,40,73.0,53,US SENATE,statewide,GEN,False,JAMES LANKFORD,REPUBLICAN,False,TOTAL,739960.0,1150732.0,False,20230920,REPUBLICAN
2022,OKLAHOMA,OK,40,73.0,53,US SENATE,statewide,GEN,False,KENNETH D. BLEVINS,LIBERTARIAN,False,TOTAL,20495.0,1150732.0,False,20230920,LIBERTARIAN
2022,OKLAHOMA,OK,40,73.0,53,US SENATE,statewide,GEN,False,MADISON HORN,DEMOCRAT,False,TOTAL,369370.0,1150732.0,False,20230920,DEMOCRAT
2022,OKLAHOMA,OK,40,73.0,53,US SENATE,statewide,GEN,False,MICHAEL L DELANEY,INDEPENDENT,False,TOTAL,20907.0,1150732.0,False,20230920,OTHER
2022,OKLAHOMA,OK,40,73.0,53,US SENATE,statewide,GEN,True,KENDRA HORN,DEMOCRAT,False,TOTAL,405389.0,1150481.0,False,20230920,DEMOCRAT
2022,OKLAHOMA,OK,40,73.0,53,US SENATE,statewide,GEN,True,MARKWAYNE MULLIN,REPUBLICAN,False,TOTAL,710643.0,1150481.0,False,20230920,REPUBLICAN
2022,OKLAHOMA,OK,40,73.0,53,US SENATE,statewide,GEN,True,RAY WOODS,INDEPENDENT,False,TOTAL,17063.0,1150481.0,False,20230920,OTHER
2022,OKLAHOMA,OK,40,73.0,53,US SENATE,statewide,GEN,True,ROBERT MURPHY,LIBERTARIAN,False,TOTAL,17386.0,1150481.0,False,20230920,LIBERTARIAN
2022,OREGON,OR,41,92.0,72,US SENATE,statewide,GEN,False,HENRY CHRIS,PROGRESSIVE,False,TOTAL,36883.0,1927949.0,False,20230920,OTHER
2022,OREGON,OR,41,92.0,72,US SENATE,statewide,GEN,False,OTHER,OTHER,False,TOTAL,2197.0,1927949.0,False,20230920,OTHER
2022,OREGON,OR,41,92.0,72,US SENATE,statewide,GEN,False,PERKINS JO RAE,REPUBLICAN,False,TOTAL,788991.0,1927949.0,False,20230920,REPUBLICAN
2022,OREGON,OR,41,92.0,72,US SENATE,statewide,GEN,False,PULJU DAN,PACIFIC GREEN,False,TOTAL,23454.0,1927949.0,False,20230920,OTHER
2022,OREGON,OR,41,92.0,72,US SENATE,statewide,GEN,False,WYDEN RON,DEMOCRAT,False,TOTAL,1076424.0,1927949.0,False,20230920,DEMOCRAT
2022,PENNSYLVANIA,PA,42,23.0,14,US SENATE,statewide,GEN,False,DANIEL WASSMER,KEYSTONE,False,TOTAL,26428.0,5368021.0,False,20230920,OTHER
2022,PENNSYLVANIA,PA,42,23.0,14,US SENATE,statewide,GEN,False,ERIK GERHARDT,LIBERTARIAN,False,TOTAL,72887.0,5368021.0,False,20230920,LIBERTARIAN
2022,PENNSYLVANIA,PA,42,23.0,14,US SENATE,statewide,GEN,False,JOHN K FETTERMAN,DEMOCRAT,False,TOTAL,2751012.0,5368021.0,False,20230920,DEMOCRAT
2022,PENNSYLVANIA,PA,42,23.0,14,US SENATE,statewide,GEN,False,MEHMET C OZ,REPUBLICAN,False,TOTAL,2487260.0,5368021.0,False,20230920,REPUBLICAN
2022,PENNSYLVANIA,PA,42,23.0,14,US SENATE,statewide,GEN,False,RICHARD L WEISS,GREEN,False,TOTAL,30434.0,5368021.0,False,20230920,OTHER
2022,SOUTH CAROLINA,SC,45,57.0,48,US SENATE,statewide,GEN,False,KRYSTLE MATTHEWS,DEMOCRAT,False,TOTAL,627616.0,1695702.0,False,20230920,DEMOCRAT
2022,SOUTH CAROLINA,SC,45,57.0,48,US SENATE,statewide,GEN,False,OTHER,OTHER,False,TOTAL,1812.0,1695702.0,False,20230920,OTHER
2022,SOUTH CAROLINA,SC,45,57.0,48,US SENATE,statewide,GEN,False,TIM SCOTT,REPUBLICAN,False,TOTAL,1066274.0,1695702.0,False,20230920,REPUBLICAN
2022,SOUTH DAKOTA,SD,46,45.0,37,US SENATE,statewide,GEN,False,BRIAN L BENGS,DEMOCRAT,False,TOTAL,91007.0,348020.0,False,20230920,DEMOCRAT
2022,SOUTH DAKOTA,SD,46,45.0,37,US SENATE,statewide,GEN,False,JOHN R THUNE,REPUBLICAN,False,TOTAL,242316.0,348020.0,False,20230920,REPUBLICAN
2022,SOUTH DAKOTA,SD,46,45.0,37,US SENATE,statewide,GEN,False,TAMARA J LESNAR,LIBERTARIAN,False,TOTAL,14697.0,348020.0,False,20230920,LIBERTARIAN
2022,UTAH,UT,49,87.0,67,US SENATE,statewide,GEN,False,EVAN MCMULLIN,INDEPENDENT,False,TOTAL,459958.0,1076061.0,False,20230920,OTHER
2022,UTAH,UT,49,87.0,67,US SENATE,statewide,GEN,False,JAMES ARTHUR HANSEN,LIBERTARIAN,False,TOTAL,31784.0,1076061.0,False,20230920,LIBERTARIAN
2022,UTAH,UT,49,87.0,67,US SENATE,statewide,GEN,False,MIKE LEE,REPUBLICAN,False,TOTAL,571974.0,1076061.0,False,20230920,REPUBLICAN
2022,UTAH,UT,49,87.0,67,US SENATE,statewide,GEN,False,OTHER,OTHER,False,TOTAL,242.0,1076061.0,False,20230920,OTHER
2022,UTAH,UT,49,87.0,67,US SENATE,statewide,GEN,False,TOMMY WILLIAMS,INDEPENDENT,False,TOTAL,12103.0,1076061.0,False,20230920,OTHER
2022,VERMONT,VT,50,13.0,6,US SENATE,statewide,GEN,False,DAWN MARIE ELLIS,INDEPENDENT,False,TOTAL,2752.0,287386.0,False,20230920,OTHER
2022,VERMONT,VT,50,13.0,6,US SENATE,statewide,GEN,False,GERALD MALLOY,REPUBLICAN,False,TOTAL,80468.0,287386.0,False,20230920,REPUBLICAN
2022,VERMONT,VT,50,13.0,6,US SENATE,statewide,GEN,False,KERRY PATRICK RAHEB,INDEPENDENT,False,TOTAL,1532.0,287386.0,False,20230920,OTHER
2022,VERMONT,VT,50,13.0,6,US SENATE,statewide,GEN,False,MARK COESTER,INDEPENDENT,False,TOTAL,1273.0,287386.0,False,20230920,OTHER
2022,VERMONT,VT,50,13.0,6,US SENATE,statewide,GEN,False,MS. CRIS ERICSON,INDEPENDENT,False,TOTAL,1105.0,287386.0,False,20230920,OTHER
2022,VERMONT,VT,50,13.0,6,US SENATE,statewide,GEN,False,NATASHA DIAMONDSTONE-KOHOUT,GREEN MOUNTAIN PEACE AND JUSTICE PARTY OF VERMONT,False,TOTAL,1574.0,287386.0,False,20230920,OTHER
2022,VERMONT,VT,50,13.0,6,US SENATE,statewide,GEN,False,OTHER,OTHER,False,TOTAL,898.0,287386.0,False,20230920,OTHER
2022,VERMONT,VT,50,13.0,6,US SENATE,statewide,GEN,False,PETER WELCH,DEMOCRAT,False,TOTAL,196575.0,287386.0,False,20230920,DEMOCRAT
2022,VERMONT,VT,50,13.0,6,US SENATE,statewide,GEN,False,STEPHEN DUKE,INDEPENDENT,False,TOTAL,1209.0,287386.0,False,20230920,OTHER
2022,WASHINGTON,WA,53,91.0,73,US SENATE,statewide,GEN,False,OTHER,OTHER,False,TOTAL,6751.0,3047900.0,False,20230920,OTHER
2022,WASHINGTON,WA,53,91.0,73,US SENATE,statewide,GEN,False,PATTY MURRAY,DEMOCRAT,False,TOTAL,1741827.0,3047900.0,False,20230920,DEMOCRAT
2022,WASHINGTON,WA,53,91.0,73,US SENATE,statewide,GEN,False,TIFFANY SMILEY,REPUBLICAN,False,TOTAL,1299322.0,3047900.0,False,20230920,REPUBLICAN
2022,WISCONSIN,WI,55,35.0,25,US SENATE,statewide,GEN,False,MANDELA BARNES,DEMOCRAT,False,TOTAL,1310467.0,2652477.0,False,20230920,DEMOCRAT
2022,WISCONSIN,WI,55,35.0,25,US SENATE,statewide,GEN,False,OTHER,OTHER,False,TOTAL,67.0,2652477.0,False,20230920,OTHER
2022,WISCONSIN,WI,55,35.0,25,US SENATE,statewide,GEN,False,RON JOHNSON,REPUBLICAN,False,TOTAL,1337185.0,2652477.0,False,20230920,REPUBLICAN
2022,WISCONSIN,WI,55,35.0,25,US SENATE,statewide,GEN,False,SCATTERING,SCATTERING,False,TOTAL,4758.0,2652477.0,False,20230920,OTHER
2024,ARIZONA,AZ,4,86.0,61,US SENATE,statewide,GEN,False,EDUARDO QUINTANA,GREEN,False,TOTAL,75868.0,3347964.0,True,11/20/25,OTHER
2024,ARIZONA,AZ,4,86.0,61,US SENATE,statewide,GEN,False,KARI LAKE,REPUBLICAN,False,TOTAL,1595761.0,3347964.0,True,11/20/25,REPUBLICAN
2024,ARIZONA,AZ,4,86.0,61,US SENATE,statewide,GEN,False,RUBEN GALLEGO,DEMOCRAT,False,TOTAL,1676335.0,3347964.0,True,11/20/25,DEMOCRAT
2024,CALIFORNIA,CA,6,93.0,71,US SENATE,statewide,GEN,False,ADAM B. SCHIFF,DEMOCRAT,False,TOTAL,9036252.0,15348846.0,False,11/20/25,DEMOCRAT
2024,CALIFORNIA,CA,6,93.0,71,US SENATE,statewide,GEN,False,STEVE GARVEY,REPUBLICAN,False,TOTAL,6312594.0,15348846.0,False,11/20/25,REPUBLICAN
2024,CALIFORNIA,CA,6,93.0,71,US SENATE,statewide,GEN,True,ADAM B. SCHIFF,DEMOCRAT,False,TOTAL,8837051.0,15041688.0,True,20241212,DEMOCRAT
2024,CALIFORNIA,CA,6,93.0,71,US SENATE,statewide,GEN,True,STEVE GARVEY,REPUBLICAN,False,TOTAL,6204637.0,15041688.0,True,20241212,REPUBLICAN
2024,CONNECTICUT,CT,9,16.0,1,US SENATE,statewide,GEN,False,CHRISTOPHER S. MURPHY,DEMOCRATIC,False,TOTAL,953646.0,1708259.0,False,11/20/25,DEMOCRAT
2024,CONNECTICUT,CT,9,16.0,1,US SENATE,statewide,GEN,False,CHRISTOPHER S. MURPHY,WORKING FAMILIES,False,TOTAL,47049.0,1708259.0,False,11/20/25,OTHER
2024,CONNECTICUT,CT,9,16.0,1,US SENATE,statewide,GEN,False,JUSTIN C. PAGLINO,GREEN,False,TOTAL,14422.0,1708259.0,False,11/20/25,OTHER
2024,CONNECTICUT,CT,9,16.0,1,US SENATE,statewide,GEN,False,MATTHEW M. COREY,REPUBLICAN,False,TOTAL,678256.0,1708259.0,False,11/20/25,REPUBLICAN
2024,CONNECTICUT,CT,9,16.0,1,US SENATE,statewide,GEN,False,OTHER,OTHER,False,TOTAL,7.0,1708259.0,False,11/20/25,OTHER
2024,CONNECTICUT,CT,9,16.0,1,US SENATE,statewide,GEN,False,ROBERT FINLEY HYDE,CHEAPER GAS GROCERIES,False,TOTAL,14879.0,1708259.0,False,11/20/25,OTHER
2024,DELAWARE,DE,10,51.0,11,US SENATE,statewide,GEN,False,ERIC HANSEN,REPUBLICAN,False,TOTAL,197753.0,500606.0,False,11/20/25,REPUBLICAN
2024,DELAWARE,DE,10,51.0,11,US SENATE,statewide,GEN,False,LISA BLUNT ROCHESTER,DEMOCRATIC,False,TOTAL,283298.0,500606.0,False,11/20/25,DEMOCRAT
2024,DELAWARE,DE,10,51.0,11,US SENATE,statewide,GEN,False,"MICHAEL ""DR. MIKE"" KATZ",INDEPENDENT PARTY OF DELAWARE,False,TOTAL,19555.0,500606.0,False,11/20/25,OTHER
2024,FLORIDA,FL,12,59.0,43,US SENATE,statewide,GEN,False,BEN EVERIDGE,NO PARTY AFFILIATION,False,TOTAL,62683.0,10757428.0,False,11/20/25,OTHER
2024,FLORIDA,FL,12,59.0,43,US SENATE,statewide,GEN,False,DEBBIE MUCARSEL-POWELL,DEMOCRAT,False,TOTAL,4603077.0,10757428.0,False,11/20/25,DEMOCRAT
2024,FLORIDA,FL,12,59.0,43,US SENATE,statewide,GEN,False,FEENA BONOAN,LIBERTARIAN PARTY OF FLORIDA,False,TOTAL,57363.0,10757428.0,False,11/20/25,OTHER
2024,FLORIDA,FL,12,59.0,43,US SENATE,statewide,GEN,False,OTHER,OTHER,False,TOTAL,13.0,10757428.0,False,11/20/25,OTHER
2024,FLORIDA,FL,12,59.0,43,US SENATE,statewide,GEN,False,RICK SCOTT,REPUBLICAN,False,TOTAL,5977706.0,10757428.0,False,11/20/25,REPUBLICAN
2024,FLORIDA,FL,12,59.0,43,US SENATE,statewide,GEN,False,TUAN NGUYEN,NO PARTY AFFILIATION,False,TOTAL,56586.0,10757428.0,False,11/20/25,OTHER
2024,HAWAII,HI,15,95.0,82,US SENATE,statewide,GEN,False,BOB MCDERMOTT,REPUBLICAN,False,TOTAL,160075.0,501763.0,False,11/20/25,REPUBLICAN
2024,HAWAII,HI,15,95.0,82,US SENATE,statewide,GEN,False,EMMA JANE AVILA POHLMAN,GREEN,False,TOTAL,8270.0,501763.0,False,11/20/25,OTHER
2024,HAWAII,HI,15,95.0,82,US SENATE,statewide,GEN,False,MAZIE K. HIRONO,DEMOCRAT,False,TOTAL,324194.0,501763.0,False,11/20/25,DEMOCRAT
2024,HAWAII,HI,15,95.0,82,US SENATE,statewide,GEN,False,SHELBY PIKACHU BILLIONAIRE,WE THE PEOPLE,False,TOTAL,9224.0,501763.0,False,11/20/25,OTHER
2024,INDIANA,IN,18,32.0,22,US SENATE,statewide,GEN,False,ANDREW HORNING,LIBERTARIAN,False,TOTAL,73233.0,2829897.0,False,11/20/25,LIBERTARIAN
2024,INDIANA,IN,18,32.0,22,US SENATE,statewide,GEN,False,JIM BANKS,REPUBLICAN,False,TOTAL,1659416.0,2829897.0,False,11/20/25,REPUBLICAN
2024,INDIANA,IN,18,32.0,22,US SENATE,statewide,GEN,False,OTHER,OTHER,False,TOTAL,187.0,2829897.0,False,11/20/25,OTHER
2024,INDIANA,IN,18,32.0,22,US SENATE,statewide,GEN,False,VALERIE MCCRAY,DEMOCRATIC,False,TOTAL,1097061.0,2829897.0,False,11/20/25,DEMOCRAT
2024,MAINE,ME,23,11.0,2,US SENATE,statewide,GEN,False,ANGUS S. KING JR.,INDEPENDENT,False,TOTAL,427570.0,842447.0,False,11/20/25,OTHER
2024,MAINE,ME,23,11.0,2,US SENATE,statewide,GEN,False,DAVID ALLEN COSTELLO,DEMOCRATIC,False,TOTAL,88875.0,842447.0,False,11/20/25,DEMOCRAT
2024,MAINE,ME,23,11.0,2,US SENATE,statewide,GEN,False,DEMI KOUZOUNAS,REPUBLICAN,False,TOTAL,284434.0,842447.0,False,11/20/25,REPUBLICAN
2024,MAINE,ME,23,11.0,2,US SENATE,statewide,GEN,False,JASON S. CHERRY,INDEPENDENT,False,TOTAL,20193.0,842447.0,False,11/20/25,OTHER
2024,MAINE,ME,23,11.0,2,US SENATE,statewide,GEN,False,UNDERVOTES,,False,TOTAL,21375.0,842447.0,False,11/20/25,OTHER
2024,MARYLAND,MD,24,52.0,52,US SENATE,statewide,GEN,False,ANGELA ALSOBROOKS,DEMOCRATIC,False,TOTAL,1650912.0,3021378.0,False,11/20/25,DEMOCRAT
2024,MARYLAND,MD,24,52.0,52,US SENATE,statewide,GEN,False,LARRY HOGAN,REPUBLICAN,False,TOTAL,1294344.0,3021378.0,False,11/20/25,REPUBLICAN
2024,MARYLAND,MD,24,52.0,52,US SENATE,statewide,GEN,False,MIKE SCOTT,LIBERTARIAN,False,TOTAL,69396.0,3021378.0,False,11/20/25,LIBERTARIAN
2024,MARYLAND,MD,24,52.0,52,US SENATE,statewide,GEN,False,OTHER,OTHER,False,TOTAL,6726.0,3021378.0,False,11/20/25,OTHER
2024,MASSACHUSETTS,MA,25,14.0,3,US SENATE,statewide,GEN,False,ELIZABETH ANN WARREN,DEMOCRATIC,False,TOTAL,2041668.0,3512930.0,False,11/20/25,DEMOCRAT
2024,MASSACHUSETTS,MA,25,14.0,3,US SENATE,statewide,GEN,False,JOHN DEATON,REPUBLICAN,False,TOTAL,1365440.0,3512930.0,False,11/20/25,REPUBLICAN
2024,MASSACHUSETTS,MA,25,14.0,3,US SENATE,statewide,GEN,False,OTHER,OTHER,False,TOTAL,6221.0,3512930.0,False,11/20/25,OTHER
2024,MASSACHUSETTS,MA,25,14.0,3,US SENATE,statewide,GEN,False,UNDERVOTES,,False,TOTAL,99601.0,3512930.0,False,11/20/25,OTHER
2024,MICHIGAN,MI,26,34.0,23,US SENATE,statewide,GEN,False,DAVE STEIN,U.S. TAXPAYERS,False,TOTAL,41363.0,5577187.0,False,11/20/25,OTHER
2024,MICHIGAN,MI,26,34.0,23,US SENATE,statewide,GEN,False,DOUG DERN,NATURAL LAW,False,TOTAL,18779.0,5577187.0,False,11/20/25,OTHER
2024,MICHIGAN,MI,26,34.0,23,US SENATE,statewide,GEN,False,DOUGLAS P. MARSH,GREEN,False,TOTAL,53978.0,5577187.0,False,11/20/25,OTHER
2024,MICHIGAN,MI,26,34.0,23,US SENATE,statewide,GEN,False,ELISSA SLOTKIN,DEMOCRATIC,False,TOTAL,2712686.0,5577187.0,False,11/20/25,DEMOCRAT
2024,MICHIGAN,MI,26,34.0,23,US SENATE,statewide,GEN,False,JOSEPH SOLIS-MULLEN,LIBERTARIAN,False,TOTAL,56697.0,5577187.0,False,11/20/25,LIBERTARIAN
2024,MICHIGAN,MI,26,34.0,23,US SENATE,statewide,GEN,False,MIKE ROGERS,REPUBLICAN,False,TOTAL,2693680.0,5577187.0,False,11/20/25,REPUBLICAN
2024,MICHIGAN,MI,26,34.0,23,US SENATE,statewide,GEN,False,OTHER,OTHER,False,TOTAL,4.0,5577187.0,False,11/20/25,OTHER
2024,MINNESOTA,MN,27,41.0,33,US SENATE,statewide,GEN,False,AMY KLOBUCHAR,DEMOCRATIC-FARMER-LABOR,False,TOTAL,1792441.0,3189323.0,False,11/20/25,DEMOCRAT
2024,MINNESOTA,MN,27,41.0,33,US SENATE,statewide,GEN,False,JOYCE LYNNE LACEY,INDEPENDENCE-ALLIANCE,False,TOTAL,46377.0,3189323.0,False,11/20/25,OTHER
2024,MINNESOTA,MN,27,41.0,33,US SENATE,statewide,GEN,False,OTHER,OTHER,False,TOTAL,3578.0,3189323.0,False,11/20/25,OTHER
2024,MINNESOTA,MN,27,41.0,33,US SENATE,statewide,GEN,False,REBECCA WHITING,LIBERTARIAN,False,TOTAL,55215.0,3189323.0,False,11/20/25,LIBERTARIAN
2024,MINNESOTA,MN,27,41.0,33,US SENATE,statewide,GEN,False,ROYCE WHITE,REPUBLICAN,False,TOTAL,1291712.0,3189323.0,False,11/20/25,REPUBLICAN
2024,MISSISSIPPI,MS,28,64.0,46,US SENATE,statewide,GEN,False,ROGER F. WICKER,,False,TOTAL,763420.0,1215401.0,False,11/20/25,REPUBLICAN
2024,MISSISSIPPI,MS,28,64.0,46,US SENATE,statewide,GEN,False,TY PINKINS,,False,TOTAL,451981.0,1215401.0,False,11/20/25,DEMOCRAT
2024,MISSOURI,MO,29,43.0,34,US SENATE,statewide,GEN,False,JARED YOUNG,BETTER,False,TOTAL,21111.0,2972559.0,False,11/20/25,OTHER
2024,MISSOURI,MO,29,43.0,34,US SENATE,statewide,GEN,False,JOSH HAWLEY,REPUBLICAN,False,TOTAL,1651907.0,2972559.0,False,11/20/25,REPUBLICAN
2024,MISSOURI,MO,29,43.0,34,US SENATE,statewide,GEN,False,LUCAS KUNCE,DEMOCRATIC,False,TOTAL,1243728.0,2972559.0,False,11/20/25,DEMOCRAT
2024,MISSOURI,MO,29,43.0,34,US SENATE,statewide,GEN,False,NATHAN KLINE,GREEN,False,TOTAL,20123.0,2972559.0,False,11/20/25,OTHER
2024,MISSOURI,MO,29,43.0,34,US SENATE,statewide,GEN,False,OTHER,OTHER,False,TOTAL,19.0,2972559.0,False,11/20/25,OTHER
2024,MISSOURI,MO,29,43.0,34,US SENATE,statewide,GEN,False,W. C. YOUNG,LIBERTARIAN,False,TOTAL,35671.0,2972559.0,False,11/20/25,LIBERTARIAN
2024,MONTANA,MT,30,81.0,64,US SENATE,statewide,GEN,False,JON TESTER,DEMOCRAT,False,TOTAL,276305.0,607262.0,False,11/20/25,DEMOCRAT
2024,MONTANA,MT,30,81.0,64,US SENATE,statewide,GEN,False,ROBERT BARB,GREEN,False,TOTAL,4003.0,607262.0,False,11/20/25,OTHER
2024,MONTANA,MT,30,81.0,64,US SENATE,statewide,GEN,False,SID DAOUD,LIBERTARIAN,False,TOTAL,7272.0,607262.0,False,11/20/25,LIBERTARIAN
2024,MONTANA,MT,30,81.0,64,US SENATE,statewide,GEN,False,TIM SHEEHY,REPUBLICAN,False,TOTAL,319682.0,607262.0,False,11/20/25,REPUBLICAN
2024,NEBRASKA,NE,31,46.0,35,US SENATE,statewide,GEN,False,DAN OSBORN,BY PETITION,False,TOTAL,436493.0,938336.0,False,11/20/25,OTHER
2024,NEBRASKA,NE,31,46.0,35,US SENATE,statewide,GEN,False,DEB FISCHER,REPUBLICAN,False,TOTAL,499124.0,938336.0,False,11/20/25,REPUBLICAN
2024,NEBRASKA,NE,31,46.0,35,US SENATE,statewide,GEN,False,OTHER,OTHER,False,TOTAL,2719.0,938336.0,False,11/20/25,OTHER
2024,NEBRASKA,NE,31,46.0,35,US SENATE,statewide,GEN,True,PETE RICKETTS,REPUBLICAN,False,TOTAL,585103.0,935005.0,True,20241212,REPUBLICAN
2024,NEBRASKA,NE,31,46.0,35,US SENATE,statewide,GEN,True,PRESTON LOVE JR.,DEMOCRAT,False,TOTAL,349902.0,935005.0,True,20241212,DEMOCRAT
2024,NEVADA,NV,32,88.0,65,US SENATE,statewide,GEN,False,CHRIS CUNNINGHAM,,False,TOTAL,20881.0,1464728.0,False,11/20/25,LIBERTARIAN
2024,NEVADA,NV,32,88.0,65,US SENATE,statewide,GEN,False,JACKY S. ROSEN,,False,TOTAL,701105.0,1464728.0,False,11/20/25,DEMOCRAT
2024,NEVADA,NV,32,88.0,65,US SENATE,statewide,GEN,False,JANINE HANSEN,,False,TOTAL,21316.0,1464728.0,False,11/20/25,OTHER
2024,NEVADA,NV,32,88.0,65,US SENATE,statewide,GEN,False,NONE OF THESE CANDIDATES,,False,TOTAL,44380.0,1464728.0,False,11/20/25,OTHER
2024,NEVADA,NV,32,88.0,65,US SENATE,statewide,GEN,False,SAM BROWN,,False,TOTAL,677046.0,1464728.0,False,11/20/25,REPUBLICAN
2024,NEW JERSEY,NJ,34,22.0,12,US SENATE,statewide,GEN,False,ANDY KIM,DEMOCRATIC,False,TOTAL,2161491.0,4031795.0,False,11/20/25,DEMOCRAT
2024,NEW JERSEY,NJ,34,22.0,12,US SENATE,statewide,GEN,False,CHRISTINA KHALIL,GREEN,False,TOTAL,45443.0,4031795.0,False,11/20/25,OTHER
2024,NEW JERSEY,NJ,34,22.0,12,US SENATE,statewide,GEN,False,CURTIS BASHAW,REPUBLICAN,False,TOTAL,1773589.0,4031795.0,False,11/20/25,REPUBLICAN
2024,NEW JERSEY,NJ,34,22.0,12,US SENATE,statewide,GEN,False,JOANNE KUNIANSKY,SOCIALIST WORKERS PARTY,False,TOTAL,9806.0,4031795.0,False,11/20/25,OTHER
2024,NEW JERSEY,NJ,34,22.0,12,US SENATE,statewide,GEN,False,KENNETH R. KAPLAN,LIBERTARIAN,False,TOTAL,24242.0,4031795.0,False,11/20/25,LIBERTARIAN
2024,NEW JERSEY,NJ,34,22.0,12,US SENATE,statewide,GEN,False,PATRICIA G. MOONEYHAM,VOTE BETTER,False,TOTAL,17224.0,4031795.0,False,11/20/25,OTHER
2024,NEW MEXICO,NM,35,85.0,66,US SENATE,statewide,GEN,False,MARTIN HEINRICH,DEMOCRATIC,False,TOTAL,497333.0,903311.0,False,11/20/25,DEMOCRAT
2024,NEW MEXICO,NM,35,85.0,66,US SENATE,statewide,GEN,False,NELLA LOUISE DOMENICI,REPUBLICAN,False,TOTAL,405978.0,903311.0,False,11/20/25,REPUBLICAN
2024,NEW YORK,NY,36,21.0,13,US SENATE,statewide,GEN,False,DIANE SARE,LAROUCHE,False,TOTAL,39421.0,8381397.0,False,11/20/25,OTHER
2024,NEW YORK,NY,36,21.0,13,US SENATE,statewide,GEN,False,KIRSTEN E. GILLIBRAND,DEMOCRATIC/WORKING FAMILIES,False,TOTAL,4711669.0,8381397.0,False,11/20/25,DEMOCRAT
2024,NEW YORK,NY,36,21.0,13,US SENATE,statewide,GEN,False,MICHAEL D. SAPRAICONE,REPUBLICAN/CONSERVATIVE,False,TOTAL,3246690.0,8381397.0,False,11/20/25,REPUBLICAN
2024,NEW YORK,NY,36,21.0,13,US SENATE,statewide,GEN,False,OTHER,OTHER,False,TOTAL,13490.0,8381397.0,False,11/20/25,OTHER
2024,NEW YORK,NY,36,21.0,13,US SENATE,statewide,GEN,False,UNDERVOTES,,False,TOTAL,365232.0,8381397.0,False,11/20/25,OTHER
2024,NEW YORK,NY,36,21.0,13,US SENATE,statewide,GEN,False,VOID,,False,TOTAL,4895.0,8381397.0,False,11/20/25,OTHER
2024,NORTH DAKOTA,ND,38,44.0,36,US SENATE,statewide,GEN,False,KATRINA CHRISTIANSEN,DEMOCRATIC-NPL,False,TOTAL,121602.0,364327.0,False,11/20/25,DEMOCRAT
2024,NORTH DAKOTA,ND,38,44.0,36,US SENATE,statewide,GEN,False,KEVIN CRAMER,REPUBLICAN,False,TOTAL,241569.0,364327.0,False,11/20/25,REPUBLICAN
2024,NORTH DAKOTA,ND,38,44.0,36,US SENATE,statewide,GEN,False,OTHER,OTHER,False,TOTAL,1156.0,364327.0,False,11/20/25,OTHER
2024,OHIO,OH,39,31.0,24,US SENATE,statewide,GEN,False,BERNIE MORENO,REPUBLICAN,False,TOTAL,2857383.0,5704620.0,False,11/20/25,REPUBLICAN
2024,OHIO,OH,39,31.0,24,US SENATE,statewide,GEN,False,DON KISSICK,LIBERTARIAN,False,TOTAL,195648.0,5704620.0,False,11/20/25,LIBERTARIAN
2024,OHIO,OH,39,31.0,24,US SENATE,statewide,GEN,False,OTHER,OTHER,False,TOTAL,640.0,5704620.0,False,11/20/25,OTHER
2024,OHIO,OH,39,31.0,24,US SENATE,statewide,GEN,False,SHERROD BROWN,DEMOCRATIC,False,TOTAL,2650949.0,5704620.0,False,11/20/25,DEMOCRAT
2024,PENNSYLVANIA,PA,42,23.0,14,US SENATE,statewide,GEN,False,DAVE MCCORMICK,REPUBLICAN,False,TOTAL,3399295.0,6963137.0,False,11/20/25,REPUBLICAN
2024,PENNSYLVANIA,PA,42,23.0,14,US SENATE,statewide,GEN,False,JOHN C THOMAS,LIBERTARIAN,False,TOTAL,89653.0,6963137.0,False,11/20/25,LIBERTARIAN
2024,PENNSYLVANIA,PA,42,23.0,14,US SENATE,statewide,GEN,False,LEILA HAZOU,GREEN,False,TOTAL,66388.0,6963137.0,False,11/20/25,OTHER
2024,PENNSYLVANIA,PA,42,23.0,14,US SENATE,statewide,GEN,False,MARTY SELKER,CONSTITUTION,False,TOTAL,23621.0,6963137.0,False,11/20/25,OTHER
2024,PENNSYLVANIA,PA,42,23.0,14,US SENATE,statewide,GEN,False,ROBERT P CASEY JR,DEMOCRATIC,False,TOTAL,3384180.0,6963137.0,False,11/20/25,DEMOCRAT
2024,RHODE ISLAND,RI,44,15.0,5,US SENATE,statewide,GEN,False,OTHER,OTHER,False,TOTAL,1244.0,491948.0,False,11/20/25,OTHER
2024,RHODE ISLAND,RI,44,15.0,5,US SENATE,statewide,GEN,False,PATRICIA MORGAN,REPUBLICAN,False,TOTAL,196039.0,491948.0,False,11/20/25,REPUBLICAN
2024,RHODE ISLAND,RI,44,15.0,5,US SENATE,statewide,GEN,False,SHELDON WHITEHOUSE,DEMOCRATIC,False,TOTAL,294665.0,491948.0,False,11/20/25,DEMOCRAT
2024,TENNESSEE,TN,47,62.0,54,US SENATE,statewide,GEN,False,GLORIA JOHNSON,DEMOCRATIC,False,TOTAL,1027461.0,3007608.0,False,11/20/25,DEMOCRAT
2024,TENNESSEE,TN,47,62.0,54,US SENATE,statewide,GEN,False,HASTINA ROBINSON,INDEPENDENT,False,TOTAL,8278.0,3007608.0,False,11/20/25,OTHER
2024,TENNESSEE,TN,47,62.0,54,US SENATE,statewide,GEN,False,MARSHA BLACKBURN,REPUBLICAN,False,TOTAL,1918743.0,3007608.0,False,11/20/25,REPUBLICAN
2024,TENNESSEE,TN,47,62.0,54,US SENATE,statewide,GEN,False,"PAMELA JEANINE ""P."" MOSES",INDEPENDENT,False,TOTAL,24682.0,3007608.0,False,11/20/25,OTHER
2024,TENNESSEE,TN,47,62.0,54,US SENATE,statewide,GEN,False,THARON CHANDLER,INDEPENDENT,False,TOTAL,28444.0,3007608.0,False,11/20/25,OTHER
2024,TEXAS,TX,48,74.0,49,US SENATE,statewide,GEN,False,COLIN ALLRED,DEMOCRATIC,False,TOTAL,5031249.0,11291854.0,False,11/20/25,DEMOCRAT
2024,TEXAS,TX,48,74.0,49,US SENATE,statewide,GEN,False,OTHER,OTHER,False,TOTAL,2825.0,11291854.0,False,11/20/25,OTHER
2024,TEXAS,TX,48,74.0,49,US SENATE,statewide,GEN,False,TED BROWN,LIBERTARIAN,False,TOTAL,267039.0,11291854.0,False,11/20/25,LIBERTARIAN
2024,TEXAS,TX,48,74.0,49,US SENATE,statewide,GEN,False,TED CRUZ,REPUBLICAN,False,TOTAL,5990741.0,11291854.0,False,11/20/25,REPUBLICAN
2024,UTAH,UT,49,87.0,67,US SENATE,statewide,GEN,False,CARLTON E. BOWEN,INDEPENDENT AMERICAN,False,TOTAL,83972.0,1463509.0,False,11/20/25,OTHER
2024,UTAH,UT,49,87.0,67,US SENATE,statewide,GEN,False,CAROLINE GLEICH,DEMOCRATIC,False,TOTAL,464515.0,1463509.0,False,11/20/25,DEMOCRAT
2024,UTAH,UT,49,87.0,67,US SENATE,statewide,GEN,False,JOHN CURTIS,REPUBLICAN,False,TOTAL,914700.0,1463509.0,False,11/20/25,REPUBLICAN
2024,UTAH,UT,49,87.0,67,US SENATE,statewide,GEN,False,OTHER,OTHER,False,TOTAL,322.0,1463509.0,False,11/20/25,OTHER
2024,VERMONT,VT,50,13.0,6,US SENATE,statewide,GEN,False,BERNIE SANDERS,INDEPENDENT,False,TOTAL,229429.0,372885.0,False,11/20/25,OTHER
2024,VERMONT,VT,50,13.0,6,US SENATE,statewide,GEN,False,GERALD MALLOY,REPUBLICAN,False,TOTAL,116512.0,372885.0,False,11/20/25,REPUBLICAN
2024,VERMONT,VT,50,13.0,6,US SENATE,statewide,GEN,False,JUSTIN SCHOVILLE,PEACE AND JUSTICE,False,TOTAL,3339.0,372885.0,False,11/20/25,OTHER
2024,VERMONT,VT,50,13.0,6,US SENATE,statewide,GEN,False,MARK STEWART GREENSTEIN,EPIC,False,TOTAL,1104.0,372885.0,False,11/20/25,OTHER
2024,VERMONT,VT,50,13.0,6,US SENATE,statewide,GEN,False,MATT HILL,LIBERTARIAN,False,TOTAL,4530.0,372885.0,False,11/20/25,LIBERTARIAN
2024,VERMONT,VT,50,13.0,6,US SENATE,statewide,GEN,False,OTHER,OTHER,False,TOTAL,398.0,372885.0,False,11/20/25,OTHER
2024,VERMONT,VT,50,13.0,6,US SENATE,statewide,GEN,False,SPOILED,,False,TOTAL,296.0,372885.0,False,11/20/25,OTHER
2024,VERMONT,VT,50,13.0,6,US SENATE,statewide,GEN,False,STEVE BERRY,INDEPENDENT,False,TOTAL,7941.0,372885.0,False,11/20/25,OTHER
2024,VERMONT,VT,50,13.0,6,US SENATE,statewide,GEN,False,UNDERVOTES,,False,TOTAL,9336.0,372885.0,False,11/20/25,OTHER
2024,VIRGINIA,VA,51,54.0,40,US SENATE,statewide,GEN,False,HUNG CAO,REPUBLICAN,False,TOTAL,2019911.0,4445535.0,False,11/20/25,REPUBLICAN
2024,VIRGINIA,VA,51,54.0,40,US SENATE,statewide,GEN,False,OTHER,OTHER,False,TOTAL,8509.0,4445535.0,False,11/20/25,OTHER
2024,VIRGINIA,VA,51,54.0,40,US SENATE,statewide,GEN,False,TIMOTHY M. KAINE,DEMOCRATIC,False,TOTAL,2417115.0,4445535.0,False,11/20/25,DEMOCRAT
2024,WASHINGTON,WA,53,91.0,73,US SENATE,statewide,GEN,False,DR RAUL GARCIA,GOP,False,TOTAL,1549187.0,3812391.0,True,11/20/25,REPUBLICAN
2024,WASHINGTON,WA,53,91.0,73,US SENATE,statewide,GEN,False,MARIA CANTWELL,DEMOCRATIC,False,TOTAL,2252577.0,3812391.0,True,11/20/25,DEMOCRAT
2024,WASHINGTON,WA,53,91.0,73,US SENATE,statewide,GEN,False,OTHER,OTHER,False,TOTAL,10627.0,3812391.0,True,11/20/25,OTHER
2024,WEST VIRGINIA,WV,54,55.0,56,US SENATE,statewide,GEN,False,DAVID MORAN,LIBERTARIAN,False,TOTAL,26075.0,747717.0,False,11/20/25,LIBERTARIAN
2024,WEST VIRGINIA,WV,54,55.0,56,US SENATE,statewide,GEN,False,GLENN ELLIOTT,DEMOCRATIC,False,TOTAL,207548.0,747717.0,False,11/20/25,DEMOCRAT
2024,WEST VIRGINIA,WV,54,55.0,56,US SENATE,statewide,GEN,False,JIM JUSTICE,REPUBLICAN,False,TOTAL,514079.0,747717.0,False,11/20/25,REPUBLICAN
2024,WEST VIRGINIA,WV,54,55.0,56,US SENATE,statewide,GEN,False,OTHER,OTHER,False,TOTAL,15.0,747717.0,False,11/20/25,OTHER
2024,WISCONSIN,WI,55,35.0,25,US SENATE,statewide,GEN,False,ERIC HOVDE,REPUBLICAN,False,TOTAL,1643996.0,3390787.0,False,11/20/25,REPUBLICAN
2024,WISCONSIN,WI,55,35.0,25,US SENATE,statewide,GEN,False,OTHER,OTHER,False,TOTAL,2948.0,3390787.0,False,11/20/25,OTHER
2024,WISCONSIN,WI,55,35.0,25,US SENATE,statewide,GEN,False,PHIL ANDERSON,INDEPENDENT,False,TOTAL,42315.0,3390787.0,False,11/20/25,OTHER
2024,WISCONSIN,WI,55,35.0,25,US SENATE,statewide,GEN,False,TAMMY BALDWIN,DEMOCRATIC,False,TOTAL,1672777.0,3390787.0,False,11/20/25,DEMOCRAT
2024,WISCONSIN,WI,55,35.0,25,US SENATE,statewide,GEN,False,THOMAS LEAGER,INDEPENDENT,False,TOTAL,28751.0,3390787.0,False,11/20/25,OTHER
2024,WYOMING,WY,56,83.0,68,US SENATE,statewide,GEN,False,JOHN BARRASSO,REPUBLICAN,False,TOTAL,198418.0,271123.0,False,11/20/25,REPUBLICAN
2024,WYOMING,WY,56,83.0,68,US SENATE,statewide,GEN,False,OTHER,OTHER,False,TOTAL,2017.0,271123.0,False,11/20/25,OTHER
2024,WYOMING,WY,56,83.0,68,US SENATE,statewide,GEN,False,OVERVOTES,,False,TOTAL,101.0,271123.0,False,11/20/25,OTHER
2024,WYOMING,WY,56,83.0,68,US SENATE,statewide,GEN,False,SCOTT D MORROW,DEMOCRATIC,False,TOTAL,63727.0,271123.0,False,11/20/25,DEMOCRAT
2024,WYOMING,WY,56,83.0,68,US SENATE,statewide,GEN,False,UNDERVOTES,,False,TOTAL,6860.0,271123.0,False,11/20/25,OTHER
